{
"type": "FeatureCollection",
"name": "roads_risk",
"crs": { "type": "name", "properties": { "name": "urn:ogc:def:crs:OGC:1.3:CRS84" } },
"features": [
{ "type": "Feature", "properties": { "osm_id": "way/80370253", "name": "Las Violetas", "source": "OpenStreetMap/Overpass", "highway": "residential", "surface": "unpaved", "feature_type": "road", "nearest_transect_id": "T37", "erosion_rate_m_per_year": 0.416, "distance_to_shoreline_m": 450.8, "years_to_impact": 1083.2, "risk_level": "bajo", "risk_explanation": "Impacto estimado después de 30 años", "horizon_years": 30, "exposed_length_m": 0.0, "exposed_area_m2": null }, "geometry": { "type": "LineString", "coordinates": [ [ -71.630080521619192, -33.642921618939091 ], [ -71.6300943, -33.6429266 ], [ -71.6301804, -33.6429657 ], [ -71.6302619, -33.643011 ], [ -71.6303449, -33.643064599999988 ], [ -71.6304212, -33.6431248 ], [ -71.6304899, -33.643191 ], [ -71.6305504, -33.6432625 ], [ -71.6306011, -33.6433369 ], [ -71.6306428, -33.6434151 ], [ -71.6306753, -33.6434962 ], [ -71.630698200000012, -33.6435796 ], [ -71.6307113, -33.6436645 ], [ -71.6307534, -33.6438929 ], [ -71.6307542, -33.645147099999988 ], [ -71.6308079, -33.6454508 ], [ -71.6308056, -33.6456538 ], [ -71.6307931, -33.6458565 ], [ -71.6307705, -33.6460586 ], [ -71.6307418, -33.6462381 ], [ -71.630705, -33.6464165 ], [ -71.6306684, -33.6469066 ], [ -71.6304219, -33.649017699999987 ], [ -71.6303922, -33.6492718 ], [ -71.630344669357243, -33.64968294679224 ] ] } },
{ "type": "Feature", "properties": { "osm_id": "way/744722461", "name": null, "source": "OpenStreetMap/Overpass", "highway": "footway", "surface": null, "feature_type": "road", "nearest_transect_id": "T37", "erosion_rate_m_per_year": 0.416, "distance_to_shoreline_m": 662.4, "years_to_impact": 1591.4, "risk_level": "bajo", "risk_explanation": "Impacto estimado después de 30 años", "horizon_years": 30, "exposed_length_m": 0.0, "exposed_area_m2": null }, "geometry": { "type": "LineString", "coordinates": [ [ -71.6308112, -33.6495574 ], [ -71.6310347, -33.6496217 ] ] } },
{ "type": "Feature", "properties": { "osm_id": "way/1348087599", "name": "Los Pensamientos", "source": "OpenStreetMap/Overpass", "highway": "residential", "surface": "unpaved", "feature_type": "road", "nearest_transect_id": "T37", "erosion_rate_m_per_year": 0.416, "distance_to_shoreline_m": 653.7, "years_to_impact": 1570.6, "risk_level": "bajo", "risk_explanation": "Impacto estimado después de 30 años", "horizon_years": 30, "exposed_length_m": 0.0, "exposed_area_m2": null }, "geometry": { "type": "LineString", "coordinates": [ [ -71.630265838581707, -33.649013379362721 ], [ -71.6304219, -33.649017699999987 ] ] } },
{ "type": "Feature", "properties": { "osm_id": "way/80378125", "name": "Los Pensamientos", "source": "OpenStreetMap/Overpass", "highway": "residential", "surface": "unpaved", "feature_type": "road", "nearest_transect_id": "T37", "erosion_rate_m_per_year": 0.416, "distance_to_shoreline_m": 667.3, "years_to_impact": 1603.3, "risk_level": "bajo", "risk_explanation": "Impacto estimado después de 30 años", "horizon_years": 30, "exposed_length_m": 0.0, "exposed_area_m2": null }, "geometry": { "type": "LineString", "coordinates": [ [ -71.630267169155786, -33.64905711814621 ], [ -71.6303922, -33.6492718 ], [ -71.6304697, -33.6493443 ], [ -71.6305544, -33.649411 ], [ -71.6306354, -33.6494652 ], [ -71.6307212, -33.6495141 ], [ -71.6308112, -33.6495574 ] ] } },
{ "type": "Feature", "properties": { "osm_id": "way/80378128", "name": "Los Jacintos", "source": "OpenStreetMap/Overpass", "highway": "residential", "surface": "dirt", "feature_type": "road", "nearest_transect_id": "T37", "erosion_rate_m_per_year": 0.416, "distance_to_shoreline_m": 452.3, "years_to_impact": 1086.6, "risk_level": "bajo", "risk_explanation": "Impacto estimado después de 30 años", "horizon_years": 30, "exposed_length_m": 0.0, "exposed_area_m2": null }, "geometry": { "type": "LineString", "coordinates": [ [ -71.6311208, -33.646580899999989 ], [ -71.6308043, -33.6464112 ], [ -71.630705, -33.6464165 ], [ -71.6306469, -33.6464511 ], [ -71.6304002, -33.6466744 ], [ -71.6303143, -33.6467292 ], [ -71.6302248, -33.6467798 ], [ -71.630198294205741, -33.646793052897138 ] ] } },
{ "type": "Feature", "properties": { "osm_id": "way/80370252", "name": "Avenida Griselda", "source": "OpenStreetMap/Overpass", "highway": "tertiary", "surface": "paved", "feature_type": "road", "nearest_transect_id": "T34", "erosion_rate_m_per_year": 1.065, "distance_to_shoreline_m": 345.4, "years_to_impact": 324.4, "risk_level": "bajo", "risk_explanation": "Impacto estimado después de 30 años", "horizon_years": 30, "exposed_length_m": 0.0, "exposed_area_m2": null }, "geometry": { "type": "LineString", "coordinates": [ [ -71.631886, -33.6436094 ], [ -71.631737, -33.6437441 ], [ -71.6316178, -33.6438362 ], [ -71.6314709, -33.6438788 ], [ -71.6307534, -33.6438929 ], [ -71.6301978, -33.6439018 ], [ -71.630110394295954, -33.643903596992274 ] ] } },
{ "type": "Feature", "properties": { "osm_id": "way/80370254", "name": "Las Petunias", "source": "OpenStreetMap/Overpass", "highway": "living_street", "surface": "unpaved", "feature_type": "road", "nearest_transect_id": "T33", "erosion_rate_m_per_year": 1.281, "distance_to_shoreline_m": 503.0, "years_to_impact": 392.6, "risk_level": "bajo", "risk_explanation": "Impacto estimado después de 30 años", "horizon_years": 30, "exposed_length_m": 0.0, "exposed_area_m2": null }, "geometry": { "type": "LineString", "coordinates": [ [ -71.630095559639571, -33.643415950467649 ], [ -71.6301269, -33.6434588 ], [ -71.6301545, -33.6435106 ], [ -71.6301737, -33.6435651 ], [ -71.6301841, -33.6436211 ], [ -71.6301856, -33.643677799999985 ], [ -71.6301978, -33.6439018 ] ] } },
{ "type": "Feature", "properties": { "osm_id": "way/80378132", "name": "Las Bugambilias", "source": "OpenStreetMap/Overpass", "highway": "living_street", "surface": "unpaved", "feature_type": "road", "nearest_transect_id": "T30", "erosion_rate_m_per_year": 1.865, "distance_to_shoreline_m": 454.8, "years_to_impact": 243.9, "risk_level": "bajo", "risk_explanation": "Impacto estimado después de 30 años", "horizon_years": 30, "exposed_length_m": 0.0, "exposed_area_m2": null }, "geometry": { "type": "LineString", "coordinates": [ [ -71.6302619, -33.643011 ], [ -71.6303658, -33.6425727 ], [ -71.6303815, -33.6425309 ], [ -71.6304054, -33.6424918 ], [ -71.6304369, -33.6424566 ], [ -71.6304685, -33.642431 ], [ -71.63050410000001, -33.6424093 ], [ -71.630543, -33.6423921 ], [ -71.6305844, -33.6423796 ] ] } },
{ "type": "Feature", "properties": { "osm_id": "way/532646510", "name": null, "source": "OpenStreetMap/Overpass", "highway": "footway", "surface": "ground", "feature_type": "road", "nearest_transect_id": "T37", "erosion_rate_m_per_year": 0.416, "distance_to_shoreline_m": 369.1, "years_to_impact": 886.7, "risk_level": "bajo", "risk_explanation": "Impacto estimado después de 30 años", "horizon_years": 30, "exposed_length_m": 0.0, "exposed_area_m2": null }, "geometry": { "type": "LineString", "coordinates": [ [ -71.6316795, -33.6448003 ], [ -71.6315369, -33.64547910000001 ], [ -71.6314525, -33.6458342 ], [ -71.6312724, -33.646707099999986 ], [ -71.6311101, -33.6478402 ], [ -71.6310004, -33.6484848 ], [ -71.6309961, -33.6487116 ], [ -71.6310281, -33.649560499999986 ], [ -71.6310347, -33.6496217 ], [ -71.631039720084786, -33.649668118231482 ] ] } },
{ "type": "Feature", "properties": { "osm_id": "way/456469018", "name": null, "source": "OpenStreetMap/Overpass", "highway": "steps", "surface": null, "feature_type": "road", "nearest_transect_id": "T37", "erosion_rate_m_per_year": 0.416, "distance_to_shoreline_m": 444.8, "years_to_impact": 1068.6, "risk_level": "bajo", "risk_explanation": "Impacto estimado después de 30 años", "horizon_years": 30, "exposed_length_m": 0.0, "exposed_area_m2": null }, "geometry": { "type": "LineString", "coordinates": [ [ -71.6311208, -33.646580899999989 ], [ -71.6312724, -33.646707099999986 ] ] } },
{ "type": "Feature", "properties": { "osm_id": "way/456469014", "name": null, "source": "OpenStreetMap/Overpass", "highway": "path", "surface": "ground", "feature_type": "road", "nearest_transect_id": "T37", "erosion_rate_m_per_year": 0.416, "distance_to_shoreline_m": 93.1, "years_to_impact": 223.8, "risk_level": "bajo", "risk_explanation": "Impacto estimado después de 30 años", "horizon_years": 30, "exposed_length_m": 0.0, "exposed_area_m2": null }, "geometry": { "type": "LineString", "coordinates": [ [ -71.6346687, -33.6446197 ], [ -71.6343931, -33.6446026 ], [ -71.6340712, -33.6447365 ], [ -71.6335992, -33.644849399999984 ], [ -71.6328355, -33.6448241 ], [ -71.6326765, -33.6448035 ], [ -71.632596, -33.6449375 ], [ -71.6323922, -33.644933 ], [ -71.6322688, -33.645026799999989 ], [ -71.6320757, -33.6451608 ], [ -71.6320167, -33.64546450000001 ], [ -71.6319147, -33.6455627 ], [ -71.6316841, -33.6456208 ], [ -71.6315607, -33.6457681 ], [ -71.6314525, -33.6458342 ] ] } },
{ "type": "Feature", "properties": { "osm_id": "way/744722459", "name": null, "source": "OpenStreetMap/Overpass", "highway": "path", "surface": "ground", "feature_type": "road", "nearest_transect_id": "T37", "erosion_rate_m_per_year": 0.416, "distance_to_shoreline_m": 262.0, "years_to_impact": 629.4, "risk_level": "bajo", "risk_explanation": "Impacto estimado después de 30 años", "horizon_years": 30, "exposed_length_m": 0.0, "exposed_area_m2": null }, "geometry": { "type": "LineString", "coordinates": [ [ -71.6328355, -33.6448241 ], [ -71.6328415, -33.6446862 ] ] } },
{ "type": "Feature", "properties": { "osm_id": "way/744722463", "name": "Avenida del Litoral", "source": "OpenStreetMap/Overpass", "highway": "residential", "surface": "paved", "feature_type": "road", "nearest_transect_id": "T35", "erosion_rate_m_per_year": 0.849, "distance_to_shoreline_m": 345.4, "years_to_impact": 407.1, "risk_level": "bajo", "risk_explanation": "Impacto estimado después de 30 años", "horizon_years": 30, "exposed_length_m": 0.0, "exposed_area_m2": null }, "geometry": { "type": "LineString", "coordinates": [ [ -71.631886, -33.6436094 ], [ -71.6317398, -33.6441918 ], [ -71.6316795, -33.6448003 ] ] } },
{ "type": "Feature", "properties": { "osm_id": "way/142487033", "name": "Avenida Griselda", "source": "OpenStreetMap/Overpass", "highway": "residential", "surface": "unpaved", "feature_type": "road", "nearest_transect_id": "T34", "erosion_rate_m_per_year": 1.065, "distance_to_shoreline_m": 362.4, "years_to_impact": 340.3, "risk_level": "bajo", "risk_explanation": "Impacto estimado después de 30 años", "horizon_years": 30, "exposed_length_m": 0.0, "exposed_area_m2": null }, "geometry": { "type": "LineString", "coordinates": [ [ -71.6314709, -33.6438788 ], [ -71.6315292, -33.6438975 ], [ -71.631583, -33.6439241 ], [ -71.6316307, -33.6439577 ], [ -71.631671, -33.6439975 ], [ -71.6317025, -33.644041799999982 ], [ -71.6317249, -33.6440899 ], [ -71.6317374, -33.644140299999989 ], [ -71.6317398, -33.6441918 ] ] } },
{ "type": "Feature", "properties": { "osm_id": "way/80365919", "name": "Saturno", "source": "OpenStreetMap/Overpass", "highway": "residential", "surface": "asphalt", "feature_type": "road", "nearest_transect_id": "T31", "erosion_rate_m_per_year": 1.714, "distance_to_shoreline_m": 258.5, "years_to_impact": 150.9, "risk_level": "bajo", "risk_explanation": "Impacto estimado después de 30 años", "horizon_years": 30, "exposed_length_m": 0.0, "exposed_area_m2": null }, "geometry": { "type": "LineString", "coordinates": [ [ -71.6313793, -33.6411636 ], [ -71.631377, -33.641281 ], [ -71.6313748, -33.6413285 ], [ -71.6313812, -33.6413757 ], [ -71.6313958, -33.6414216 ], [ -71.6314219, -33.6414707 ], [ -71.6314575, -33.6415154 ], [ -71.6316962, -33.6417432 ], [ -71.6319859, -33.6420737 ], [ -71.6320681, -33.6421533 ], [ -71.6321433, -33.6422376 ], [ -71.632211200000015, -33.642326 ], [ -71.6322597, -33.6423989 ], [ -71.6323033, -33.642474 ], [ -71.6323417, -33.642551 ], [ -71.632372, -33.6426514 ], [ -71.6324049, -33.6427513 ], [ -71.6324799, -33.6429532 ], [ -71.6325653, -33.6431522 ], [ -71.6326535, -33.6433335 ], [ -71.6327503, -33.6435117 ], [ -71.6327812, -33.6436071 ], [ -71.6328067, -33.6437037 ], [ -71.6328264, -33.6437999 ], [ -71.6328407, -33.6438967 ], [ -71.6328496, -33.643994 ], [ -71.6328415, -33.6444853 ], [ -71.6328415, -33.6446862 ] ] } },
{ "type": "Feature", "properties": { "osm_id": "way/744721328", "name": null, "source": "OpenStreetMap/Overpass", "highway": "footway", "surface": null, "feature_type": "road", "nearest_transect_id": "T31", "erosion_rate_m_per_year": 1.714, "distance_to_shoreline_m": 289.8, "years_to_impact": 169.1, "risk_level": "bajo", "risk_explanation": "Impacto estimado después de 30 años", "horizon_years": 30, "exposed_length_m": 0.0, "exposed_area_m2": null }, "geometry": { "type": "LineString", "coordinates": [ [ -71.6324049, -33.6427513 ], [ -71.6323437, -33.6427498 ], [ -71.632282, -33.6427321 ], [ -71.6321968, -33.6426842 ], [ -71.6321244, -33.6426789 ], [ -71.6320691, -33.6427073 ], [ -71.632018, -33.6427711 ], [ -71.6319264, -33.6429146 ], [ -71.631837, -33.6430015 ] ] } },
{ "type": "Feature", "properties": { "osm_id": "way/327763740", "name": "Sirenas Sur", "source": "OpenStreetMap/Overpass", "highway": "tertiary", "surface": "paved", "feature_type": "road", "nearest_transect_id": "T26", "erosion_rate_m_per_year": 2.03, "distance_to_shoreline_m": 228.2, "years_to_impact": 112.4, "risk_level": "bajo", "risk_explanation": "Impacto estimado después de 30 años", "horizon_years": 30, "exposed_length_m": 0.0, "exposed_area_m2": null }, "geometry": { "type": "LineString", "coordinates": [ [ -71.6329462, -33.6407152 ], [ -71.6328397, -33.6408658 ], [ -71.6327503, -33.6410023 ], [ -71.6326354, -33.6411069 ], [ -71.6325531, -33.64115850000001 ], [ -71.6324651, -33.6412031 ], [ -71.6323723, -33.6412404 ], [ -71.6322756, -33.6412699 ], [ -71.632175, -33.6412916 ], [ -71.6320723, -33.6413049 ], [ -71.6319685, -33.6413097 ], [ -71.6318647, -33.641306 ], [ -71.6317618, -33.6412938 ], [ -71.6316608, -33.6412733 ], [ -71.6315628, -33.6412445 ], [ -71.6314686, -33.6412078 ], [ -71.6313793, -33.6411636 ], [ -71.631293, -33.6411267 ], [ -71.6312104, -33.6410844 ], [ -71.6311318, -33.6410369 ], [ -71.6310579, -33.6409846 ], [ -71.6309926, -33.640931 ], [ -71.6309322, -33.6408736 ], [ -71.6308769, -33.6408127 ], [ -71.6306363, -33.6405716 ], [ -71.630589, -33.6405291 ], [ -71.6305371, -33.6404906 ], [ -71.6304809, -33.6404564 ], [ -71.6304161, -33.6404248 ], [ -71.6303477, -33.6403989 ] ] } },
{ "type": "Feature", "properties": { "osm_id": "way/327763728", "name": null, "source": "OpenStreetMap/Overpass", "highway": "footway", "surface": null, "feature_type": "road", "nearest_transect_id": "T25", "erosion_rate_m_per_year": 1.841, "distance_to_shoreline_m": 199.2, "years_to_impact": 108.2, "risk_level": "bajo", "risk_explanation": "Impacto estimado después de 30 años", "horizon_years": 30, "exposed_length_m": 0.0, "exposed_area_m2": null }, "geometry": { "type": "LineString", "coordinates": [ [ -71.633251, -33.640366 ], [ -71.6330571, -33.640534 ], [ -71.6329462, -33.6407152 ] ] } },
{ "type": "Feature", "properties": { "osm_id": "way/80370259", "name": "Avenida del Litoral", "source": "OpenStreetMap/Overpass", "highway": "tertiary", "surface": "paved", "feature_type": "road", "nearest_transect_id": "T29", "erosion_rate_m_per_year": 1.973, "distance_to_shoreline_m": 334.8, "years_to_impact": 169.7, "risk_level": "bajo", "risk_explanation": "Impacto estimado después de 30 años", "horizon_years": 30, "exposed_length_m": 0.0, "exposed_area_m2": null }, "geometry": { "type": "LineString", "coordinates": [ [ -71.630029522532496, -33.641245171118193 ], [ -71.6300403, -33.6412611 ], [ -71.6301531, -33.641390399999985 ], [ -71.6303417, -33.6415556 ], [ -71.6308298, -33.6418672 ], [ -71.6309323, -33.641931 ], [ -71.6310277, -33.6420012 ], [ -71.631116, -33.6420775 ], [ -71.6311965, -33.6421596 ], [ -71.6312689, -33.6422468 ], [ -71.6313325, -33.6423386 ], [ -71.6316646, -33.6427622 ], [ -71.631837, -33.6430015 ], [ -71.6319562, -33.6431911 ], [ -71.6319671, -33.6432569 ], [ -71.63197, -33.6433233 ], [ -71.6319648, -33.6433896 ], [ -71.6319489, -33.6434653 ], [ -71.6319225, -33.6435389 ], [ -71.631886, -33.6436094 ] ] } },
{ "type": "Feature", "properties": { "osm_id": "way/80370261", "name": "Avenida Florida", "source": "OpenStreetMap/Overpass", "highway": "residential", "surface": "unpaved", "feature_type": "road", "nearest_transect_id": "T27", "erosion_rate_m_per_year": 2.189, "distance_to_shoreline_m": 374.0, "years_to_impact": 170.8, "risk_level": "bajo", "risk_explanation": "Impacto estimado después de 30 años", "horizon_years": 30, "exposed_length_m": 0.0, "exposed_area_m2": null }, "geometry": { "type": "LineString", "coordinates": [ [ -71.6313958, -33.6414216 ], [ -71.6313423, -33.6414473 ], [ -71.6313044, -33.6414616 ], [ -71.6312644, -33.6414708 ], [ -71.631211800000017, -33.6414749 ], [ -71.6311593, -33.64147040000001 ], [ -71.6311088, -33.641457399999986 ], [ -71.6309828, -33.641435 ], [ -71.6309126, -33.6414226 ], [ -71.6308412, -33.641416899999989 ], [ -71.6307695, -33.6414181 ], [ -71.6306984, -33.6414261 ], [ -71.6306364, -33.6414388 ], [ -71.6305763, -33.6414568 ], [ -71.6305187, -33.6414797 ], [ -71.6303417, -33.6415556 ], [ -71.630043413799982, -33.641701806454087 ] ] } },
{ "type": "Feature", "properties": { "osm_id": "way/80370260", "name": "Las Orquídeas", "source": "OpenStreetMap/Overpass", "highway": "residential", "surface": "paved", "feature_type": "road", "nearest_transect_id": "T27", "erosion_rate_m_per_year": 2.189, "distance_to_shoreline_m": 499.0, "years_to_impact": 228.0, "risk_level": "bajo", "risk_explanation": "Impacto estimado después de 30 años", "horizon_years": 30, "exposed_length_m": 0.0, "exposed_area_m2": null }, "geometry": { "type": "LineString", "coordinates": [ [ -71.630030170456166, -33.641266469739143 ], [ -71.6300403, -33.6412611 ] ] } },
{ "type": "Feature", "properties": { "osm_id": "way/327763738", "name": "Sirenas", "source": "OpenStreetMap/Overpass", "highway": "tertiary", "surface": "asphalt", "feature_type": "road", "nearest_transect_id": "T25", "erosion_rate_m_per_year": 1.841, "distance_to_shoreline_m": 468.6, "years_to_impact": 254.6, "risk_level": "bajo", "risk_explanation": "Impacto estimado después de 30 años", "horizon_years": 30, "exposed_length_m": 0.0, "exposed_area_m2": null }, "geometry": { "type": "LineString", "coordinates": [ [ -71.6303477, -33.6403989 ], [ -71.6300588, -33.6404808 ], [ -71.63000665701334, -33.640493533152721 ] ] } },
{ "type": "Feature", "properties": { "osm_id": "way/1158334412", "name": "Avenida del Golf", "source": "OpenStreetMap/Overpass", "highway": "tertiary", "surface": "asphalt", "feature_type": "road", "nearest_transect_id": "T21", "erosion_rate_m_per_year": 1.084, "distance_to_shoreline_m": 458.5, "years_to_impact": 423.0, "risk_level": "bajo", "risk_explanation": "Impacto estimado después de 30 años", "horizon_years": 30, "exposed_length_m": 0.0, "exposed_area_m2": null }, "geometry": { "type": "LineString", "coordinates": [ [ -71.630430200000021, -33.6392087 ], [ -71.6301303, -33.639248 ], [ -71.629969586650191, -33.639274951928222 ] ] } },
{ "type": "Feature", "properties": { "osm_id": "way/22705232", "name": "Avenida del Litoral", "source": "OpenStreetMap/Overpass", "highway": "tertiary", "surface": "concrete", "feature_type": "road", "nearest_transect_id": "T22", "erosion_rate_m_per_year": 1.273, "distance_to_shoreline_m": 458.5, "years_to_impact": 360.2, "risk_level": "bajo", "risk_explanation": "Impacto estimado después de 30 años", "horizon_years": 30, "exposed_length_m": 0.0, "exposed_area_m2": null }, "geometry": { "type": "LineString", "coordinates": [ [ -71.629984374993143, -33.639761076031959 ], [ -71.6299873, -33.6397587 ], [ -71.6300621, -33.6397095 ], [ -71.6302317, -33.6396118 ], [ -71.6302728, -33.6395846 ], [ -71.6303092, -33.639553099999986 ], [ -71.6303404, -33.639518 ], [ -71.6303685, -33.6394748 ], [ -71.63038880000002, -33.6394287 ], [ -71.6304007, -33.6393807 ], [ -71.6304157, -33.6392934 ], [ -71.630430200000021, -33.6392087 ] ] } },
{ "type": "Feature", "properties": { "osm_id": "way/80365912", "name": "Vesta", "source": "OpenStreetMap/Overpass", "highway": "residential", "surface": "paved", "feature_type": "road", "nearest_transect_id": "T25", "erosion_rate_m_per_year": 1.841, "distance_to_shoreline_m": 372.9, "years_to_impact": 202.6, "risk_level": "bajo", "risk_explanation": "Impacto estimado después de 30 años", "horizon_years": 30, "exposed_length_m": 0.0, "exposed_area_m2": null }, "geometry": { "type": "LineString", "coordinates": [ [ -71.6313605, -33.6396063 ], [ -71.6313793, -33.6411636 ] ] } },
{ "type": "Feature", "properties": { "osm_id": "way/80365909", "name": "Cibeles", "source": "OpenStreetMap/Overpass", "highway": "residential", "surface": "paved", "feature_type": "road", "nearest_transect_id": "T25", "erosion_rate_m_per_year": 1.841, "distance_to_shoreline_m": 291.3, "years_to_impact": 158.3, "risk_level": "bajo", "risk_explanation": "Impacto estimado después de 30 años", "horizon_years": 30, "exposed_length_m": 0.0, "exposed_area_m2": null }, "geometry": { "type": "LineString", "coordinates": [ [ -71.6322373, -33.6394869 ], [ -71.6322174, -33.6395238 ], [ -71.6321679, -33.6396675 ], [ -71.6321599, -33.6409165 ], [ -71.6321743, -33.6410038 ], [ -71.6321971, -33.6410898 ], [ -71.6322316, -33.6411813 ], [ -71.6322756, -33.6412699 ] ] } },
{ "type": "Feature", "properties": { "osm_id": "way/80382532", "name": "Sirenas Norte/Sur", "source": "OpenStreetMap/Overpass", "highway": "residential", "surface": "unpaved", "feature_type": "road", "nearest_transect_id": "T25", "erosion_rate_m_per_year": 1.841, "distance_to_shoreline_m": 228.2, "years_to_impact": 124.0, "risk_level": "bajo", "risk_explanation": "Impacto estimado después de 30 años", "horizon_years": 30, "exposed_length_m": 0.0, "exposed_area_m2": null }, "geometry": { "type": "LineString", "coordinates": [ [ -71.6329462, -33.6407152 ], [ -71.632927, -33.6400045 ] ] } },
{ "type": "Feature", "properties": { "osm_id": "way/327763739", "name": null, "source": "OpenStreetMap/Overpass", "highway": "footway", "surface": null, "feature_type": "road", "nearest_transect_id": "T24", "erosion_rate_m_per_year": 1.651, "distance_to_shoreline_m": 200.3, "years_to_impact": 121.3, "risk_level": "bajo", "risk_explanation": "Impacto estimado después de 30 años", "horizon_years": 30, "exposed_length_m": 0.0, "exposed_area_m2": null }, "geometry": { "type": "LineString", "coordinates": [ [ -71.6332364, -33.6402768 ], [ -71.6330419, -33.6401283 ], [ -71.632927, -33.6400045 ] ] } },
{ "type": "Feature", "properties": { "osm_id": "way/80382530", "name": "Sirenas Norte", "source": "OpenStreetMap/Overpass", "highway": "tertiary", "surface": "paved", "feature_type": "road", "nearest_transect_id": "T23", "erosion_rate_m_per_year": 1.462, "distance_to_shoreline_m": 150.9, "years_to_impact": 103.2, "risk_level": "bajo", "risk_explanation": "Impacto estimado después de 30 años", "horizon_years": 30, "exposed_length_m": 0.0, "exposed_area_m2": null }, "geometry": { "type": "LineString", "coordinates": [ [ -71.6303477, -33.6403989 ], [ -71.6311132, -33.6397386 ], [ -71.6312024, -33.639686699999984 ], [ -71.6312947, -33.6396388 ], [ -71.6313605, -33.6396063 ], [ -71.631513600000019, -33.6395461 ], [ -71.6316407, -33.6395041 ], [ -71.631771, -33.6394692 ], [ -71.6318643, -33.6394587 ], [ -71.6319583, -33.6394552 ], [ -71.6320523, -33.6394588 ], [ -71.6321456, -33.6394694 ], [ -71.6322373, -33.6394869 ], [ -71.6323388, -33.6395151 ], [ -71.6324363, -33.6395518 ], [ -71.6325288, -33.6395966 ], [ -71.6326154, -33.639649 ], [ -71.632695, -33.6397085 ], [ -71.632927, -33.6400045 ], [ -71.6330398, -33.640087799999989 ], [ -71.6331319, -33.6401144 ], [ -71.6332266, -33.640134 ], [ -71.633323, -33.6401463 ], [ -71.633396, -33.6401507 ], [ -71.6334692, -33.6401511 ], [ -71.6335845, -33.6401493 ], [ -71.6336636, -33.640148 ], [ -71.6337658, -33.6401498 ] ] } },
{ "type": "Feature", "properties": { "osm_id": "way/203398543", "name": null, "source": "OpenStreetMap/Overpass", "highway": "footway", "surface": null, "feature_type": "road", "nearest_transect_id": "T21", "erosion_rate_m_per_year": 1.084, "distance_to_shoreline_m": 372.9, "years_to_impact": 344.1, "risk_level": "bajo", "risk_explanation": "Impacto estimado después de 30 años", "horizon_years": 30, "exposed_length_m": 0.0, "exposed_area_m2": null }, "geometry": { "type": "LineString", "coordinates": [ [ -71.6308221, -33.6389305 ], [ -71.6309106, -33.6392909 ], [ -71.631152, -33.63928640000001 ], [ -71.6313605, -33.6396063 ] ] } },
{ "type": "Feature", "properties": { "osm_id": "way/80365879", "name": "Oceano", "source": "OpenStreetMap/Overpass", "highway": "residential", "surface": "unpaved", "feature_type": "road", "nearest_transect_id": "T20", "erosion_rate_m_per_year": 0.895, "distance_to_shoreline_m": 213.8, "years_to_impact": 239.0, "risk_level": "bajo", "risk_explanation": "Impacto estimado después de 30 años", "horizon_years": 30, "exposed_length_m": 0.0, "exposed_area_m2": null }, "geometry": { "type": "LineString", "coordinates": [ [ -71.631771, -33.6394692 ], [ -71.6317497, -33.6392528 ], [ -71.6317395, -33.6392089 ], [ -71.6317347, -33.6391643 ], [ -71.6317353, -33.6391195 ], [ -71.6317431, -33.6390671 ], [ -71.6317583, -33.6390159 ], [ -71.6317808, -33.6389665 ], [ -71.6319058, -33.6387885 ], [ -71.6321474, -33.6385304 ], [ -71.6323412, -33.6382421 ], [ -71.6323801, -33.63819620000001 ], [ -71.6324258, -33.6381549 ], [ -71.6324776, -33.6381188 ], [ -71.6325344, -33.63808860000001 ], [ -71.6325955, -33.638064699999987 ], [ -71.6326597, -33.6380475 ], [ -71.6327333, -33.6380367 ], [ -71.6328079, -33.6380347 ], [ -71.6330516, -33.6380698 ] ] } },
{ "type": "Feature", "properties": { "osm_id": "way/80370257", "name": "Las Brisas", "source": "OpenStreetMap/Overpass", "highway": "residential", "surface": "concrete", "feature_type": "road", "nearest_transect_id": "T17", "erosion_rate_m_per_year": 0.395, "distance_to_shoreline_m": 329.5, "years_to_impact": 834.9, "risk_level": "bajo", "risk_explanation": "Impacto estimado después de 30 años", "horizon_years": 30, "exposed_length_m": 0.0, "exposed_area_m2": null }, "geometry": { "type": "LineString", "coordinates": [ [ -71.6304517, -33.6377728 ], [ -71.630479600000015, -33.6377998 ], [ -71.6305107, -33.6378242 ], [ -71.6305581, -33.6378529 ], [ -71.6306099, -33.6378756 ], [ -71.6306715, -33.6378928 ], [ -71.6307351, -33.637904 ], [ -71.6307998, -33.637909 ], [ -71.6308648, -33.6379077 ], [ -71.6309291, -33.6379001 ], [ -71.630992, -33.6378864 ], [ -71.6310525, -33.6378666 ], [ -71.6311276, -33.6378398 ], [ -71.631318, -33.6377907 ], [ -71.6313725, -33.6377797 ], [ -71.6314285, -33.637776700000011 ], [ -71.6314843, -33.6377818 ], [ -71.6315212, -33.6377898 ], [ -71.6315566, -33.6378014 ], [ -71.6316265, -33.6378264 ], [ -71.6316887, -33.6378542 ], [ -71.6317478, -33.6378864 ], [ -71.6318035, -33.6379225 ] ] } },
{ "type": "Feature", "properties": { "osm_id": "way/532644176", "name": "Avenida del Litoral", "source": "OpenStreetMap/Overpass", "highway": "tertiary", "surface": "paved", "feature_type": "road", "nearest_transect_id": "T17", "erosion_rate_m_per_year": 0.395, "distance_to_shoreline_m": 232.7, "years_to_impact": 589.8, "risk_level": "bajo", "risk_explanation": "Impacto estimado después de 30 años", "horizon_years": 30, "exposed_length_m": 0.0, "exposed_area_m2": null }, "geometry": { "type": "LineString", "coordinates": [ [ -71.630430200000021, -33.6392087 ], [ -71.6304926, -33.6391846 ], [ -71.6305522, -33.6391562 ], [ -71.6306087, -33.6391236 ], [ -71.6306691, -33.6390814 ], [ -71.6307243, -33.6390345 ], [ -71.6307736, -33.6389833 ], [ -71.6308221, -33.6389305 ], [ -71.6314159, -33.6383267 ], [ -71.6317624, -33.6379663 ], [ -71.6318035, -33.6379225 ], [ -71.6322737, -33.637434399999982 ], [ -71.6323359, -33.6373512 ], [ -71.6323931, -33.6372655 ], [ -71.6324483, -33.6371718 ], [ -71.6324976, -33.6370758 ], [ -71.6325407, -33.6369778 ], [ -71.6325776, -33.6368781 ], [ -71.6328283, -33.6363288 ], [ -71.6328451, -33.636292 ], [ -71.6328836, -33.6362077 ] ] } },
{ "type": "Feature", "properties": { "osm_id": "way/1112276524", "name": null, "source": "OpenStreetMap/Overpass", "highway": "footway", "surface": null, "feature_type": "road", "nearest_transect_id": "T14", "erosion_rate_m_per_year": -0.189, "distance_to_shoreline_m": 227.8, "years_to_impact": null, "risk_level": "bajo", "risk_explanation": "Sin avance erosivo positivo medido", "horizon_years": 30, "exposed_length_m": 0.0, "exposed_area_m2": null }, "geometry": { "type": "LineString", "coordinates": [ [ -71.632934, -33.6363683 ], [ -71.6328283, -33.6363288 ] ] } },
{ "type": "Feature", "properties": { "osm_id": "way/1370081850", "name": null, "source": "OpenStreetMap/Overpass", "highway": "footway", "surface": "gravel", "feature_type": "road", "nearest_transect_id": "T17", "erosion_rate_m_per_year": 0.395, "distance_to_shoreline_m": 454.7, "years_to_impact": 1152.4, "risk_level": "bajo", "risk_explanation": "Impacto estimado después de 30 años", "horizon_years": 30, "exposed_length_m": 0.0, "exposed_area_m2": null }, "geometry": { "type": "LineString", "coordinates": [ [ -71.62990943517957, -33.637297645894236 ], [ -71.6304517, -33.6377728 ] ] } },
{ "type": "Feature", "properties": { "osm_id": "way/80370268", "name": "Del Pinar", "source": "OpenStreetMap/Overpass", "highway": "residential", "surface": "concrete", "feature_type": "road", "nearest_transect_id": "T06", "erosion_rate_m_per_year": -1.259, "distance_to_shoreline_m": 512.1, "years_to_impact": null, "risk_level": "bajo", "risk_explanation": "Sin avance erosivo positivo medido", "horizon_years": 30, "exposed_length_m": 0.0, "exposed_area_m2": null }, "geometry": { "type": "LineString", "coordinates": [ [ -71.6299282, -33.633899 ], [ -71.629843, -33.6338589 ], [ -71.629804271648183, -33.63384069824167 ] ] } },
{ "type": "Feature", "properties": { "osm_id": "way/80370264", "name": "Los Aromos", "source": "OpenStreetMap/Overpass", "highway": "residential", "surface": "compacted", "feature_type": "road", "nearest_transect_id": "T12", "erosion_rate_m_per_year": -0.611, "distance_to_shoreline_m": 342.2, "years_to_impact": null, "risk_level": "bajo", "risk_explanation": "Sin avance erosivo positivo medido", "horizon_years": 30, "exposed_length_m": 0.0, "exposed_area_m2": null }, "geometry": { "type": "LineString", "coordinates": [ [ -71.6317093, -33.6357472 ], [ -71.6312622, -33.6358145 ], [ -71.6308961, -33.6358393 ], [ -71.6306576, -33.6358393 ], [ -71.6304064, -33.6358181 ], [ -71.629863110241971, -33.635774847238203 ] ] } },
{ "type": "Feature", "properties": { "osm_id": "way/80370267", "name": "Bellavista", "source": "OpenStreetMap/Overpass", "highway": "residential", "surface": "concrete", "feature_type": "road", "nearest_transect_id": "T03", "erosion_rate_m_per_year": -1.584, "distance_to_shoreline_m": 462.6, "years_to_impact": null, "risk_level": "bajo", "risk_explanation": "Sin avance erosivo positivo medido", "horizon_years": 30, "exposed_length_m": 0.0, "exposed_area_m2": null }, "geometry": { "type": "LineString", "coordinates": [ [ -71.629764657375048, -33.63253849331678 ], [ -71.6298583, -33.6325561 ], [ -71.6301059, -33.6326262 ], [ -71.6303649, -33.6327157 ], [ -71.6304046, -33.6327317 ], [ -71.6304829, -33.6327646 ] ] } },
{ "type": "Feature", "properties": { "osm_id": "way/80370263", "name": "Los Papayos", "source": "OpenStreetMap/Overpass", "highway": "residential", "surface": "compacted", "feature_type": "road", "nearest_transect_id": "T10", "erosion_rate_m_per_year": -0.827, "distance_to_shoreline_m": 505.4, "years_to_impact": null, "risk_level": "bajo", "risk_explanation": "Sin avance erosivo positivo medido", "horizon_years": 30, "exposed_length_m": 0.0, "exposed_area_m2": null }, "geometry": { "type": "LineString", "coordinates": [ [ -71.629824776466691, -33.634514734985174 ], [ -71.629826, -33.6345155 ], [ -71.6298701, -33.6345522 ], [ -71.6299078, -33.6345942 ], [ -71.629938, -33.6346402 ], [ -71.62996, -33.6346893 ], [ -71.6299733, -33.6347405 ], [ -71.6299777, -33.6347928 ], [ -71.6299731, -33.6348451 ], [ -71.629846955684798, -33.635243812783877 ] ] } },
{ "type": "Feature", "properties": { "osm_id": "way/80388942", "name": "Marbella", "source": "OpenStreetMap/Overpass", "highway": "residential", "surface": "concrete", "feature_type": "road", "nearest_transect_id": "T09", "erosion_rate_m_per_year": -0.935, "distance_to_shoreline_m": 250.3, "years_to_impact": null, "risk_level": "bajo", "risk_explanation": "Sin avance erosivo positivo medido", "horizon_years": 30, "exposed_length_m": 0.0, "exposed_area_m2": null }, "geometry": { "type": "LineString", "coordinates": [ [ -71.629935458465098, -33.638153086317701 ], [ -71.6300181, -33.638102299999986 ], [ -71.6301057, -33.638043 ], [ -71.6304517, -33.6377728 ], [ -71.6310707, -33.6372092 ], [ -71.6311326, -33.637134 ], [ -71.6311899, -33.6370563 ], [ -71.6312424, -33.6369763 ], [ -71.6313073, -33.6368614 ], [ -71.6313622, -33.6367429 ], [ -71.631407, -33.6366215 ], [ -71.6314414, -33.6364978 ], [ -71.6315688, -33.6361176 ], [ -71.6316313, -33.6359513 ], [ -71.6316701, -33.63584920000001 ], [ -71.6317093, -33.6357472 ], [ -71.6318856, -33.6354364 ], [ -71.6319185, -33.635358 ], [ -71.6319434, -33.6352776 ], [ -71.6319602, -33.6351958 ], [ -71.6319684, -33.635118 ], [ -71.6319692, -33.63503990000001 ], [ -71.6319626, -33.634962 ], [ -71.6318945, -33.6345614 ], [ -71.6318939, -33.6344497 ], [ -71.6319021, -33.6343381 ], [ -71.6319191, -33.6342273 ], [ -71.6319449, -33.6341177 ], [ -71.6319793, -33.6340097 ], [ -71.6320086, -33.6339482 ], [ -71.6320669, -33.633812599999985 ], [ -71.6321179, -33.6337237 ], [ -71.632175, -33.6336375 ], [ -71.6324156, -33.6333439 ], [ -71.6326311, -33.6329846 ], [ -71.632679, -33.632886800000016 ], [ -71.6327182, -33.6327863 ], [ -71.632748500000019, -33.6326837 ], [ -71.6327697, -33.632579599999985 ], [ -71.6327817, -33.6324744 ], [ -71.6327846, -33.6323688 ], [ -71.6327781, -33.6322633 ], [ -71.6327625, -33.6321585 ], [ -71.6327377, -33.6320549 ], [ -71.6327184, -33.6319723 ], [ -71.6326904, -33.6318914 ], [ -71.6326541, -33.6318129 ], [ -71.6326096, -33.6317373 ], [ -71.632562, -33.6316711 ], [ -71.6325082, -33.631608300000011 ], [ -71.6324425, -33.6315439 ], [ -71.6323703, -33.6314845 ], [ -71.632292, -33.63143070000001 ], [ -71.6322084, -33.6313828 ], [ -71.6321008, -33.6313324 ], [ -71.6319909, -33.631285800000015 ], [ -71.631852, -33.63123370000001 ], [ -71.631710100000021, -33.6311876 ], [ -71.6315655, -33.6311477 ] ] } },
{ "type": "Feature", "properties": { "osm_id": "way/203398544", "name": "Los Cipreses", "source": "OpenStreetMap/Overpass", "highway": "residential", "surface": "unpaved", "feature_type": "road", "nearest_transect_id": "T09", "erosion_rate_m_per_year": -0.935, "distance_to_shoreline_m": 406.1, "years_to_impact": null, "risk_level": "bajo", "risk_explanation": "Sin avance erosivo positivo medido", "horizon_years": 30, "exposed_length_m": 0.0, "exposed_area_m2": null }, "geometry": { "type": "LineString", "coordinates": [ [ -71.62989000908803, -33.636659069187274 ], [ -71.6301582, -33.6362675 ], [ -71.6304064, -33.6358181 ], [ -71.630524200000011, -33.6355719 ], [ -71.6306565, -33.635224499999985 ], [ -71.630735200000018, -33.634920299999983 ], [ -71.6307865, -33.634584900000014 ], [ -71.6308647, -33.6341202 ], [ -71.6309287, -33.633917 ], [ -71.6310151, -33.633608099999989 ], [ -71.6310392, -33.6335388 ], [ -71.6310536, -33.6334677 ], [ -71.631058, -33.6333956 ], [ -71.6310524, -33.6333236 ], [ -71.6310367, -33.6332527 ], [ -71.6310114, -33.633183699999989 ], [ -71.6309766, -33.6331176 ], [ -71.6309329, -33.6330553 ], [ -71.6308767, -33.6329936 ], [ -71.6308117, -33.6329381 ], [ -71.6307389, -33.6328899 ], [ -71.6306635, -33.632842799999985 ], [ -71.6305679, -33.632799 ], [ -71.6304829, -33.6327646 ] ] } },
{ "type": "Feature", "properties": { "osm_id": "way/142407426", "name": "Avenida del Litoral", "source": "OpenStreetMap/Overpass", "highway": "tertiary", "surface": "asphalt", "feature_type": "road", "nearest_transect_id": "T01", "erosion_rate_m_per_year": -1.8, "distance_to_shoreline_m": 145.0, "years_to_impact": null, "risk_level": "bajo", "risk_explanation": "Sin avance erosivo positivo medido", "horizon_years": 30, "exposed_length_m": 0.0, "exposed_area_m2": null }, "geometry": { "type": "LineString", "coordinates": [ [ -71.629713070917319, -33.63084273736812 ], [ -71.6299131, -33.6307346 ], [ -71.629996, -33.6306964 ], [ -71.630074, -33.6306516 ], [ -71.6301463, -33.6306005 ], [ -71.6302121, -33.630543699999983 ], [ -71.6302708, -33.6304818 ], [ -71.6303009, -33.6304444 ], [ -71.6303284, -33.630405699999983 ], [ -71.630367, -33.6303409 ], [ -71.6303983, -33.6302734 ], [ -71.6304222, -33.6302039 ], [ -71.6305026, -33.62988 ], [ -71.630531, -33.6298196 ], [ -71.6305671, -33.6297621 ], [ -71.6306104, -33.6297082 ], [ -71.6306604, -33.6296585 ], [ -71.6307114, -33.6296158 ], [ -71.6307679, -33.629578 ], [ -71.6308291, -33.6295458 ], [ -71.6308942, -33.6295195 ], [ -71.6309732, -33.6294969 ], [ -71.6310551, -33.629482899999985 ], [ -71.6311384, -33.6294779 ], [ -71.6312218, -33.6294819 ], [ -71.6314736, -33.6295325 ], [ -71.6316628, -33.6296057 ], [ -71.6318842, -33.6296971 ], [ -71.6322741, -33.6298464 ], [ -71.6323447, -33.6298764 ], [ -71.6325117, -33.6299427 ], [ -71.6326747, -33.6300157 ], [ -71.6327992, -33.6300774 ], [ -71.6329209, -33.6301429 ], [ -71.6330395, -33.6302122 ], [ -71.6331317, -33.630284399999987 ], [ -71.6332197, -33.6303599 ], [ -71.6333036, -33.6304388 ], [ -71.633383, -33.6305208 ], [ -71.6334579, -33.6306057 ], [ -71.633528, -33.6306934 ], [ -71.633593200000021, -33.6307836 ], [ -71.6336534, -33.6308763 ], [ -71.6337084, -33.630971099999982 ], [ -71.6337666, -33.6310857 ], [ -71.633817400000012, -33.6312028 ], [ -71.6338413, -33.6312618 ], [ -71.6338541, -33.6313023 ], [ -71.6338604, -33.631322 ], [ -71.6338755, -33.6313873 ], [ -71.6338849, -33.631453399999984 ], [ -71.6339063, -33.6327965 ], [ -71.6338972, -33.6328879 ], [ -71.633883, -33.6329789 ], [ -71.6338637, -33.6330692 ], [ -71.6338267, -33.6331985 ], [ -71.6337792, -33.633325399999983 ], [ -71.6337215, -33.6334494 ], [ -71.6336538, -33.6335697 ], [ -71.6335764, -33.633686 ], [ -71.6333268, -33.6339613 ], [ -71.6332793, -33.634034899999989 ], [ -71.6332401, -33.6341118 ], [ -71.6332096, -33.6341913 ], [ -71.633188100000012, -33.6342728 ], [ -71.633176, -33.6343516 ], [ -71.6331722, -33.6344309 ], [ -71.6331768, -33.6345102 ], [ -71.6331791, -33.6346138 ], [ -71.6331884, -33.6347171 ], [ -71.6332047, -33.6348198 ], [ -71.6332252, -33.6349109 ], [ -71.6332511, -33.6350011 ], [ -71.6332678, -33.635074 ], [ -71.6332759, -33.6351478 ], [ -71.6332752, -33.635222 ], [ -71.6332657, -33.6352958 ], [ -71.6332484, -33.6353659 ], [ -71.6332231, -33.6354343 ], [ -71.6331902, -33.6355004 ], [ -71.6328836, -33.6362077 ] ] } },
{ "type": "Feature", "properties": { "osm_id": "way/80370275", "name": "Las Gaviotas", "source": "OpenStreetMap/Overpass", "highway": "residential", "surface": "asphalt", "feature_type": "road", "nearest_transect_id": "T01", "erosion_rate_m_per_year": -1.8, "distance_to_shoreline_m": 417.6, "years_to_impact": null, "risk_level": "bajo", "risk_explanation": "Sin avance erosivo positivo medido", "horizon_years": 30, "exposed_length_m": 0.0, "exposed_area_m2": null }, "geometry": { "type": "LineString", "coordinates": [ [ -71.6309895, -33.6319193 ], [ -71.6309155, -33.6318881 ], [ -71.6308875, -33.6318761 ], [ -71.6306638, -33.6317805 ], [ -71.6305904, -33.631757199999988 ], [ -71.6305144, -33.6317411 ], [ -71.6304365, -33.6317324 ], [ -71.630358, -33.6317313 ], [ -71.630279900000019, -33.6317377 ], [ -71.6302032, -33.6317516 ], [ -71.630135200000012, -33.6317707 ], [ -71.63007, -33.6317956 ], [ -71.6297698, -33.631961 ], [ -71.629747473097538, -33.631973609777518 ] ] } },
{ "type": "Feature", "properties": { "osm_id": "way/1112276523", "name": null, "source": "OpenStreetMap/Overpass", "highway": "footway", "surface": null, "feature_type": "road", "nearest_transect_id": "T13", "erosion_rate_m_per_year": -0.405, "distance_to_shoreline_m": 236.2, "years_to_impact": null, "risk_level": "bajo", "risk_explanation": "Sin avance erosivo positivo medido", "horizon_years": 30, "exposed_length_m": 0.0, "exposed_area_m2": null }, "geometry": { "type": "LineString", "coordinates": [ [ -71.6328451, -33.636292 ], [ -71.6316313, -33.6359513 ] ] } },
{ "type": "Feature", "properties": { "osm_id": "way/95530189", "name": null, "source": "OpenStreetMap/Overpass", "highway": "footway", "surface": null, "feature_type": "road", "nearest_transect_id": "T06", "erosion_rate_m_per_year": -1.259, "distance_to_shoreline_m": 319.3, "years_to_impact": null, "risk_level": "bajo", "risk_explanation": "Sin avance erosivo positivo medido", "horizon_years": 30, "exposed_length_m": 0.0, "exposed_area_m2": null }, "geometry": { "type": "LineString", "coordinates": [ [ -71.6309287, -33.633917 ], [ -71.6320086, -33.6339482 ] ] } },
{ "type": "Feature", "properties": { "osm_id": "way/80370274", "name": "Peñalta", "source": "OpenStreetMap/Overpass", "highway": "residential", "surface": "concrete", "feature_type": "road", "nearest_transect_id": "T06", "erosion_rate_m_per_year": -1.259, "distance_to_shoreline_m": 210.2, "years_to_impact": null, "risk_level": "bajo", "risk_explanation": "Sin avance erosivo positivo medido", "horizon_years": 30, "exposed_length_m": 0.0, "exposed_area_m2": null }, "geometry": { "type": "LineString", "coordinates": [ [ -71.6324156, -33.6333439 ], [ -71.6324873, -33.6333926 ], [ -71.6326404, -33.6334964 ], [ -71.632689, -33.633522899999988 ], [ -71.6327321, -33.633555399999985 ], [ -71.6327686, -33.6335931 ], [ -71.6327976, -33.633635 ], [ -71.632814, -33.6336686 ], [ -71.6328257, -33.6337036 ], [ -71.6328364, -33.6339761 ], [ -71.632848, -33.6340188 ], [ -71.6328679, -33.6340594 ], [ -71.6328954, -33.6340967 ], [ -71.632927, -33.6341274 ], [ -71.6329639, -33.6341538 ], [ -71.6330051, -33.6341753 ], [ -71.6330867, -33.6342188 ], [ -71.633188100000012, -33.6342728 ] ] } },
{ "type": "Feature", "properties": { "osm_id": "way/1348494623", "name": "Peñalta", "source": "OpenStreetMap/Overpass", "highway": "residential", "surface": "concrete", "feature_type": "road", "nearest_transect_id": "T03", "erosion_rate_m_per_year": -1.584, "distance_to_shoreline_m": 280.4, "years_to_impact": null, "risk_level": "bajo", "risk_explanation": "Sin avance erosivo positivo medido", "horizon_years": 30, "exposed_length_m": 0.0, "exposed_area_m2": null }, "geometry": { "type": "LineString", "coordinates": [ [ -71.6309895, -33.6319193 ], [ -71.6310715, -33.631953699999983 ], [ -71.6314872, -33.6321158 ], [ -71.6315411, -33.6321422 ], [ -71.6315923, -33.6321721 ], [ -71.6316567, -33.6322177 ], [ -71.6317148, -33.6322687 ], [ -71.6317651, -33.6323252 ], [ -71.6318098, -33.6323849 ], [ -71.6318553, -33.6324602 ], [ -71.6318918, -33.6325389 ], [ -71.6319187, -33.6326202 ], [ -71.631936, -33.6327033 ], [ -71.6319466, -33.6327591 ], [ -71.6319622, -33.6328141 ], [ -71.631983, -33.6328679 ], [ -71.6320203, -33.6329407 ], [ -71.6320669, -33.6330097 ], [ -71.632114, -33.6330838 ], [ -71.6321701, -33.6331534 ], [ -71.6322348, -33.6332177 ], [ -71.6322754, -33.6332518 ], [ -71.6323183, -33.6332839 ], [ -71.6323658, -33.6333152 ], [ -71.6324156, -33.6333439 ] ] } },
{ "type": "Feature", "properties": { "osm_id": "way/80388256", "name": "Avenida del Parque", "source": "OpenStreetMap/Overpass", "highway": "tertiary", "surface": "paved", "feature_type": "road", "nearest_transect_id": "T01", "erosion_rate_m_per_year": -1.8, "distance_to_shoreline_m": 363.1, "years_to_impact": null, "risk_level": "bajo", "risk_explanation": "Sin avance erosivo positivo medido", "horizon_years": 30, "exposed_length_m": 0.0, "exposed_area_m2": null }, "geometry": { "type": "LineString", "coordinates": [ [ -71.6328919, -33.6289836 ], [ -71.6328398, -33.6290688 ], [ -71.6323931, -33.6297992 ], [ -71.6323712, -33.629834 ], [ -71.6323447, -33.6298764 ], [ -71.6322859, -33.62998120000001 ], [ -71.6317851, -33.6308085 ], [ -71.6315655, -33.6311477 ], [ -71.631519200000014, -33.6312231 ], [ -71.631511, -33.631236499999986 ], [ -71.6311156, -33.6318818 ], [ -71.6310715, -33.631953699999983 ], [ -71.6310245, -33.6320344 ], [ -71.6306131, -33.6327217 ], [ -71.6305679, -33.632799 ], [ -71.630524200000011, -33.6328734 ], [ -71.630149, -33.6335248 ], [ -71.6299817, -33.6338084 ], [ -71.6299282, -33.633899 ], [ -71.629811948755403, -33.634093060990253 ] ] } },
{ "type": "Feature", "properties": { "osm_id": "way/203398053", "name": "Avenida del Parque", "source": "OpenStreetMap/Overpass", "highway": "tertiary", "surface": "paved", "feature_type": "road", "nearest_transect_id": "T01", "erosion_rate_m_per_year": -1.8, "distance_to_shoreline_m": 371.2, "years_to_impact": null, "risk_level": "bajo", "risk_explanation": "Sin avance erosivo positivo medido", "horizon_years": 30, "exposed_length_m": 0.0, "exposed_area_m2": null }, "geometry": { "type": "LineString", "coordinates": [ [ -71.629806696613372, -33.633920411975261 ], [ -71.629843, -33.6338589 ], [ -71.6298967, -33.633771 ], [ -71.6301758, -33.6333149 ], [ -71.6304408, -33.63284010000001 ], [ -71.6304829, -33.6327646 ], [ -71.6305263, -33.6326897 ], [ -71.6309391, -33.6320012 ], [ -71.6309895, -33.6319193 ], [ -71.6310309, -33.6318529 ], [ -71.6313826, -33.631281199999989 ], [ -71.6314397, -33.6311893 ], [ -71.631487, -33.6311132 ], [ -71.6317025, -33.6307769 ], [ -71.6322099, -33.6299498 ], [ -71.6322741, -33.6298464 ], [ -71.6323231, -33.6297701 ], [ -71.632775, -33.6290406 ], [ -71.632792, -33.6290132 ], [ -71.6328261, -33.6289581 ] ] } },
{ "type": "Feature", "properties": { "osm_id": "way/1348494622", "name": "Ciclovía Avenida del Mar", "source": "OpenStreetMap/Overpass", "highway": "cycleway", "surface": "asphalt", "feature_type": "road", "nearest_transect_id": "T01", "erosion_rate_m_per_year": -1.8, "distance_to_shoreline_m": 167.7, "years_to_impact": null, "risk_level": "bajo", "risk_explanation": "Sin avance erosivo positivo medido", "horizon_years": 30, "exposed_length_m": 0.0, "exposed_area_m2": null }, "geometry": { "type": "LineString", "coordinates": [ [ -71.630465, -33.62788650000001 ], [ -71.6306038, -33.6277563 ], [ -71.6308097, -33.62762750000001 ], [ -71.6309143, -33.627556 ], [ -71.6310297, -33.6275314 ], [ -71.6311557, -33.627527 ], [ -71.6313682, -33.627548499999989 ], [ -71.6319631, -33.6275895 ], [ -71.6321535, -33.6275873 ], [ -71.6324566, -33.6275448 ], [ -71.6327195, -33.6275113 ], [ -71.632772200000019, -33.627505 ], [ -71.6328256, -33.6275056 ], [ -71.6328781, -33.627513 ], [ -71.6329287, -33.627527 ], [ -71.6329752, -33.6275469 ], [ -71.6330175, -33.6275724 ], [ -71.633054700000017, -33.6276029 ], [ -71.6331761, -33.6277291 ], [ -71.6333211, -33.6279337 ], [ -71.633473, -33.6281252 ], [ -71.6340088, -33.6286511 ], [ -71.6341303, -33.6287843 ], [ -71.6341754, -33.6288531 ], [ -71.6342115, -33.6289255 ], [ -71.6342362, -33.628994 ], [ -71.6342528, -33.6290642 ], [ -71.6342612, -33.6291354 ], [ -71.6342612, -33.629207 ], [ -71.6342529, -33.6292782 ], [ -71.6342363, -33.6293484 ], [ -71.6342117, -33.6294169 ], [ -71.6341705, -33.6295206 ], [ -71.6340793, -33.629655599999985 ], [ -71.6339801, -33.6297894 ], [ -71.6339381, -33.6298658 ], [ -71.6339039, -33.6299449 ], [ -71.6338776, -33.630026 ], [ -71.6338594, -33.6301087 ], [ -71.6338488, -33.6302023 ], [ -71.6338487, -33.6302963 ], [ -71.6340042, -33.6309841 ], [ -71.6340385, -33.630977499999986 ], [ -71.6340981, -33.6309685 ] ] } },
{ "type": "Feature", "properties": { "osm_id": "way/909407436", "name": null, "source": "OpenStreetMap/Overpass", "highway": "footway", "surface": "asphalt", "feature_type": "road", "nearest_transect_id": "T01", "erosion_rate_m_per_year": -1.8, "distance_to_shoreline_m": 167.7, "years_to_impact": null, "risk_level": "bajo", "risk_explanation": "Sin avance erosivo positivo medido", "horizon_years": 30, "exposed_length_m": 0.0, "exposed_area_m2": null }, "geometry": { "type": "LineString", "coordinates": [ [ -71.6340981, -33.6309685 ], [ -71.6340914, -33.6309114 ], [ -71.6340408, -33.6306466 ], [ -71.6339775, -33.630247199999985 ], [ -71.6339794, -33.6301751 ], [ -71.6339888, -33.6301034 ], [ -71.6340056, -33.6300327 ], [ -71.6340297, -33.6299635 ], [ -71.634059, -33.6299001 ], [ -71.6340944, -33.62983890000001 ], [ -71.6341357, -33.6297802 ], [ -71.6342617, -33.6295794 ], [ -71.634301, -33.6294991 ], [ -71.6343219, -33.6294428 ], [ -71.6343498, -33.6293342 ], [ -71.6343597, -33.6292513 ], [ -71.63436, -33.629168 ], [ -71.63437, -33.6291118 ], [ -71.6343336, -33.6290068 ], [ -71.6343079, -33.6289302 ], [ -71.634274, -33.6288558 ], [ -71.6342322, -33.6287843 ], [ -71.63402840000002, -33.6285476 ], [ -71.6335456, -33.6280585 ], [ -71.6333015, -33.6277235 ], [ -71.6331084, -33.6275069 ], [ -71.633052777870361, -33.62747794252487 ] ] } },
{ "type": "Feature", "properties": { "osm_id": "way/256784287", "name": "Avenida del Pacífico", "source": "OpenStreetMap/Overpass", "highway": "residential", "surface": "unpaved", "feature_type": "road", "nearest_transect_id": "T01", "erosion_rate_m_per_year": -1.8, "distance_to_shoreline_m": 406.4, "years_to_impact": null, "risk_level": "bajo", "risk_explanation": "Sin avance erosivo positivo medido", "horizon_years": 30, "exposed_length_m": 0.0, "exposed_area_m2": null }, "geometry": { "type": "LineString", "coordinates": [ [ -71.6328919, -33.6289836 ], [ -71.6328261, -33.6289581 ] ] } },
{ "type": "Feature", "properties": { "osm_id": "way/80370272", "name": "Avenida del Parque", "source": "OpenStreetMap/Overpass", "highway": "service", "surface": "dirt", "feature_type": "road", "nearest_transect_id": "T01", "erosion_rate_m_per_year": -1.8, "distance_to_shoreline_m": 399.5, "years_to_impact": null, "risk_level": "bajo", "risk_explanation": "Sin avance erosivo positivo medido", "horizon_years": 30, "exposed_length_m": 0.0, "exposed_area_m2": null }, "geometry": { "type": "LineString", "coordinates": [ [ -71.6328261, -33.6289581 ], [ -71.6327918, -33.628933 ], [ -71.6327649, -33.6289023 ], [ -71.6327467, -33.6288675 ], [ -71.6327381, -33.6288302 ], [ -71.6327394, -33.6287922 ], [ -71.6327507, -33.6287554 ], [ -71.6327713, -33.6287215 ], [ -71.6328002, -33.6286922 ], [ -71.6328362, -33.6286688 ], [ -71.6328774, -33.6286525 ], [ -71.6329219, -33.6286441 ], [ -71.6329675, -33.628644 ], [ -71.633012100000016, -33.6286521 ], [ -71.633053500000017, -33.6286682 ], [ -71.6330896, -33.6286913 ], [ -71.6331189, -33.6287205 ], [ -71.6331398, -33.6287543 ], [ -71.6331513, -33.628791 ], [ -71.633153, -33.628829 ], [ -71.6331447, -33.6288663 ], [ -71.6331268, -33.6289013 ], [ -71.6331001, -33.6289321 ], [ -71.6330661, -33.6289574 ], [ -71.6330262, -33.6289759 ], [ -71.6329825, -33.6289867 ], [ -71.632937, -33.6289893 ], [ -71.6328919, -33.6289836 ] ] } },
{ "type": "Feature", "properties": { "osm_id": "way/22705197", "name": "Avenida Arturo Phillips", "source": "OpenStreetMap/Overpass", "highway": "tertiary", "surface": "asphalt", "feature_type": "road", "nearest_transect_id": "T01", "erosion_rate_m_per_year": -1.8, "distance_to_shoreline_m": 655.6, "years_to_impact": null, "risk_level": "bajo", "risk_explanation": "Sin avance erosivo positivo medido", "horizon_years": 30, "exposed_length_m": 0.0, "exposed_area_m2": null }, "geometry": { "type": "LineString", "coordinates": [ [ -71.629909, -33.6283095 ], [ -71.629747, -33.6284424 ], [ -71.629642113350187, -33.628510212091498 ] ] } },
{ "type": "Feature", "properties": { "osm_id": "way/1348332797", "name": null, "source": "OpenStreetMap/Overpass", "highway": "footway", "surface": null, "feature_type": "road", "nearest_transect_id": "T01", "erosion_rate_m_per_year": -1.8, "distance_to_shoreline_m": 646.6, "years_to_impact": null, "risk_level": "bajo", "risk_explanation": "Sin avance erosivo positivo medido", "horizon_years": 30, "exposed_length_m": 0.0, "exposed_area_m2": null }, "geometry": { "type": "LineString", "coordinates": [ [ -71.630465, -33.62788650000001 ], [ -71.6302724, -33.628066 ], [ -71.6301844, -33.6281551 ], [ -71.6300916, -33.6282408 ], [ -71.6299944, -33.628323 ], [ -71.6298642, -33.6284222 ], [ -71.6297534, -33.628501099999987 ], [ -71.629644057580606, -33.6285741230569 ] ] } },
{ "type": "Feature", "properties": { "osm_id": "way/563349669", "name": null, "source": "OpenStreetMap/Overpass", "highway": "service", "surface": null, "feature_type": "road", "nearest_transect_id": "T01", "erosion_rate_m_per_year": -1.8, "distance_to_shoreline_m": 534.3, "years_to_impact": null, "risk_level": "bajo", "risk_explanation": "Sin avance erosivo positivo medido", "horizon_years": 30, "exposed_length_m": 0.0, "exposed_area_m2": null }, "geometry": { "type": "LineString", "coordinates": [ [ -71.629705553887476, -33.630595636701763 ], [ -71.6297428, -33.6305754 ], [ -71.6297938, -33.6305911 ], [ -71.6299131, -33.6307346 ] ] } },
{ "type": "Feature", "properties": { "osm_id": "way/203398043", "name": "Marbella", "source": "OpenStreetMap/Overpass", "highway": "residential", "surface": "paved", "feature_type": "road", "nearest_transect_id": "T01", "erosion_rate_m_per_year": -1.8, "distance_to_shoreline_m": 374.4, "years_to_impact": null, "risk_level": "bajo", "risk_explanation": "Sin avance erosivo positivo medido", "horizon_years": 30, "exposed_length_m": 0.0, "exposed_area_m2": null }, "geometry": { "type": "LineString", "coordinates": [ [ -71.6315655, -33.6311477 ], [ -71.631487, -33.6311132 ], [ -71.6312708, -33.6310618 ], [ -71.6311715, -33.6310177 ], [ -71.6310765, -33.6309676 ], [ -71.6309931, -33.6309163 ], [ -71.6309141, -33.6308604 ], [ -71.6308399, -33.6308001 ], [ -71.6307247, -33.6307212 ], [ -71.6306046, -33.6306475 ], [ -71.63048, -33.6305793 ], [ -71.6303752, -33.6305277 ], [ -71.6302708, -33.6304818 ], [ -71.6299388, -33.6302909 ], [ -71.6299027, -33.630249 ], [ -71.6298746, -33.6302031 ], [ -71.6298566, -33.6301593 ], [ -71.629845900000021, -33.6301139 ], [ -71.6298426, -33.6300677 ], [ -71.6299098, -33.6298676 ], [ -71.6299358, -33.6297038 ], [ -71.6299511, -33.6295391 ], [ -71.629955600000017, -33.629373899999983 ], [ -71.6299506, -33.6292281 ], [ -71.6299627, -33.6291933 ], [ -71.6299807, -33.6291602 ], [ -71.630004, -33.6291296 ], [ -71.6300323, -33.629102 ], [ -71.6300735, -33.6290728 ], [ -71.6301201, -33.6290501 ], [ -71.6301708, -33.6290345 ], [ -71.6302585, -33.6290034 ], [ -71.6303432, -33.628967 ], [ -71.6304095, -33.6289335 ], [ -71.6304733, -33.6288967 ], [ -71.6305342, -33.6288567 ], [ -71.6305921, -33.628813599999987 ], [ -71.6306467, -33.6287677 ], [ -71.6306978, -33.6287191 ], [ -71.6307261, -33.6286768 ], [ -71.6307487, -33.6286321 ], [ -71.6308544, -33.6284179 ], [ -71.6308776, -33.6283567 ], [ -71.6308916, -33.6282936 ], [ -71.6308962, -33.6282295 ], [ -71.6308913, -33.6281654 ], [ -71.630877, -33.6281023 ], [ -71.6308535, -33.628041200000013 ], [ -71.6308259, -33.6279904 ], [ -71.630792, -33.627942399999988 ], [ -71.6307521, -33.6278977 ], [ -71.6306038, -33.6277563 ], [ -71.6305529, -33.6277156 ] ] } },
{ "type": "Feature", "properties": { "osm_id": "way/1348332800", "name": "Ciclovía Avenida Phillips", "source": "OpenStreetMap/Overpass", "highway": "cycleway", "surface": "asphalt", "feature_type": "road", "nearest_transect_id": "T01", "erosion_rate_m_per_year": -1.8, "distance_to_shoreline_m": 659.3, "years_to_impact": null, "risk_level": "bajo", "risk_explanation": "Sin avance erosivo positivo medido", "horizon_years": 30, "exposed_length_m": 0.0, "exposed_area_m2": null }, "geometry": { "type": "LineString", "coordinates": [ [ -71.630688545099744, -33.627528353130714 ], [ -71.630359, -33.6278208 ], [ -71.6298651, -33.6282695 ], [ -71.6297548, -33.6283619 ], [ -71.629640235002043, -33.628448466816238 ] ] } },
{ "type": "Feature", "properties": { "osm_id": "way/643001296", "name": null, "source": "OpenStreetMap/Overpass", "highway": "service", "surface": "unpaved", "feature_type": "road", "nearest_transect_id": "T01", "erosion_rate_m_per_year": -1.8, "distance_to_shoreline_m": 607.9, "years_to_impact": null, "risk_level": "bajo", "risk_explanation": "Sin avance erosivo positivo medido", "horizon_years": 30, "exposed_length_m": 0.0, "exposed_area_m2": null }, "geometry": { "type": "LineString", "coordinates": [ [ -71.6302274, -33.6280336 ], [ -71.6302724, -33.628066 ], [ -71.6303911, -33.6281589 ], [ -71.6304105, -33.6282161 ], [ -71.6304206, -33.6282749 ], [ -71.6304211, -33.6283343 ], [ -71.630412100000015, -33.6283932 ], [ -71.6303937, -33.6284507 ], [ -71.63036630000002, -33.6285055 ], [ -71.6303284, -33.6285591 ], [ -71.6302819, -33.6286077 ], [ -71.6302277, -33.6286505 ], [ -71.6301669, -33.6286865 ], [ -71.6301006, -33.6287151 ], [ -71.6300302, -33.6287357 ], [ -71.6299569, -33.628747799999985 ], [ -71.6298824, -33.6287514 ], [ -71.629808, -33.628746199999988 ] ] } },
{ "type": "Feature", "properties": { "osm_id": "way/1363405318", "name": null, "source": "OpenStreetMap/Overpass", "highway": "track", "surface": "ground", "feature_type": "road", "nearest_transect_id": "T01", "erosion_rate_m_per_year": -1.8, "distance_to_shoreline_m": 655.6, "years_to_impact": null, "risk_level": "bajo", "risk_explanation": "Sin avance erosivo positivo medido", "horizon_years": 30, "exposed_length_m": 0.0, "exposed_area_m2": null }, "geometry": { "type": "LineString", "coordinates": [ [ -71.6297749, -33.6281629 ], [ -71.6298651, -33.6282695 ], [ -71.629909, -33.6283095 ] ] } },
{ "type": "Feature", "properties": { "osm_id": "way/1348332798", "name": "Avenida Arturo Phillips", "source": "OpenStreetMap/Overpass", "highway": "tertiary", "surface": "concrete", "feature_type": "road", "nearest_transect_id": "T01", "erosion_rate_m_per_year": -1.8, "distance_to_shoreline_m": 652.4, "years_to_impact": null, "risk_level": "bajo", "risk_explanation": "Sin avance erosivo positivo medido", "horizon_years": 30, "exposed_length_m": 0.0, "exposed_area_m2": null }, "geometry": { "type": "LineString", "coordinates": [ [ -71.630744, -33.6275491 ], [ -71.6305529, -33.6277156 ], [ -71.6304059, -33.6278538 ], [ -71.6302274, -33.6280336 ], [ -71.629909, -33.6283095 ] ] } },
{ "type": "Feature", "properties": { "osm_id": "way/1348332796", "name": "Ciclovía Avenida del Mar", "source": "OpenStreetMap/Overpass", "highway": "cycleway", "surface": "asphalt", "feature_type": "road", "nearest_transect_id": "T01", "erosion_rate_m_per_year": -1.8, "distance_to_shoreline_m": 647.3, "years_to_impact": null, "risk_level": "bajo", "risk_explanation": "Sin avance erosivo positivo medido", "horizon_years": 30, "exposed_length_m": 0.0, "exposed_area_m2": null }, "geometry": { "type": "LineString", "coordinates": [ [ -71.630359, -33.6278208 ], [ -71.6304059, -33.6278538 ], [ -71.630465, -33.62788650000001 ] ] } },
{ "type": "Feature", "properties": { "osm_id": "way/80374126", "name": null, "source": "OpenStreetMap/Overpass", "highway": "track", "surface": "ground", "feature_type": "road", "nearest_transect_id": "T01", "erosion_rate_m_per_year": -1.8, "distance_to_shoreline_m": 675.5, "years_to_impact": null, "risk_level": "bajo", "risk_explanation": "Sin avance erosivo positivo medido", "horizon_years": 30, "exposed_length_m": 0.0, "exposed_area_m2": null }, "geometry": { "type": "LineString", "coordinates": [ [ -71.629625859248264, -33.627975905390748 ], [ -71.6297749, -33.6281629 ] ] } },
{ "type": "Feature", "properties": { "osm_id": "way/256784286", "name": "Avenida del Pacífico", "source": "OpenStreetMap/Overpass", "highway": "residential", "surface": "unpaved", "feature_type": "road", "nearest_transect_id": "T01", "erosion_rate_m_per_year": -1.8, "distance_to_shoreline_m": 412.4, "years_to_impact": null, "risk_level": "bajo", "risk_explanation": "Sin avance erosivo positivo medido", "horizon_years": 30, "exposed_length_m": 0.0, "exposed_area_m2": null }, "geometry": { "type": "LineString", "coordinates": [ [ -71.6328261, -33.6289581 ], [ -71.6322572, -33.6287103 ], [ -71.631733, -33.62848 ] ] } },
{ "type": "Feature", "properties": { "osm_id": "way/909407423", "name": null, "source": "OpenStreetMap/Overpass", "highway": "footway", "surface": "dirt", "feature_type": "road", "nearest_transect_id": "T01", "erosion_rate_m_per_year": -1.8, "distance_to_shoreline_m": 373.4, "years_to_impact": null, "risk_level": "bajo", "risk_explanation": "Sin avance erosivo positivo medido", "horizon_years": 30, "exposed_length_m": 0.0, "exposed_area_m2": null }, "geometry": { "type": "LineString", "coordinates": [ [ -71.6332185, -33.6291175 ], [ -71.6334591, -33.6290275 ], [ -71.6335454, -33.6289783 ], [ -71.633573100000021, -33.6288678 ], [ -71.6335873, -33.6287381 ], [ -71.6335777, -33.6286837 ], [ -71.6335543, -33.6286281 ], [ -71.6335274, -33.6285839 ], [ -71.6334854, -33.628549 ], [ -71.6334509, -33.6285166 ], [ -71.6333907, -33.628477300000014 ], [ -71.6332622, -33.628387 ], [ -71.6331759, -33.6283221 ], [ -71.6330721, -33.6282496 ], [ -71.6329875, -33.6282141 ], [ -71.632841, -33.6282176 ], [ -71.6326853, -33.6282531 ], [ -71.6326201, -33.628304 ], [ -71.6322958, -33.6286635 ], [ -71.6322572, -33.6287103 ] ] } },
{ "type": "Feature", "properties": { "osm_id": "way/1294863256", "name": null, "source": "OpenStreetMap/Overpass", "highway": "footway", "surface": null, "feature_type": "road", "nearest_transect_id": "T01", "erosion_rate_m_per_year": -1.8, "distance_to_shoreline_m": 397.1, "years_to_impact": null, "risk_level": "bajo", "risk_explanation": "Sin avance erosivo positivo medido", "horizon_years": 30, "exposed_length_m": 0.0, "exposed_area_m2": null }, "geometry": { "type": "LineString", "coordinates": [ [ -71.6334103, -33.628805 ], [ -71.63336, -33.628720799999989 ], [ -71.63331, -33.6286794 ], [ -71.633276, -33.628652799999983 ], [ -71.6331499, -33.6285925 ], [ -71.6330495, -33.6285488 ], [ -71.632955, -33.6285138 ], [ -71.6327997, -33.6284836 ], [ -71.6327503, -33.6284809 ], [ -71.63269, -33.6284913 ], [ -71.6326398, -33.6285164 ], [ -71.6326105, -33.6285429 ], [ -71.6325846, -33.6285812 ], [ -71.6325695, -33.62861680000001 ], [ -71.632567, -33.6286656 ], [ -71.6325645, -33.6287004 ], [ -71.6325377, -33.6287283 ], [ -71.6325176, -33.6287387 ], [ -71.6324849, -33.6287408 ], [ -71.6322958, -33.6286635 ] ] } },
{ "type": "Feature", "properties": { "osm_id": "way/22705216", "name": "Del Mar", "source": "OpenStreetMap/Overpass", "highway": "residential", "surface": "unpaved", "feature_type": "road", "nearest_transect_id": "T01", "erosion_rate_m_per_year": -1.8, "distance_to_shoreline_m": 480.4, "years_to_impact": null, "risk_level": "bajo", "risk_explanation": "Sin avance erosivo positivo medido", "horizon_years": 30, "exposed_length_m": 0.0, "exposed_area_m2": null }, "geometry": { "type": "LineString", "coordinates": [ [ -71.6312218, -33.6294819 ], [ -71.6312279, -33.6293676 ], [ -71.6312451, -33.629254 ], [ -71.6312734, -33.629142 ], [ -71.6313125, -33.6290323 ], [ -71.6313623, -33.6289256 ], [ -71.6314223, -33.6288227 ], [ -71.631492300000019, -33.6287242 ], [ -71.6315716, -33.6286307 ], [ -71.631649, -33.6285529 ], [ -71.631733, -33.62848 ], [ -71.6319078, -33.6283588 ], [ -71.6320886, -33.6282438 ], [ -71.632275100000015, -33.628135399999984 ], [ -71.632467, -33.6280335 ], [ -71.6326638, -33.6279385 ], [ -71.6328249, -33.6278674 ], [ -71.6329889, -33.6278009 ], [ -71.6331761, -33.6277291 ], [ -71.6332167, -33.6277083 ] ] } },
{ "type": "Feature", "properties": { "osm_id": "way/1294863257", "name": null, "source": "OpenStreetMap/Overpass", "highway": "footway", "surface": "ground", "feature_type": "road", "nearest_transect_id": "T01", "erosion_rate_m_per_year": -1.8, "distance_to_shoreline_m": 448.0, "years_to_impact": null, "risk_level": "bajo", "risk_explanation": "Sin avance erosivo positivo medido", "horizon_years": 30, "exposed_length_m": 0.0, "exposed_area_m2": null }, "geometry": { "type": "LineString", "coordinates": [ [ -71.6326398, -33.6285164 ], [ -71.6326494, -33.6284559 ], [ -71.6326791, -33.6284139 ], [ -71.6327552, -33.6283983 ], [ -71.6328481, -33.6284106 ], [ -71.6329489, -33.6284394 ], [ -71.6330428, -33.6284518 ] ] } },
{ "type": "Feature", "properties": { "osm_id": "way/744719146", "name": null, "source": "OpenStreetMap/Overpass", "highway": "footway", "surface": null, "feature_type": "road", "nearest_transect_id": "T01", "erosion_rate_m_per_year": -1.8, "distance_to_shoreline_m": 617.7, "years_to_impact": null, "risk_level": "bajo", "risk_explanation": "Sin avance erosivo positivo medido", "horizon_years": 30, "exposed_length_m": 0.0, "exposed_area_m2": null }, "geometry": { "type": "LineString", "coordinates": [ [ -71.6314416, -33.6275142 ], [ -71.6313682, -33.627548499999989 ], [ -71.6313283, -33.6275671 ], [ -71.6311998, -33.6275966 ], [ -71.6310782, -33.6276374 ], [ -71.6309312, -33.6277007 ], [ -71.6307774, -33.6277429 ], [ -71.6306038, -33.6277563 ] ] } },
{ "type": "Feature", "properties": { "osm_id": "way/22705211", "name": "Gran Avenida del Mar", "source": "OpenStreetMap/Overpass", "highway": "tertiary", "surface": "concrete", "feature_type": "road", "nearest_transect_id": "T01", "erosion_rate_m_per_year": -1.8, "distance_to_shoreline_m": 514.0, "years_to_impact": null, "risk_level": "bajo", "risk_explanation": "Sin avance erosivo positivo medido", "horizon_years": 30, "exposed_length_m": 0.0, "exposed_area_m2": null }, "geometry": { "type": "MultiLineString", "coordinates": [ [ [ -71.6332167, -33.6277083 ], [ -71.6330501, -33.6275291 ], [ -71.6330058, -33.6275046 ], [ -71.6329582, -33.6274848 ], [ -71.632942916169881, -33.62748028501624 ] ], [ [ -71.632532754593868, -33.627489030556788 ], [ -71.6325215, -33.6274907 ], [ -71.6323614, -33.6275091 ], [ -71.6322005, -33.6275223 ], [ -71.6320108, -33.6275312 ], [ -71.6318208, -33.6275328 ], [ -71.631631, -33.6275271 ], [ -71.6314416, -33.6275142 ], [ -71.631428340945092, -33.62751257906767 ] ], [ [ -71.630804500998934, -33.627525880697711 ], [ -71.630744, -33.6275491 ] ] ] } },
{ "type": "Feature", "properties": { "osm_id": "way/744719150", "name": null, "source": "OpenStreetMap/Overpass", "highway": "service", "surface": null, "feature_type": "road", "nearest_transect_id": "T01", "erosion_rate_m_per_year": -1.8, "distance_to_shoreline_m": 656.2, "years_to_impact": null, "risk_level": "bajo", "risk_explanation": "Sin avance erosivo positivo medido", "horizon_years": 30, "exposed_length_m": 0.0, "exposed_area_m2": null }, "geometry": { "type": "LineString", "coordinates": [ [ -71.630765319926013, -33.627526716123747 ], [ -71.630744, -33.6275491 ] ] } },
{ "type": "Feature", "properties": { "osm_id": "way/744722460", "name": null, "source": "OpenStreetMap/Overpass", "highway": "path", "surface": "ground", "feature_type": "road", "nearest_transect_id": "T37", "erosion_rate_m_per_year": 0.416, "distance_to_shoreline_m": 191.2, "years_to_impact": 459.5, "risk_level": "bajo", "risk_explanation": "Impacto estimado después de 30 años", "horizon_years": 30, "exposed_length_m": 0.0, "exposed_area_m2": null }, "geometry": { "type": "LineString", "coordinates": [ [ -71.6335992, -33.644849399999984 ], [ -71.633533, -33.6446335 ] ] } },
{ "type": "Feature", "properties": { "osm_id": "way/80365889", "name": null, "source": "OpenStreetMap/Overpass", "highway": "residential", "surface": "unpaved", "feature_type": "road", "nearest_transect_id": "T35", "erosion_rate_m_per_year": 0.849, "distance_to_shoreline_m": 176.6, "years_to_impact": 208.0, "risk_level": "bajo", "risk_explanation": "Impacto estimado después de 30 años", "horizon_years": 30, "exposed_length_m": 0.0, "exposed_area_m2": null }, "geometry": { "type": "LineString", "coordinates": [ [ -71.633533, -33.6446335 ], [ -71.6335209, -33.6440786 ], [ -71.6335216, -33.6439561 ], [ -71.633527, -33.6439088 ], [ -71.6335397, -33.6438625 ], [ -71.6335598, -33.643818 ], [ -71.6335867, -33.6437761 ], [ -71.6336232, -33.6437344 ], [ -71.6336665, -33.6436975 ], [ -71.6337157, -33.6436661 ] ] } },
{ "type": "Feature", "properties": { "osm_id": "way/80365915", "name": "Anfitrite", "source": "OpenStreetMap/Overpass", "highway": "residential", "surface": "paved", "feature_type": "road", "nearest_transect_id": "T32", "erosion_rate_m_per_year": 1.497, "distance_to_shoreline_m": 93.7, "years_to_impact": 62.6, "risk_level": "bajo", "risk_explanation": "Impacto estimado después de 30 años", "horizon_years": 30, "exposed_length_m": 0.0, "exposed_area_m2": null }, "geometry": { "type": "LineString", "coordinates": [ [ -71.6322756, -33.6412699 ], [ -71.6327906, -33.6418615 ], [ -71.6328702, -33.6419462 ], [ -71.632941, -33.642036 ], [ -71.6330027, -33.6421305 ], [ -71.6330337, -33.6421864 ], [ -71.6330615, -33.6422434 ], [ -71.6330978, -33.642333 ], [ -71.6331261, -33.6424246 ], [ -71.6331463, -33.642517599999984 ], [ -71.6332144, -33.6427941 ], [ -71.6332612, -33.6430369 ], [ -71.633276, -33.6430983 ], [ -71.633298, -33.643158199999988 ], [ -71.6333272, -33.6432159 ], [ -71.633361, -33.6432679 ], [ -71.6334005, -33.643317099999983 ], [ -71.6334454, -33.6433629 ], [ -71.6336079, -33.643551 ], [ -71.6337157, -33.6436661 ], [ -71.6342287, -33.6442473 ], [ -71.6344018, -33.644390799999989 ], [ -71.6345358, -33.6445043 ], [ -71.6346606, -33.644575400000015 ] ] } },
{ "type": "Feature", "properties": { "osm_id": "way/95530184", "name": null, "source": "OpenStreetMap/Overpass", "highway": "footway", "surface": null, "feature_type": "road", "nearest_transect_id": "T29", "erosion_rate_m_per_year": 1.973, "distance_to_shoreline_m": 50.5, "years_to_impact": 25.6, "risk_level": "moderado", "risk_explanation": "Impacto estimado entre 10 y 30 años", "horizon_years": 30, "exposed_length_m": 8.6, "exposed_area_m2": null }, "geometry": { "type": "LineString", "coordinates": [ [ -71.6323417, -33.642551 ], [ -71.6326029, -33.6423483 ], [ -71.632683400000019, -33.6422925 ], [ -71.6330027, -33.6421305 ], [ -71.6330702, -33.64209480000001 ], [ -71.6331417, -33.642065 ], [ -71.6332165, -33.6420413 ], [ -71.6332937, -33.642024 ], [ -71.6333727, -33.6420133 ], [ -71.6334555, -33.6420092 ], [ -71.6335384, -33.6420124 ], [ -71.6336204, -33.6420227 ], [ -71.6337007, -33.6420401 ], [ -71.6337784, -33.6420644 ], [ -71.6338526, -33.6420953 ], [ -71.6340405, -33.6421317 ], [ -71.6342606, -33.6421451 ], [ -71.6345395, -33.6421473 ], [ -71.634642, -33.6421438 ], [ -71.6347562, -33.642140499999989 ], [ -71.6348748, -33.642136699999988 ], [ -71.6349312, -33.642132499999988 ] ] } },
{ "type": "Feature", "properties": { "osm_id": "way/80365893", "name": "Urano", "source": "OpenStreetMap/Overpass", "highway": "residential", "surface": "asphalt", "feature_type": "road", "nearest_transect_id": "T29", "erosion_rate_m_per_year": 1.973, "distance_to_shoreline_m": 150.0, "years_to_impact": 76.0, "risk_level": "bajo", "risk_explanation": "Impacto estimado después de 30 años", "horizon_years": 30, "exposed_length_m": 0.0, "exposed_area_m2": null }, "geometry": { "type": "LineString", "coordinates": [ [ -71.6329462, -33.6407152 ], [ -71.6329973, -33.6409828 ], [ -71.6330103, -33.641057 ], [ -71.6330313, -33.64112990000001 ], [ -71.6330632, -33.6412078 ], [ -71.6331041, -33.6412827 ], [ -71.6331536, -33.641354 ], [ -71.6332113, -33.6414208 ], [ -71.6332766, -33.641482599999989 ], [ -71.6333488, -33.641538899999986 ], [ -71.6334273, -33.6415889 ], [ -71.6334977, -33.641637 ], [ -71.6335631, -33.6416897 ], [ -71.6336232, -33.6417467 ], [ -71.6336857, -33.6418176 ], [ -71.63374, -33.6418931 ], [ -71.6338526, -33.6420953 ], [ -71.6338531, -33.6424113 ], [ -71.6338616, -33.6427888 ], [ -71.6338765, -33.643184 ], [ -71.6338956, -33.6434463 ], [ -71.633897, -33.6434804 ], [ -71.6338905, -33.643514 ], [ -71.6338763, -33.643546 ], [ -71.6338549, -33.6435751 ], [ -71.6338325, -33.6435961 ], [ -71.6338064, -33.6436138 ], [ -71.6337773, -33.6436279 ], [ -71.6337157, -33.6436661 ] ] } },
{ "type": "Feature", "properties": { "osm_id": "way/22705238", "name": "Gran Avenida del Mar", "source": "OpenStreetMap/Overpass", "highway": "residential", "surface": "asphalt", "feature_type": "road", "nearest_transect_id": "T26", "erosion_rate_m_per_year": 2.03, "distance_to_shoreline_m": 129.9, "years_to_impact": 64.0, "risk_level": "bajo", "risk_explanation": "Impacto estimado después de 30 años", "horizon_years": 30, "exposed_length_m": 0.0, "exposed_area_m2": null }, "geometry": { "type": "LineString", "coordinates": [ [ -71.6340155, -33.6411047 ], [ -71.6339348, -33.6410316 ], [ -71.6338623, -33.6409528 ], [ -71.6337984, -33.6408689 ], [ -71.6337437, -33.6407803 ], [ -71.6336986, -33.6406881 ], [ -71.633673, -33.6405896 ] ] } },
{ "type": "Feature", "properties": { "osm_id": "way/1348494608", "name": "Gran Avenida del Mar", "source": "OpenStreetMap/Overpass", "highway": "residential", "surface": "asphalt", "feature_type": "road", "nearest_transect_id": "T25", "erosion_rate_m_per_year": 1.841, "distance_to_shoreline_m": 145.3, "years_to_impact": 79.0, "risk_level": "bajo", "risk_explanation": "Impacto estimado después de 30 años", "horizon_years": 30, "exposed_length_m": 0.0, "exposed_area_m2": null }, "geometry": { "type": "LineString", "coordinates": [ [ -71.6337764, -33.6405823 ], [ -71.6338406, -33.640753599999989 ] ] } },
{ "type": "Feature", "properties": { "osm_id": "way/1348494607", "name": "Sirenas Sur", "source": "OpenStreetMap/Overpass", "highway": "tertiary", "surface": "paved", "feature_type": "road", "nearest_transect_id": "T25", "erosion_rate_m_per_year": 1.841, "distance_to_shoreline_m": 150.9, "years_to_impact": 82.0, "risk_level": "bajo", "risk_explanation": "Impacto estimado después de 30 años", "horizon_years": 30, "exposed_length_m": 0.0, "exposed_area_m2": null }, "geometry": { "type": "LineString", "coordinates": [ [ -71.6337764, -33.6405823 ], [ -71.633673, -33.6405896 ], [ -71.6333911, -33.6405947 ], [ -71.6333074, -33.640598099999984 ], [ -71.6332248, -33.6406093 ], [ -71.6331442, -33.640628299999989 ], [ -71.633074800000017, -33.6406516 ], [ -71.6330085, -33.6406807 ], [ -71.6329462, -33.6407152 ] ] } },
{ "type": "Feature", "properties": { "osm_id": "way/327763736", "name": null, "source": "OpenStreetMap/Overpass", "highway": "footway", "surface": null, "feature_type": "road", "nearest_transect_id": "T25", "erosion_rate_m_per_year": 1.841, "distance_to_shoreline_m": 140.7, "years_to_impact": 76.4, "risk_level": "bajo", "risk_explanation": "Impacto estimado después de 30 años", "horizon_years": 30, "exposed_length_m": 0.0, "exposed_area_m2": null }, "geometry": { "type": "LineString", "coordinates": [ [ -71.6333502, -33.6403425 ], [ -71.6334799, -33.6404391 ], [ -71.6335939, -33.6405374 ], [ -71.633672, -33.6405417 ], [ -71.6337752, -33.6405351 ], [ -71.6338852, -33.640528 ] ] } },
{ "type": "Feature", "properties": { "osm_id": "way/1348494609", "name": "Gran Avenida del Mar", "source": "OpenStreetMap/Overpass", "highway": "tertiary", "surface": "asphalt", "feature_type": "road", "nearest_transect_id": "T25", "erosion_rate_m_per_year": 1.841, "distance_to_shoreline_m": 160.4, "years_to_impact": 87.2, "risk_level": "bajo", "risk_explanation": "Impacto estimado después de 30 años", "horizon_years": 30, "exposed_length_m": 0.0, "exposed_area_m2": null }, "geometry": { "type": "LineString", "coordinates": [ [ -71.633673, -33.6405896 ], [ -71.633672, -33.6405417 ], [ -71.6336644, -33.6401879 ], [ -71.6336636, -33.640148 ] ] } },
{ "type": "Feature", "properties": { "osm_id": "way/327763731", "name": "Las Brisas", "source": "OpenStreetMap/Overpass", "highway": "residential", "surface": "unpaved", "feature_type": "road", "nearest_transect_id": "T36", "erosion_rate_m_per_year": 0.632, "distance_to_shoreline_m": 69.7, "years_to_impact": 110.3, "risk_level": "bajo", "risk_explanation": "Impacto estimado después de 30 años", "horizon_years": 30, "exposed_length_m": 0.0, "exposed_area_m2": null }, "geometry": { "type": "LineString", "coordinates": [ [ -71.6348034, -33.6444747 ], [ -71.6348233, -33.644477799999983 ], [ -71.6348615, -33.6444922 ], [ -71.6348921, -33.6445161 ], [ -71.634912, -33.6445469 ], [ -71.634919, -33.6445813 ], [ -71.634913, -33.6446141 ], [ -71.6348953, -33.6446439 ], [ -71.6348676, -33.644667699999985 ], [ -71.634832500000016, -33.6446834 ], [ -71.6347932, -33.6446894 ], [ -71.6347537, -33.6446852 ], [ -71.6347176, -33.6446711 ], [ -71.6346883, -33.644648599999989 ], [ -71.6346687, -33.6446197 ], [ -71.6346606, -33.644575400000015 ], [ -71.6346705, -33.6445401 ], [ -71.6346939, -33.6445095 ], [ -71.6347086, -33.6444979 ], [ -71.6347253, -33.6444884 ], [ -71.6347436, -33.6444812 ], [ -71.634763, -33.6444764 ], [ -71.634783100000021, -33.6444743 ], [ -71.6348034, -33.6444747 ] ] } },
{ "type": "Feature", "properties": { "osm_id": "way/95530192", "name": null, "source": "OpenStreetMap/Overpass", "highway": "footway", "surface": null, "feature_type": "road", "nearest_transect_id": "T33", "erosion_rate_m_per_year": 1.281, "distance_to_shoreline_m": 57.9, "years_to_impact": 45.2, "risk_level": "bajo", "risk_explanation": "Impacto estimado después de 30 años", "horizon_years": 30, "exposed_length_m": 0.0, "exposed_area_m2": null }, "geometry": { "type": "LineString", "coordinates": [ [ -71.6337773, -33.6436279 ], [ -71.6338484, -33.6436772 ], [ -71.6340674, -33.6435273 ], [ -71.6342464, -33.6434242 ], [ -71.6345097, -33.64336 ], [ -71.6346961, -33.64335 ], [ -71.6347953, -33.643308 ], [ -71.6349142, -33.6433064 ], [ -71.6349654, -33.6433027 ] ] } },
{ "type": "Feature", "properties": { "osm_id": "way/909407440", "name": null, "source": "OpenStreetMap/Overpass", "highway": "footway", "surface": "wood", "feature_type": "road", "nearest_transect_id": "T32", "erosion_rate_m_per_year": 1.497, "distance_to_shoreline_m": 18.7, "years_to_impact": 12.5, "risk_level": "moderado", "risk_explanation": "Impacto estimado entre 10 y 30 años", "horizon_years": 30, "exposed_length_m": 26.3, "exposed_area_m2": null }, "geometry": { "type": "LineString", "coordinates": [ [ -71.635347, -33.6428696 ], [ -71.6349484, -33.642867 ] ] } },
{ "type": "Feature", "properties": { "osm_id": "way/22705242", "name": "Gran Avenida del Mar", "source": "OpenStreetMap/Overpass", "highway": "residential", "surface": "paved", "feature_type": "road", "nearest_transect_id": "T31", "erosion_rate_m_per_year": 1.714, "distance_to_shoreline_m": 74.9, "years_to_impact": 43.7, "risk_level": "bajo", "risk_explanation": "Impacto estimado después de 30 años", "horizon_years": 30, "exposed_length_m": 0.0, "exposed_area_m2": null }, "geometry": { "type": "LineString", "coordinates": [ [ -71.6346939, -33.6445095 ], [ -71.6346961, -33.64335 ], [ -71.634642, -33.6421438 ], [ -71.6346392, -33.641792 ], [ -71.634617, -33.6417122 ], [ -71.6345844, -33.641635 ], [ -71.6345417, -33.6415613 ], [ -71.6344894, -33.641492 ], [ -71.6344567, -33.6414559 ], [ -71.6344214, -33.6414216 ], [ -71.6340155, -33.6411047 ] ] } },
{ "type": "Feature", "properties": { "osm_id": "way/95530188", "name": "Gran Avenida del Mar", "source": "OpenStreetMap/Overpass", "highway": "residential", "surface": "paved", "feature_type": "road", "nearest_transect_id": "T31", "erosion_rate_m_per_year": 1.714, "distance_to_shoreline_m": 64.9, "years_to_impact": 37.9, "risk_level": "bajo", "risk_explanation": "Impacto estimado después de 30 años", "horizon_years": 30, "exposed_length_m": 0.0, "exposed_area_m2": null }, "geometry": { "type": "LineString", "coordinates": [ [ -71.6338406, -33.640753599999989 ], [ -71.6338771, -33.640812799999985 ], [ -71.6339188, -33.6408696 ], [ -71.6339654, -33.640923699999988 ], [ -71.6340211, -33.6409789 ], [ -71.634082, -33.6410303 ], [ -71.6341477, -33.6410775 ], [ -71.6343249, -33.6412206 ], [ -71.6345982, -33.6414489 ], [ -71.6346409, -33.6414977 ], [ -71.634677, -33.6415501 ], [ -71.6347033, -33.6416 ], [ -71.634723600000015, -33.6416517 ], [ -71.6347391, -33.6417131 ], [ -71.6347462, -33.6417756 ], [ -71.6347562, -33.642140499999989 ], [ -71.6347953, -33.643308 ], [ -71.6348233, -33.644477799999983 ] ] } },
{ "type": "Feature", "properties": { "osm_id": "way/909407438", "name": null, "source": "OpenStreetMap/Overpass", "highway": "footway", "surface": "wood", "feature_type": "road", "nearest_transect_id": "T29", "erosion_rate_m_per_year": 1.973, "distance_to_shoreline_m": 11.9, "years_to_impact": 6.0, "risk_level": "critico", "risk_explanation": "Impacto estimado en menos de 10 años", "horizon_years": 30, "exposed_length_m": 476.7, "exposed_area_m2": null }, "geometry": { "type": "LineString", "coordinates": [ [ -71.63521830000002, -33.639904199999989 ], [ -71.6353148, -33.6417263 ], [ -71.6353309, -33.6422935 ], [ -71.6353309, -33.6426731 ], [ -71.635347, -33.6428696 ], [ -71.6353846, -33.6435842 ], [ -71.6353953, -33.643861 ], [ -71.6349726, -33.643867299999982 ] ] } },
{ "type": "Feature", "properties": { "osm_id": "way/909407441", "name": null, "source": "OpenStreetMap/Overpass", "highway": "footway", "surface": "wood", "feature_type": "road", "nearest_transect_id": "T28", "erosion_rate_m_per_year": 2.081, "distance_to_shoreline_m": 11.9, "years_to_impact": 5.7, "risk_level": "critico", "risk_explanation": "Impacto estimado en menos de 10 años", "horizon_years": 30, "exposed_length_m": 37.9, "exposed_area_m2": null }, "geometry": { "type": "LineString", "coordinates": [ [ -71.6353148, -33.6417263 ], [ -71.6349062, -33.6417285 ] ] } },
{ "type": "Feature", "properties": { "osm_id": "way/744721127", "name": null, "source": "OpenStreetMap/Overpass", "highway": "service", "surface": "compacted", "feature_type": "road", "nearest_transect_id": "T27", "erosion_rate_m_per_year": 2.189, "distance_to_shoreline_m": 63.6, "years_to_impact": 29.0, "risk_level": "moderado", "risk_explanation": "Impacto estimado entre 10 y 30 años", "horizon_years": 30, "exposed_length_m": 67.1, "exposed_area_m2": null }, "geometry": { "type": "MultiLineString", "coordinates": [ [ [ -71.634677, -33.6415501 ], [ -71.6346941, -33.6414593 ], [ -71.6347296, -33.641351 ], [ -71.6347338, -33.6412664 ], [ -71.6347291, -33.6410751 ] ], [ [ -71.6347291, -33.6410751 ], [ -71.6347228, -33.6408207 ], [ -71.6346362, -33.6408261 ], [ -71.6345785, -33.640854 ], [ -71.6345409, -33.6409009 ], [ -71.6345329, -33.6409545 ], [ -71.6345812, -33.641013699999988 ], [ -71.6347291, -33.6410751 ] ] ] } },
{ "type": "Feature", "properties": { "osm_id": "way/1112134471", "name": null, "source": "OpenStreetMap/Overpass", "highway": "cycleway", "surface": "asphalt", "feature_type": "road", "nearest_transect_id": "T26", "erosion_rate_m_per_year": 2.03, "distance_to_shoreline_m": 48.9, "years_to_impact": 24.1, "risk_level": "moderado", "risk_explanation": "Impacto estimado entre 10 y 30 años", "horizon_years": 30, "exposed_length_m": 57.8, "exposed_area_m2": null }, "geometry": { "type": "LineString", "coordinates": [ [ -71.6348534, -33.6412615 ], [ -71.6348333, -33.6407814 ], [ -71.63488, -33.6407718 ] ] } },
{ "type": "Feature", "properties": { "osm_id": "way/563349674", "name": null, "source": "OpenStreetMap/Overpass", "highway": "service", "surface": null, "feature_type": "road", "nearest_transect_id": "T24", "erosion_rate_m_per_year": 1.651, "distance_to_shoreline_m": 60.8, "years_to_impact": 36.8, "risk_level": "bajo", "risk_explanation": "Impacto estimado después de 30 años", "horizon_years": 30, "exposed_length_m": 0.0, "exposed_area_m2": null }, "geometry": { "type": "LineString", "coordinates": [ [ -71.6347478, -33.6406157 ], [ -71.6346191, -33.6406313 ], [ -71.6345306, -33.6406514 ], [ -71.6344662, -33.6406804 ], [ -71.6344018, -33.6407541 ], [ -71.6343697, -33.6408278 ], [ -71.6343381, -33.6408472 ], [ -71.6343024, -33.6408608 ], [ -71.6342641, -33.6408678 ], [ -71.6342248, -33.640868 ], [ -71.6341857, -33.640861199999989 ], [ -71.6341493, -33.6408477 ], [ -71.6341171, -33.6408281 ], [ -71.6340907, -33.6408032 ], [ -71.6340656, -33.6407651 ], [ -71.6340451, -33.6407251 ], [ -71.634029, -33.6406821 ], [ -71.6340183, -33.640638 ], [ -71.6339968, -33.640015 ], [ -71.6340746, -33.639843 ], [ -71.6341229, -33.6398006 ], [ -71.6341953, -33.6397761 ], [ -71.6346111, -33.6397336 ], [ -71.6346084, -33.639613 ], [ -71.6346049, -33.6395371 ], [ -71.6345966, -33.6393553 ], [ -71.6345104, -33.6392806 ], [ -71.6344803, -33.6392592 ], [ -71.6343938, -33.6391951 ] ] } },
{ "type": "Feature", "properties": { "osm_id": "way/909407437", "name": null, "source": "OpenStreetMap/Overpass", "highway": "footway", "surface": "wood", "feature_type": "road", "nearest_transect_id": "T23", "erosion_rate_m_per_year": 1.462, "distance_to_shoreline_m": 15.6, "years_to_impact": 10.7, "risk_level": "moderado", "risk_explanation": "Impacto estimado entre 10 y 30 años", "horizon_years": 30, "exposed_length_m": 28.3, "exposed_area_m2": null }, "geometry": { "type": "LineString", "coordinates": [ [ -71.6348572, -33.6399233 ], [ -71.6349769, -33.6399064 ], [ -71.63521830000002, -33.639904199999989 ] ] } },
{ "type": "Feature", "properties": { "osm_id": "way/744721128", "name": null, "source": "OpenStreetMap/Overpass", "highway": "footway", "surface": null, "feature_type": "road", "nearest_transect_id": "T22", "erosion_rate_m_per_year": 1.273, "distance_to_shoreline_m": 49.4, "years_to_impact": 38.8, "risk_level": "bajo", "risk_explanation": "Impacto estimado después de 30 años", "horizon_years": 30, "exposed_length_m": 0.0, "exposed_area_m2": null }, "geometry": { "type": "LineString", "coordinates": [ [ -71.6347972, -33.6395293 ], [ -71.6348457, -33.639529 ] ] } },
{ "type": "Feature", "properties": { "osm_id": "way/744721130", "name": null, "source": "OpenStreetMap/Overpass", "highway": "footway", "surface": null, "feature_type": "road", "nearest_transect_id": "T21", "erosion_rate_m_per_year": 1.084, "distance_to_shoreline_m": 45.0, "years_to_impact": 41.6, "risk_level": "bajo", "risk_explanation": "Impacto estimado después de 30 años", "horizon_years": 30, "exposed_length_m": 0.0, "exposed_area_m2": null }, "geometry": { "type": "LineString", "coordinates": [ [ -71.6349657, -33.644546299999988 ], [ -71.6349956, -33.6444036 ], [ -71.6349726, -33.643867299999982 ], [ -71.6349654, -33.6433027 ], [ -71.6349484, -33.642867 ], [ -71.6349312, -33.642132499999988 ], [ -71.6349062, -33.6417285 ], [ -71.6349125, -33.6414327 ], [ -71.6349057, -33.6412225 ], [ -71.63488, -33.6407718 ], [ -71.6348961, -33.6406557 ], [ -71.6349149, -33.640515 ], [ -71.6349095, -33.6402471 ], [ -71.6348572, -33.6399233 ], [ -71.6348457, -33.639529 ], [ -71.6348158, -33.6385054 ], [ -71.6347789, -33.6372415 ], [ -71.6347515, -33.6363047 ], [ -71.6347472, -33.6361566 ], [ -71.6347277, -33.6354526 ], [ -71.6347195, -33.635156900000013 ], [ -71.6346557, -33.6345259 ], [ -71.6346073, -33.6343699 ], [ -71.6345343, -33.6341342 ], [ -71.6341725, -33.6342403 ], [ -71.6341144, -33.6342532 ] ] } },
{ "type": "Feature", "properties": { "osm_id": "way/95530196", "name": "Gran Avenida del Mar", "source": "OpenStreetMap/Overpass", "highway": "tertiary", "surface": "asphalt", "feature_type": "road", "nearest_transect_id": "T19", "erosion_rate_m_per_year": 0.719, "distance_to_shoreline_m": 63.7, "years_to_impact": 88.6, "risk_level": "bajo", "risk_explanation": "Impacto estimado después de 30 años", "horizon_years": 30, "exposed_length_m": 0.0, "exposed_area_m2": null }, "geometry": { "type": "LineString", "coordinates": [ [ -71.6345559, -33.6361724 ], [ -71.6346064, -33.6372477 ], [ -71.6346652, -33.6385014 ], [ -71.6346784, -33.6387824 ], [ -71.6346671, -33.638872600000013 ], [ -71.6346451, -33.6389614 ], [ -71.6346161, -33.6390402 ], [ -71.6345788, -33.6391165 ], [ -71.6345334, -33.6391897 ], [ -71.6344803, -33.6392592 ], [ -71.6343224, -33.6394144 ], [ -71.6339182, -33.6397991 ], [ -71.6338762, -33.6398458 ], [ -71.6338404, -33.639896 ], [ -71.6338113, -33.6399491 ], [ -71.6337892, -33.6400045 ], [ -71.6337762, -33.6400523 ], [ -71.6337684, -33.6401008 ], [ -71.6337658, -33.6401498 ], [ -71.6337666, -33.6401834 ], [ -71.6337752, -33.6405351 ], [ -71.6337764, -33.6405823 ] ] } },
{ "type": "Feature", "properties": { "osm_id": "way/283009847", "name": "Ciclovía Avenida del Mar", "source": "OpenStreetMap/Overpass", "highway": "cycleway", "surface": "asphalt", "feature_type": "road", "nearest_transect_id": "T18", "erosion_rate_m_per_year": 0.557, "distance_to_shoreline_m": 52.6, "years_to_impact": 94.5, "risk_level": "bajo", "risk_explanation": "Impacto estimado después de 30 años", "horizon_years": 30, "exposed_length_m": 0.0, "exposed_area_m2": null }, "geometry": { "type": "LineString", "coordinates": [ [ -71.6340981, -33.6309685 ], [ -71.6341968, -33.6314031 ], [ -71.634217, -33.6315283 ], [ -71.6342321, -33.6316505 ], [ -71.6342353, -33.6316764 ], [ -71.6342408, -33.6318092 ], [ -71.6342353, -33.6319099 ], [ -71.634228, -33.6320473 ], [ -71.6342536, -33.6322488 ], [ -71.6342866, -33.6324563 ], [ -71.6343031, -33.6325479 ], [ -71.6343157, -33.6327863 ], [ -71.6343372, -33.6332084 ], [ -71.6342648, -33.6335903 ], [ -71.6341963, -33.633875 ], [ -71.6341794, -33.6339356 ], [ -71.6341677, -33.6339971 ], [ -71.6341612, -33.6340591 ], [ -71.6341612, -33.6341499 ], [ -71.6341725, -33.6342403 ], [ -71.6346161, -33.6349949 ], [ -71.6346496, -33.6350716 ], [ -71.6346738, -33.6351507 ], [ -71.6346877, -33.6352244 ], [ -71.6346935, -33.6352989 ], [ -71.6346912, -33.6353736 ], [ -71.6346942, -33.6354499 ], [ -71.6346973, -33.6361498 ], [ -71.6346987, -33.6362392 ], [ -71.634729, -33.6372457 ], [ -71.6347668, -33.638502899999985 ], [ -71.6347747, -33.6387656 ], [ -71.6347972, -33.6395293 ], [ -71.6346049, -33.6395371 ], [ -71.6345539, -33.6395392 ], [ -71.6345258, -33.6394798 ], [ -71.6345091, -33.6394601 ], [ -71.6344872, -33.6394443 ], [ -71.6344615, -33.6394332 ], [ -71.6344334, -33.639427599999983 ], [ -71.6344044, -33.6394276 ], [ -71.6343806, -33.6394321 ], [ -71.6343583, -33.6394405 ], [ -71.6343385, -33.63945240000001 ], [ -71.6340354, -33.6397754 ], [ -71.6339886, -33.639823 ], [ -71.6339486, -33.6398747 ], [ -71.6339157, -33.639929799999983 ], [ -71.6338906, -33.6399876 ], [ -71.6338742, -33.640044 ], [ -71.6338651, -33.6401016 ], [ -71.6338634, -33.6401597 ], [ -71.6338654, -33.6401797 ], [ -71.6338691, -33.6402176 ], [ -71.6338852, -33.640528 ], [ -71.6338907, -33.640604 ], [ -71.6339075, -33.640678800000011 ], [ -71.6339354, -33.640751399999985 ], [ -71.6339737, -33.6408205 ], [ -71.6340136, -33.640875 ], [ -71.6340602, -33.6409259 ], [ -71.6341128, -33.6409724 ], [ -71.6341709, -33.6410141 ], [ -71.6342339, -33.6410505 ], [ -71.6345075, -33.6412649 ], [ -71.6347338, -33.6412664 ], [ -71.6348534, -33.6412615 ], [ -71.6348748, -33.642136699999988 ], [ -71.6349045, -33.6431384 ], [ -71.6349142, -33.6433064 ], [ -71.6349657, -33.644546299999988 ], [ -71.634919, -33.6445813 ] ] } },
{ "type": "Feature", "properties": { "osm_id": "way/95530202", "name": "Gran Avenida del Mar", "source": "OpenStreetMap/Overpass", "highway": "tertiary", "surface": "paved", "feature_type": "road", "nearest_transect_id": "T13", "erosion_rate_m_per_year": -0.405, "distance_to_shoreline_m": 70.8, "years_to_impact": null, "risk_level": "bajo", "risk_explanation": "Sin avance erosivo positivo medido", "horizon_years": 30, "exposed_length_m": 0.0, "exposed_area_m2": null }, "geometry": { "type": "LineString", "coordinates": [ [ -71.6346107, -33.6360524 ], [ -71.6346251, -33.6360759 ], [ -71.6346289, -33.636102 ], [ -71.6346248, -33.6361209 ], [ -71.6346101, -33.6361442 ], [ -71.6345867, -33.636162 ], [ -71.6345559, -33.6361724 ], [ -71.6345243, -33.636173 ], [ -71.6344943, -33.636164700000023 ], [ -71.6344695, -33.6361482 ], [ -71.6344519, -33.6361234 ], [ -71.6344467, -33.6360974 ], [ -71.6344524, -33.6360715 ], [ -71.6344684, -33.6360487 ], [ -71.6344959, -33.6360306 ], [ -71.6345261, -33.6360227 ], [ -71.6345578, -33.6360239 ], [ -71.634587, -33.636034 ], [ -71.6346107, -33.6360524 ] ] } },
{ "type": "Feature", "properties": { "osm_id": "way/744721126", "name": null, "source": "OpenStreetMap/Overpass", "highway": "footway", "surface": null, "feature_type": "road", "nearest_transect_id": "T11", "erosion_rate_m_per_year": -0.719, "distance_to_shoreline_m": 62.3, "years_to_impact": null, "risk_level": "bajo", "risk_explanation": "Sin avance erosivo positivo medido", "horizon_years": 30, "exposed_length_m": 0.0, "exposed_area_m2": null }, "geometry": { "type": "LineString", "coordinates": [ [ -71.6345005, -33.635424700000016 ], [ -71.6345485, -33.6354341 ], [ -71.6346942, -33.6354499 ], [ -71.6347277, -33.6354526 ] ] } },
{ "type": "Feature", "properties": { "osm_id": "way/744721129", "name": null, "source": "OpenStreetMap/Overpass", "highway": "footway", "surface": null, "feature_type": "road", "nearest_transect_id": "T08", "erosion_rate_m_per_year": -1.043, "distance_to_shoreline_m": 71.0, "years_to_impact": null, "risk_level": "bajo", "risk_explanation": "Sin avance erosivo positivo medido", "horizon_years": 30, "exposed_length_m": 0.0, "exposed_area_m2": null }, "geometry": { "type": "LineString", "coordinates": [ [ -71.6346859, -33.6343295 ], [ -71.6346073, -33.6343699 ] ] } },
{ "type": "Feature", "properties": { "osm_id": "way/456468935", "name": null, "source": "OpenStreetMap/Overpass", "highway": "steps", "surface": null, "feature_type": "road", "nearest_transect_id": "T08", "erosion_rate_m_per_year": -1.043, "distance_to_shoreline_m": 54.9, "years_to_impact": null, "risk_level": "bajo", "risk_explanation": "Sin avance erosivo positivo medido", "horizon_years": 30, "exposed_length_m": 0.0, "exposed_area_m2": null }, "geometry": { "type": "LineString", "coordinates": [ [ -71.6348602, -33.6343295 ], [ -71.6348079, -33.6343585 ], [ -71.6347462, -33.6342982 ], [ -71.6346859, -33.6343295 ] ] } },
{ "type": "Feature", "properties": { "osm_id": "way/95530197", "name": "Gran Avenida del Mar", "source": "OpenStreetMap/Overpass", "highway": "tertiary", "surface": "asphalt", "feature_type": "road", "nearest_transect_id": "T06", "erosion_rate_m_per_year": -1.259, "distance_to_shoreline_m": 76.9, "years_to_impact": null, "risk_level": "bajo", "risk_explanation": "Sin avance erosivo positivo medido", "horizon_years": 30, "exposed_length_m": 0.0, "exposed_area_m2": null }, "geometry": { "type": "LineString", "coordinates": [ [ -71.6345261, -33.6360227 ], [ -71.6345086, -33.6359218 ], [ -71.6345, -33.6358202 ], [ -71.6345002, -33.6357182 ], [ -71.6345093, -33.6356166 ], [ -71.6345253, -33.6355248 ], [ -71.6345485, -33.6354341 ], [ -71.6345667, -33.6353558 ], [ -71.6345751, -33.6352764 ], [ -71.6345737, -33.6351967 ], [ -71.634562, -33.6351154 ], [ -71.63454, -33.63503570000001 ], [ -71.634508, -33.634958299999987 ], [ -71.6344664, -33.6348841 ], [ -71.6342089, -33.6344509 ], [ -71.63417, -33.6343876 ], [ -71.6341384, -33.6343215 ], [ -71.6341144, -33.6342532 ], [ -71.6340966, -33.6341727 ], [ -71.6340894, -33.634091100000013 ], [ -71.6340929, -33.6340093 ], [ -71.634107, -33.6339283 ], [ -71.6341874, -33.6335888 ], [ -71.6342168, -33.6334804 ], [ -71.6342401, -33.6333709 ], [ -71.6342572, -33.6332606 ], [ -71.6342696, -33.6331261 ], [ -71.6342728, -33.6329914 ], [ -71.6342669, -33.632856599999982 ], [ -71.6342128, -33.6322348 ], [ -71.6341953, -33.631656 ], [ -71.6341579, -33.6314309 ] ] } },
{ "type": "Feature", "properties": { "osm_id": "way/327763734", "name": null, "source": "OpenStreetMap/Overpass", "highway": "footway", "surface": null, "feature_type": "road", "nearest_transect_id": "T24", "erosion_rate_m_per_year": 1.651, "distance_to_shoreline_m": 189.2, "years_to_impact": 114.6, "risk_level": "bajo", "risk_explanation": "Impacto estimado después de 30 años", "horizon_years": 30, "exposed_length_m": 0.0, "exposed_area_m2": null }, "geometry": { "type": "LineString", "coordinates": [ [ -71.6332955, -33.6402585 ], [ -71.6333188, -33.6402642 ], [ -71.6333383, -33.6402762 ], [ -71.6333527, -33.640295 ], [ -71.6333576, -33.6403148 ], [ -71.6333502, -33.6403425 ], [ -71.6333357, -33.6403587 ], [ -71.6333154, -33.640369899999989 ], [ -71.633301, -33.6403735 ], [ -71.6332767, -33.6403739 ], [ -71.633251, -33.640366 ], [ -71.6332329, -33.6403525 ], [ -71.6332189, -33.640327 ], [ -71.6332187, -33.6403068 ], [ -71.6332268, -33.6402877 ], [ -71.6332364, -33.6402768 ], [ -71.6332557, -33.6402646 ], [ -71.6332789, -33.6402586 ], [ -71.6332955, -33.6402585 ] ] } },
{ "type": "Feature", "properties": { "osm_id": "way/327763729", "name": null, "source": "OpenStreetMap/Overpass", "highway": "footway", "surface": null, "feature_type": "road", "nearest_transect_id": "T24", "erosion_rate_m_per_year": 1.651, "distance_to_shoreline_m": 141.8, "years_to_impact": 85.9, "risk_level": "bajo", "risk_explanation": "Impacto estimado después de 30 años", "horizon_years": 30, "exposed_length_m": 0.0, "exposed_area_m2": null }, "geometry": { "type": "LineString", "coordinates": [ [ -71.6333527, -33.640295 ], [ -71.6334604, -33.6402377 ], [ -71.6335724, -33.6401901 ], [ -71.6336644, -33.6401879 ], [ -71.6337666, -33.6401834 ], [ -71.6338654, -33.6401797 ] ] } },
{ "type": "Feature", "properties": { "osm_id": "way/203398542", "name": null, "source": "OpenStreetMap/Overpass", "highway": "footway", "surface": null, "feature_type": "road", "nearest_transect_id": "T20", "erosion_rate_m_per_year": 0.895, "distance_to_shoreline_m": 50.6, "years_to_impact": 56.6, "risk_level": "bajo", "risk_explanation": "Impacto estimado después de 30 años", "horizon_years": 30, "exposed_length_m": 0.0, "exposed_area_m2": null }, "geometry": { "type": "LineString", "coordinates": [ [ -71.6348158, -33.6385054 ], [ -71.6347668, -33.638502899999985 ], [ -71.6346652, -33.6385014 ], [ -71.6345746, -33.6385018 ], [ -71.6341985, -33.6385093 ], [ -71.6339606, -33.6385368 ], [ -71.6337503, -33.6386051 ], [ -71.633642, -33.6386557 ], [ -71.6334504, -33.6387067 ], [ -71.6332596, -33.638685099999989 ], [ -71.63288630000001, -33.6385802 ] ] } },
{ "type": "Feature", "properties": { "osm_id": "way/80365884", "name": "Tritones", "source": "OpenStreetMap/Overpass", "highway": "residential", "surface": "paved", "feature_type": "road", "nearest_transect_id": "T19", "erosion_rate_m_per_year": 0.719, "distance_to_shoreline_m": 148.4, "years_to_impact": 206.5, "risk_level": "bajo", "risk_explanation": "Impacto estimado después de 30 años", "horizon_years": 30, "exposed_length_m": 0.0, "exposed_area_m2": null }, "geometry": { "type": "LineString", "coordinates": [ [ -71.632927, -33.6400045 ], [ -71.6329297, -33.6399016 ], [ -71.6329431, -33.6397993 ], [ -71.632967100000016, -33.6396983 ], [ -71.6330016, -33.6395995 ], [ -71.6330462, -33.639503499999989 ], [ -71.6331007, -33.6394111 ], [ -71.6331646, -33.639323 ], [ -71.633229500000013, -33.6392482 ], [ -71.6333012, -33.6391779 ], [ -71.6334872, -33.639007 ], [ -71.633552600000016, -33.638951599999984 ], [ -71.6336102, -33.6388905 ], [ -71.6336593, -33.6388245 ], [ -71.6336994, -33.638754299999988 ], [ -71.633729800000012, -33.6386809 ], [ -71.6337503, -33.6386051 ], [ -71.6337588, -33.6385488 ], [ -71.6337618, -33.6384922 ], [ -71.6337593, -33.6384355 ], [ -71.6337323, -33.6371998 ], [ -71.6337143, -33.6371529 ], [ -71.6336894, -33.6371083 ], [ -71.6336661, -33.6370763 ], [ -71.6336392, -33.637046299999987 ], [ -71.6336049, -33.6370152 ], [ -71.6335668, -33.6369874 ] ] } },
{ "type": "Feature", "properties": { "osm_id": "way/80365855", "name": "Gran Avenida del Mar", "source": "OpenStreetMap/Overpass", "highway": "tertiary", "surface": "asphalt", "feature_type": "road", "nearest_transect_id": "T19", "erosion_rate_m_per_year": 0.719, "distance_to_shoreline_m": 73.0, "years_to_impact": 101.6, "risk_level": "bajo", "risk_explanation": "Impacto estimado después de 30 años", "horizon_years": 30, "exposed_length_m": 0.0, "exposed_area_m2": null }, "geometry": { "type": "LineString", "coordinates": [ [ -71.6336636, -33.640148 ], [ -71.6336685, -33.640077599999984 ], [ -71.6336822, -33.640008100000017 ], [ -71.6337047, -33.6399401 ], [ -71.6337341, -33.6398773 ], [ -71.6337709, -33.639817299999983 ], [ -71.6338148, -33.639760699999989 ], [ -71.6338654, -33.639708 ], [ -71.6341825, -33.6394005 ], [ -71.6343938, -33.6391951 ], [ -71.634435, -33.6391456 ], [ -71.6344714, -33.6390936 ], [ -71.6345025, -33.6390392 ], [ -71.6345328, -33.6389714 ], [ -71.6345551, -33.6389014 ], [ -71.6345691, -33.63883 ], [ -71.6345747, -33.638757699999985 ], [ -71.6345719, -33.6386854 ], [ -71.6345746, -33.6385018 ], [ -71.6345317, -33.6372528 ], [ -71.6345302, -33.6372079 ], [ -71.6344943, -33.636164700000023 ] ] } },
{ "type": "Feature", "properties": { "osm_id": "way/80365882", "name": "Neptuno", "source": "OpenStreetMap/Overpass", "highway": "residential", "surface": "asphalt", "feature_type": "road", "nearest_transect_id": "T17", "erosion_rate_m_per_year": 0.395, "distance_to_shoreline_m": 87.3, "years_to_impact": 221.1, "risk_level": "bajo", "risk_explanation": "Impacto estimado después de 30 años", "horizon_years": 30, "exposed_length_m": 0.0, "exposed_area_m2": null }, "geometry": { "type": "LineString", "coordinates": [ [ -71.6322373, -33.6394869 ], [ -71.6323848, -33.6392761 ], [ -71.632503, -33.6391091 ], [ -71.6327732, -33.6387678 ], [ -71.6328332, -33.6386754 ], [ -71.63288630000001, -33.6385802 ], [ -71.6329234, -33.6385026 ], [ -71.6329617, -33.6384084 ], [ -71.6329933, -33.638312599999985 ], [ -71.6330516, -33.6380698 ], [ -71.6331253, -33.6377246 ], [ -71.6331377, -33.637646799999985 ], [ -71.6331576, -33.6375701 ], [ -71.633184900000018, -33.6374949 ], [ -71.6332195, -33.6374219 ], [ -71.6332575, -33.637357 ], [ -71.6333012, -33.6372946 ], [ -71.6333503, -33.6372351 ], [ -71.6335031, -33.6370603 ], [ -71.6335668, -33.6369874 ], [ -71.6338612, -33.6365999 ], [ -71.6340648, -33.636359199999987 ], [ -71.6341769, -33.6362474 ], [ -71.6342378, -33.6362044 ], [ -71.6343053, -33.6361689 ], [ -71.6343767, -33.636142 ], [ -71.6344519, -33.6361234 ] ] } },
{ "type": "Feature", "properties": { "osm_id": "way/563349676", "name": null, "source": "OpenStreetMap/Overpass", "highway": "service", "surface": null, "feature_type": "road", "nearest_transect_id": "T16", "erosion_rate_m_per_year": 0.232, "distance_to_shoreline_m": 77.2, "years_to_impact": 332.0, "risk_level": "bajo", "risk_explanation": "Impacto estimado después de 30 años", "horizon_years": 30, "exposed_length_m": 0.0, "exposed_area_m2": null }, "geometry": { "type": "LineString", "coordinates": [ [ -71.6338654, -33.6369981 ], [ -71.6339485, -33.6370495 ], [ -71.634308, -33.6371879 ], [ -71.6345302, -33.6372079 ] ] } },
{ "type": "Feature", "properties": { "osm_id": "way/456469000", "name": null, "source": "OpenStreetMap/Overpass", "highway": "footway", "surface": "ground", "feature_type": "road", "nearest_transect_id": "T15", "erosion_rate_m_per_year": 0.027, "distance_to_shoreline_m": 54.0, "years_to_impact": 1998.2, "risk_level": "bajo", "risk_explanation": "Impacto estimado después de 30 años", "horizon_years": 30, "exposed_length_m": 0.0, "exposed_area_m2": null }, "geometry": { "type": "LineString", "coordinates": [ [ -71.6347789, -33.6372415 ], [ -71.634729, -33.6372457 ], [ -71.6346064, -33.6372477 ], [ -71.6345317, -33.6372528 ], [ -71.6343046, -33.6372705 ], [ -71.6339854, -33.6371812 ], [ -71.6338459, -33.6371075 ], [ -71.6336392, -33.637046299999987 ], [ -71.6335031, -33.6370603 ], [ -71.6332156, -33.637109699999989 ], [ -71.6331763, -33.6371134 ], [ -71.633137, -33.6371093 ], [ -71.6331, -33.6370974 ], [ -71.6330674, -33.6370786 ], [ -71.6330412, -33.6370539 ], [ -71.6330245, -33.6370282 ], [ -71.6330147, -33.6370002 ], [ -71.6330122, -33.6369711 ], [ -71.6330172, -33.6369422 ], [ -71.6330574, -33.6366541 ], [ -71.6329823, -33.6365782 ], [ -71.632934, -33.6363683 ], [ -71.6329554, -33.6362968 ], [ -71.6330681, -33.6363594 ], [ -71.6333041, -33.6363906 ], [ -71.6336582, -33.6363951 ], [ -71.6338245, -33.6363594 ], [ -71.6341769, -33.6362474 ] ] } },
{ "type": "Feature", "properties": { "osm_id": "way/95530186", "name": null, "source": "OpenStreetMap/Overpass", "highway": "footway", "surface": null, "feature_type": "road", "nearest_transect_id": "T01", "erosion_rate_m_per_year": -1.8, "distance_to_shoreline_m": 165.7, "years_to_impact": null, "risk_level": "bajo", "risk_explanation": "Sin avance erosivo positivo medido", "horizon_years": 30, "exposed_length_m": 0.0, "exposed_area_m2": null }, "geometry": { "type": "LineString", "coordinates": [ [ -71.6326096, -33.6317373 ], [ -71.6327332, -33.6317244 ], [ -71.6329406, -33.6316683 ], [ -71.6331567, -33.631570699999983 ], [ -71.6333981, -33.631460599999983 ], [ -71.633715, -33.6313729 ], [ -71.6338604, -33.631322 ] ] } },
{ "type": "Feature", "properties": { "osm_id": "way/1348494616", "name": null, "source": "OpenStreetMap/Overpass", "highway": "tertiary_link", "surface": "paved", "feature_type": "road", "nearest_transect_id": "T01", "erosion_rate_m_per_year": -1.8, "distance_to_shoreline_m": 135.5, "years_to_impact": null, "risk_level": "bajo", "risk_explanation": "Sin avance erosivo positivo medido", "horizon_years": 30, "exposed_length_m": 0.0, "exposed_area_m2": null }, "geometry": { "type": "LineString", "coordinates": [ [ -71.6341579, -33.6314309 ], [ -71.6341294, -33.6314038 ], [ -71.634095500000015, -33.6313815 ], [ -71.6340581, -33.6313652 ], [ -71.6340179, -33.6313547 ] ] } },
{ "type": "Feature", "properties": { "osm_id": "way/1348494621", "name": null, "source": "OpenStreetMap/Overpass", "highway": "footway", "surface": null, "feature_type": "road", "nearest_transect_id": "T05", "erosion_rate_m_per_year": -1.368, "distance_to_shoreline_m": 79.7, "years_to_impact": null, "risk_level": "bajo", "risk_explanation": "Sin avance erosivo positivo medido", "horizon_years": 30, "exposed_length_m": 0.0, "exposed_area_m2": null }, "geometry": { "type": "LineString", "coordinates": [ [ -71.6344777, -33.635542 ], [ -71.6344876, -33.6354831 ], [ -71.6345005, -33.635424700000016 ], [ -71.634517, -33.6353646 ], [ -71.6345367, -33.6353052 ], [ -71.6345468, -33.635241 ], [ -71.6345458, -33.635176099999988 ], [ -71.6345338, -33.6351121 ], [ -71.6345109, -33.6350501 ], [ -71.6344777, -33.6349915 ], [ -71.6341612, -33.6344656 ], [ -71.6341247, -33.634405600000015 ], [ -71.6340945, -33.6343432 ], [ -71.6340708, -33.634279 ], [ -71.6340539, -33.6342132 ], [ -71.6340429, -33.6341365 ], [ -71.634041, -33.6340593 ], [ -71.6340483, -33.6339822 ], [ -71.6340646, -33.6339062 ], [ -71.6341451, -33.6335745 ], [ -71.6341746, -33.6334515 ], [ -71.6341974, -33.6333275 ], [ -71.6342135, -33.6332027 ], [ -71.6342239, -33.6330476 ], [ -71.6342239, -33.6328922 ], [ -71.6342135, -33.632737099999986 ], [ -71.6341854, -33.6325748 ], [ -71.6341653, -33.6324117 ], [ -71.6341531, -33.632248 ], [ -71.634149, -33.6320945 ], [ -71.6341518, -33.6319409 ], [ -71.6341477, -33.6317806 ], [ -71.6341446, -33.6315801 ], [ -71.6341441, -33.6315393 ], [ -71.6341353, -33.631499099999985 ], [ -71.6341183, -33.6314608 ], [ -71.6341019, -33.6314359 ], [ -71.6340821, -33.6314128 ], [ -71.6340543, -33.631395099999985 ], [ -71.6340216, -33.6313849 ], [ -71.6339867, -33.631383299999989 ], [ -71.6339527, -33.6313903 ], [ -71.6339228, -33.6314053 ], [ -71.6338995, -33.631427 ], [ -71.6338849, -33.631453399999984 ] ] } },
{ "type": "Feature", "properties": { "osm_id": "way/909407434", "name": null, "source": "OpenStreetMap/Overpass", "highway": "footway", "surface": null, "feature_type": "road", "nearest_transect_id": "T01", "erosion_rate_m_per_year": -1.8, "distance_to_shoreline_m": 84.7, "years_to_impact": null, "risk_level": "bajo", "risk_explanation": "Sin avance erosivo positivo medido", "horizon_years": 30, "exposed_length_m": 0.0, "exposed_area_m2": null }, "geometry": { "type": "LineString", "coordinates": [ [ -71.6344565, -33.631652699999982 ], [ -71.6345236, -33.6316237 ], [ -71.6346094, -33.6317309 ] ] } },
{ "type": "Feature", "properties": { "osm_id": "way/909407433", "name": null, "source": "OpenStreetMap/Overpass", "highway": "steps", "surface": null, "feature_type": "road", "nearest_transect_id": "T01", "erosion_rate_m_per_year": -1.8, "distance_to_shoreline_m": 100.7, "years_to_impact": null, "risk_level": "bajo", "risk_explanation": "Sin avance erosivo positivo medido", "horizon_years": 30, "exposed_length_m": 0.0, "exposed_area_m2": null }, "geometry": { "type": "LineString", "coordinates": [ [ -71.6344565, -33.631652699999982 ], [ -71.634317, -33.6315612 ] ] } },
{ "type": "Feature", "properties": { "osm_id": "way/1112276522", "name": null, "source": "OpenStreetMap/Overpass", "highway": "footway", "surface": null, "feature_type": "road", "nearest_transect_id": "T01", "erosion_rate_m_per_year": -1.8, "distance_to_shoreline_m": 116.3, "years_to_impact": null, "risk_level": "bajo", "risk_explanation": "Sin avance erosivo positivo medido", "horizon_years": 30, "exposed_length_m": 0.0, "exposed_area_m2": null }, "geometry": { "type": "LineString", "coordinates": [ [ -71.634317, -33.6315612 ], [ -71.6342321, -33.6316505 ] ] } },
{ "type": "Feature", "properties": { "osm_id": "way/909407435", "name": null, "source": "OpenStreetMap/Overpass", "highway": "footway", "surface": "dirt", "feature_type": "road", "nearest_transect_id": "T01", "erosion_rate_m_per_year": -1.8, "distance_to_shoreline_m": 95.9, "years_to_impact": null, "risk_level": "bajo", "risk_explanation": "Sin avance erosivo positivo medido", "horizon_years": 30, "exposed_length_m": 0.0, "exposed_area_m2": null }, "geometry": { "type": "LineString", "coordinates": [ [ -71.6345236, -33.6316237 ], [ -71.634537, -33.6315455 ], [ -71.634545, -33.6314808 ], [ -71.6346228, -33.6313267 ], [ -71.6346872, -33.6312976 ], [ -71.634829300000021, -33.6312463 ], [ -71.6348937, -33.6312262 ], [ -71.6349179, -33.6311949 ], [ -71.6349339, -33.6311547 ], [ -71.6349983, -33.6311056 ], [ -71.6349822, -33.6310565 ], [ -71.6350009, -33.6310275 ] ] } },
{ "type": "Feature", "properties": { "osm_id": "way/455441828", "name": null, "source": "OpenStreetMap/Overpass", "highway": "footway", "surface": "ground", "feature_type": "road", "nearest_transect_id": "T01", "erosion_rate_m_per_year": -1.8, "distance_to_shoreline_m": 208.2, "years_to_impact": null, "risk_level": "bajo", "risk_explanation": "Sin avance erosivo positivo medido", "horizon_years": 30, "exposed_length_m": 0.0, "exposed_area_m2": null }, "geometry": { "type": "LineString", "coordinates": [ [ -71.6342698, -33.6294085 ], [ -71.6343219, -33.6294428 ], [ -71.6346247, -33.6294877 ], [ -71.634719200000021, -33.6295132 ], [ -71.6349714, -33.6295659 ], [ -71.6350646, -33.6296128 ], [ -71.6352201, -33.6297021 ], [ -71.6352069, -33.6297736 ], [ -71.635174500000019, -33.6298741 ], [ -71.6350887, -33.629921 ], [ -71.6349868, -33.6299545 ], [ -71.634968, -33.6299902 ], [ -71.6349975, -33.6300505 ], [ -71.6351101, -33.630084 ] ] } },
{ "type": "Feature", "properties": { "osm_id": "way/909407432", "name": null, "source": "OpenStreetMap/Overpass", "highway": "footway", "surface": "dirt", "feature_type": "road", "nearest_transect_id": "T01", "erosion_rate_m_per_year": -1.8, "distance_to_shoreline_m": 241.0, "years_to_impact": null, "risk_level": "bajo", "risk_explanation": "Sin avance erosivo positivo medido", "horizon_years": 30, "exposed_length_m": 0.0, "exposed_area_m2": null }, "geometry": { "type": "LineString", "coordinates": [ [ -71.6350646, -33.6296128 ], [ -71.6352196, -33.6295713 ], [ -71.6352598, -33.6295624 ], [ -71.6353175, -33.6296171 ], [ -71.6353282, -33.6297031 ], [ -71.6352069, -33.6297736 ] ] } },
{ "type": "Feature", "properties": { "osm_id": "way/909407431", "name": null, "source": "OpenStreetMap/Overpass", "highway": "footway", "surface": null, "feature_type": "road", "nearest_transect_id": "T01", "erosion_rate_m_per_year": -1.8, "distance_to_shoreline_m": 242.5, "years_to_impact": null, "risk_level": "bajo", "risk_explanation": "Sin avance erosivo positivo medido", "horizon_years": 30, "exposed_length_m": 0.0, "exposed_area_m2": null }, "geometry": { "type": "LineString", "coordinates": [ [ -71.634719200000021, -33.6295132 ], [ -71.634779, -33.629610499999984 ], [ -71.6347829, -33.6296834 ], [ -71.6349584, -33.629793 ] ] } },
{ "type": "Feature", "properties": { "osm_id": "way/330593942", "name": null, "source": "OpenStreetMap/Overpass", "highway": "service", "surface": null, "feature_type": "road", "nearest_transect_id": "T01", "erosion_rate_m_per_year": -1.8, "distance_to_shoreline_m": 329.8, "years_to_impact": null, "risk_level": "bajo", "risk_explanation": "Sin avance erosivo positivo medido", "horizon_years": 30, "exposed_length_m": 0.0, "exposed_area_m2": null }, "geometry": { "type": "LineString", "coordinates": [ [ -71.6346061, -33.6289728 ], [ -71.63437, -33.6291118 ], [ -71.6343022, -33.6291148 ] ] } },
{ "type": "Feature", "properties": { "osm_id": "way/1285356279", "name": null, "source": "OpenStreetMap/Overpass", "highway": "service", "surface": null, "feature_type": "road", "nearest_transect_id": "T01", "erosion_rate_m_per_year": -1.8, "distance_to_shoreline_m": 338.5, "years_to_impact": null, "risk_level": "bajo", "risk_explanation": "Sin avance erosivo positivo medido", "horizon_years": 30, "exposed_length_m": 0.0, "exposed_area_m2": null }, "geometry": { "type": "LineString", "coordinates": [ [ -71.6346888, -33.6289112 ], [ -71.6346061, -33.6289728 ] ] } },
{ "type": "Feature", "properties": { "osm_id": "way/1348494613", "name": "Gran Avenida del Mar", "source": "OpenStreetMap/Overpass", "highway": "tertiary", "surface": "asphalt", "feature_type": "road", "nearest_transect_id": "T01", "erosion_rate_m_per_year": -1.8, "distance_to_shoreline_m": 135.5, "years_to_impact": null, "risk_level": "bajo", "risk_explanation": "Sin avance erosivo positivo medido", "horizon_years": 30, "exposed_length_m": 0.0, "exposed_area_m2": null }, "geometry": { "type": "LineString", "coordinates": [ [ -71.6341579, -33.6314309 ], [ -71.6341406, -33.6313265 ] ] } },
{ "type": "Feature", "properties": { "osm_id": "way/1348494619", "name": null, "source": "OpenStreetMap/Overpass", "highway": "tertiary_link", "surface": "paved", "feature_type": "road", "nearest_transect_id": "T01", "erosion_rate_m_per_year": -1.8, "distance_to_shoreline_m": 150.9, "years_to_impact": null, "risk_level": "bajo", "risk_explanation": "Sin avance erosivo positivo medido", "horizon_years": 30, "exposed_length_m": 0.0, "exposed_area_m2": null }, "geometry": { "type": "LineString", "coordinates": [ [ -71.6340179, -33.6313547 ], [ -71.6338755, -33.6313873 ] ] } },
{ "type": "Feature", "properties": { "osm_id": "way/1348494614", "name": null, "source": "OpenStreetMap/Overpass", "highway": "tertiary_link", "surface": "paved", "feature_type": "road", "nearest_transect_id": "T01", "erosion_rate_m_per_year": -1.8, "distance_to_shoreline_m": 142.1, "years_to_impact": null, "risk_level": "bajo", "risk_explanation": "Sin avance erosivo positivo medido", "horizon_years": 30, "exposed_length_m": 0.0, "exposed_area_m2": null }, "geometry": { "type": "LineString", "coordinates": [ [ -71.6341406, -33.6313265 ], [ -71.6340179, -33.6313547 ] ] } },
{ "type": "Feature", "properties": { "osm_id": "way/1348494612", "name": "Gran Avenida del Mar", "source": "OpenStreetMap/Overpass", "highway": "tertiary", "surface": "asphalt", "feature_type": "road", "nearest_transect_id": "T01", "erosion_rate_m_per_year": -1.8, "distance_to_shoreline_m": 142.1, "years_to_impact": null, "risk_level": "bajo", "risk_explanation": "Sin avance erosivo positivo medido", "horizon_years": 30, "exposed_length_m": 0.0, "exposed_area_m2": null }, "geometry": { "type": "LineString", "coordinates": [ [ -71.6341406, -33.6313265 ], [ -71.6341322, -33.6312761 ] ] } },
{ "type": "Feature", "properties": { "osm_id": "way/1348494615", "name": null, "source": "OpenStreetMap/Overpass", "highway": "tertiary_link", "surface": "paved", "feature_type": "road", "nearest_transect_id": "T01", "erosion_rate_m_per_year": -1.8, "distance_to_shoreline_m": 157.0, "years_to_impact": null, "risk_level": "bajo", "risk_explanation": "Sin avance erosivo positivo medido", "horizon_years": 30, "exposed_length_m": 0.0, "exposed_area_m2": null }, "geometry": { "type": "LineString", "coordinates": [ [ -71.6338541, -33.6313023 ], [ -71.6339818, -33.6312903 ] ] } },
{ "type": "Feature", "properties": { "osm_id": "way/1348494618", "name": null, "source": "OpenStreetMap/Overpass", "highway": "tertiary_link", "surface": "paved", "feature_type": "road", "nearest_transect_id": "T01", "erosion_rate_m_per_year": -1.8, "distance_to_shoreline_m": 145.5, "years_to_impact": null, "risk_level": "bajo", "risk_explanation": "Sin avance erosivo positivo medido", "horizon_years": 30, "exposed_length_m": 0.0, "exposed_area_m2": null }, "geometry": { "type": "LineString", "coordinates": [ [ -71.6339818, -33.6312903 ], [ -71.6341322, -33.6312761 ] ] } },
{ "type": "Feature", "properties": { "osm_id": "way/1348494617", "name": null, "source": "OpenStreetMap/Overpass", "highway": "tertiary_link", "surface": "paved", "feature_type": "road", "nearest_transect_id": "T01", "erosion_rate_m_per_year": -1.8, "distance_to_shoreline_m": 154.1, "years_to_impact": null, "risk_level": "bajo", "risk_explanation": "Sin avance erosivo positivo medido", "horizon_years": 30, "exposed_length_m": 0.0, "exposed_area_m2": null }, "geometry": { "type": "LineString", "coordinates": [ [ -71.6339818, -33.6312903 ], [ -71.6340196, -33.631266 ], [ -71.6340512, -33.6312363 ], [ -71.6340701, -33.63121120000001 ], [ -71.6340846, -33.6311841 ], [ -71.6340944, -33.6311556 ] ] } },
{ "type": "Feature", "properties": { "osm_id": "way/1348494611", "name": "Gran Avenida del Mar", "source": "OpenStreetMap/Overpass", "highway": "tertiary", "surface": "asphalt", "feature_type": "road", "nearest_transect_id": "T01", "erosion_rate_m_per_year": -1.8, "distance_to_shoreline_m": 145.5, "years_to_impact": null, "risk_level": "bajo", "risk_explanation": "Sin avance erosivo positivo medido", "horizon_years": 30, "exposed_length_m": 0.0, "exposed_area_m2": null }, "geometry": { "type": "LineString", "coordinates": [ [ -71.6341322, -33.6312761 ], [ -71.6340944, -33.6311556 ] ] } },
{ "type": "Feature", "properties": { "osm_id": "way/1348494620", "name": null, "source": "OpenStreetMap/Overpass", "highway": "footway", "surface": null, "feature_type": "road", "nearest_transect_id": "T01", "erosion_rate_m_per_year": -1.8, "distance_to_shoreline_m": 157.5, "years_to_impact": null, "risk_level": "bajo", "risk_explanation": "Sin avance erosivo positivo medido", "horizon_years": 30, "exposed_length_m": 0.0, "exposed_area_m2": null }, "geometry": { "type": "LineString", "coordinates": [ [ -71.6340042, -33.6309841 ], [ -71.6340445, -33.6311459 ], [ -71.6340469, -33.631171 ], [ -71.6340397, -33.6311954 ], [ -71.6340236, -33.6312168 ], [ -71.6340003, -33.6312328 ], [ -71.6339721, -33.631241899999985 ], [ -71.6339453, -33.6312435 ], [ -71.6339191, -33.6312387 ], [ -71.6338955, -33.631228099999987 ], [ -71.6338765, -33.6312123 ], [ -71.6338635, -33.6311928 ], [ -71.633817400000012, -33.6312028 ] ] } },
{ "type": "Feature", "properties": { "osm_id": "way/1348494610", "name": "Gran Avenida del Mar", "source": "OpenStreetMap/Overpass", "highway": "tertiary", "surface": "asphalt", "feature_type": "road", "nearest_transect_id": "T01", "erosion_rate_m_per_year": -1.8, "distance_to_shoreline_m": 155.5, "years_to_impact": null, "risk_level": "bajo", "risk_explanation": "Sin avance erosivo positivo medido", "horizon_years": 30, "exposed_length_m": 0.0, "exposed_area_m2": null }, "geometry": { "type": "LineString", "coordinates": [ [ -71.6340944, -33.6311556 ], [ -71.6340385, -33.630977499999986 ], [ -71.6340257, -33.630918 ], [ -71.6339799, -33.6307061 ], [ -71.6339407, -33.630524800000011 ], [ -71.6339165, -33.6304326 ], [ -71.6339015, -33.6303391 ], [ -71.6338958, -33.6302449 ], [ -71.6338995, -33.6301506 ], [ -71.6339126, -33.6300569 ], [ -71.6339284, -33.6299877 ], [ -71.6339708, -33.629888199999989 ], [ -71.634114, -33.6296779 ], [ -71.634228, -33.6295043 ], [ -71.6342508, -33.6294569 ], [ -71.6342698, -33.6294085 ], [ -71.6342901, -33.6293382 ], [ -71.6343024, -33.6292667 ], [ -71.6343068, -33.6291945 ], [ -71.6343022, -33.6291148 ], [ -71.6342889, -33.629037 ], [ -71.634267100000017, -33.6289606 ], [ -71.6342371, -33.6288861 ], [ -71.634202, -33.6288192 ], [ -71.6341601, -33.628754899999983 ], [ -71.6341119, -33.6286939 ], [ -71.6340577, -33.6286365 ], [ -71.6339978, -33.6285831 ], [ -71.6336768, -33.6282704 ], [ -71.6334904, -33.6280828 ], [ -71.6332577, -33.627769 ], [ -71.6332167, -33.6277083 ] ] } },
{ "type": "Feature", "properties": { "osm_id": "way/80365856", "name": "Avenida del Pacífico", "source": "OpenStreetMap/Overpass", "highway": "residential", "surface": "unpaved", "feature_type": "road", "nearest_transect_id": "T01", "erosion_rate_m_per_year": -1.8, "distance_to_shoreline_m": 280.9, "years_to_impact": null, "risk_level": "bajo", "risk_explanation": "Sin avance erosivo positivo medido", "horizon_years": 30, "exposed_length_m": 0.0, "exposed_area_m2": null }, "geometry": { "type": "LineString", "coordinates": [ [ -71.634114, -33.6296779 ], [ -71.6340793, -33.629655599999985 ], [ -71.6340518, -33.6296287 ], [ -71.6338338, -33.6294661 ], [ -71.6335722, -33.6292976 ], [ -71.633416, -33.629214800000014 ], [ -71.6332185, -33.6291175 ], [ -71.6330759, -33.6290572 ], [ -71.6328919, -33.6289836 ] ] } },
{ "type": "Feature", "properties": { "osm_id": "way/909407425", "name": null, "source": "OpenStreetMap/Overpass", "highway": "footway", "surface": "dirt", "feature_type": "road", "nearest_transect_id": "T01", "erosion_rate_m_per_year": -1.8, "distance_to_shoreline_m": 313.9, "years_to_impact": null, "risk_level": "bajo", "risk_explanation": "Sin avance erosivo positivo medido", "horizon_years": 30, "exposed_length_m": 0.0, "exposed_area_m2": null }, "geometry": { "type": "LineString", "coordinates": [ [ -71.6338338, -33.6294661 ], [ -71.633815, -33.629304599999983 ], [ -71.6337855, -33.6291964 ], [ -71.6337555, -33.629092 ], [ -71.6336494, -33.6289862 ] ] } },
{ "type": "Feature", "properties": { "osm_id": "way/909407424", "name": null, "source": "OpenStreetMap/Overpass", "highway": "footway", "surface": "dirt", "feature_type": "road", "nearest_transect_id": "T01", "erosion_rate_m_per_year": -1.8, "distance_to_shoreline_m": 338.4, "years_to_impact": null, "risk_level": "bajo", "risk_explanation": "Sin avance erosivo positivo medido", "horizon_years": 30, "exposed_length_m": 0.0, "exposed_area_m2": null }, "geometry": { "type": "LineString", "coordinates": [ [ -71.6335454, -33.6289783 ], [ -71.6336494, -33.6289862 ], [ -71.6337805, -33.6289941 ], [ -71.6338974, -33.6290274 ], [ -71.6341976, -33.6290352 ], [ -71.6342528, -33.6290642 ] ] } },
{ "type": "Feature", "properties": { "osm_id": "way/909407426", "name": null, "source": "OpenStreetMap/Overpass", "highway": "footway", "surface": "dirt", "feature_type": "road", "nearest_transect_id": "T01", "erosion_rate_m_per_year": -1.8, "distance_to_shoreline_m": 346.2, "years_to_impact": null, "risk_level": "bajo", "risk_explanation": "Sin avance erosivo positivo medido", "horizon_years": 30, "exposed_length_m": 0.0, "exposed_area_m2": null }, "geometry": { "type": "LineString", "coordinates": [ [ -71.6342362, -33.628994 ], [ -71.6341811, -33.6289868 ], [ -71.6341046, -33.6289744 ], [ -71.6339474, -33.6289289 ], [ -71.6339342, -33.628811 ], [ -71.6338731, -33.6287294 ], [ -71.6338195, -33.6286802 ], [ -71.6335777, -33.6286837 ] ] } },
{ "type": "Feature", "properties": { "osm_id": "way/909407427", "name": null, "source": "OpenStreetMap/Overpass", "highway": "footway", "surface": null, "feature_type": "road", "nearest_transect_id": "T01", "erosion_rate_m_per_year": -1.8, "distance_to_shoreline_m": 399.0, "years_to_impact": null, "risk_level": "bajo", "risk_explanation": "Sin avance erosivo positivo medido", "horizon_years": 30, "exposed_length_m": 0.0, "exposed_area_m2": null }, "geometry": { "type": "LineString", "coordinates": [ [ -71.6335543, -33.6286281 ], [ -71.6334299, -33.6286662 ], [ -71.6334971, -33.6287462 ] ] } },
{ "type": "Feature", "properties": { "osm_id": "way/909407428", "name": null, "source": "OpenStreetMap/Overpass", "highway": "steps", "surface": null, "feature_type": "road", "nearest_transect_id": "T01", "erosion_rate_m_per_year": -1.8, "distance_to_shoreline_m": 409.8, "years_to_impact": null, "risk_level": "bajo", "risk_explanation": "Sin avance erosivo positivo medido", "horizon_years": 30, "exposed_length_m": 0.0, "exposed_area_m2": null }, "geometry": { "type": "LineString", "coordinates": [ [ -71.6334299, -33.6286662 ], [ -71.633366, -33.6286513 ], [ -71.63331, -33.6286794 ] ] } },
{ "type": "Feature", "properties": { "osm_id": "way/909407429", "name": null, "source": "OpenStreetMap/Overpass", "highway": "footway", "surface": "ground", "feature_type": "road", "nearest_transect_id": "T01", "erosion_rate_m_per_year": -1.8, "distance_to_shoreline_m": 430.1, "years_to_impact": null, "risk_level": "bajo", "risk_explanation": "Sin avance erosivo positivo medido", "horizon_years": 30, "exposed_length_m": 0.0, "exposed_area_m2": null }, "geometry": { "type": "LineString", "coordinates": [ [ -71.6333907, -33.628477300000014 ], [ -71.6333007, -33.6284926 ], [ -71.6331258, -33.6285072 ], [ -71.6330695, -33.6284938 ] ] } },
{ "type": "Feature", "properties": { "osm_id": "way/1294863258", "name": null, "source": "OpenStreetMap/Overpass", "highway": "footway", "surface": "ground", "feature_type": "road", "nearest_transect_id": "T01", "erosion_rate_m_per_year": -1.8, "distance_to_shoreline_m": 438.5, "years_to_impact": null, "risk_level": "bajo", "risk_explanation": "Sin avance erosivo positivo medido", "horizon_years": 30, "exposed_length_m": 0.0, "exposed_area_m2": null }, "geometry": { "type": "LineString", "coordinates": [ [ -71.6330495, -33.6285488 ], [ -71.6330695, -33.6284938 ], [ -71.6330428, -33.6284518 ], [ -71.6330349, -33.6284106 ], [ -71.6330577, -33.6283835 ], [ -71.6331111, -33.6283826 ], [ -71.6332622, -33.628387 ] ] } },
{ "type": "Feature", "properties": { "osm_id": "way/1491389384", "name": null, "source": "OpenStreetMap/Overpass", "highway": "footway", "surface": "dirt", "feature_type": "road", "nearest_transect_id": "T01", "erosion_rate_m_per_year": -1.8, "distance_to_shoreline_m": 431.3, "years_to_impact": null, "risk_level": "bajo", "risk_explanation": "Sin avance erosivo positivo medido", "horizon_years": 30, "exposed_length_m": 0.0, "exposed_area_m2": null }, "geometry": { "type": "LineString", "coordinates": [ [ -71.633908, -33.6281933 ], [ -71.6339686, -33.6281478 ], [ -71.6339584, -33.6281223 ], [ -71.6340797, -33.6281284 ], [ -71.6341732, -33.6281637 ], [ -71.6343047, -33.6281746 ], [ -71.6344203, -33.6281426 ] ] } },
{ "type": "Feature", "properties": { "osm_id": "way/1491389383", "name": null, "source": "OpenStreetMap/Overpass", "highway": "footway", "surface": "dirt", "feature_type": "road", "nearest_transect_id": "T01", "erosion_rate_m_per_year": -1.8, "distance_to_shoreline_m": 483.2, "years_to_impact": null, "risk_level": "bajo", "risk_explanation": "Sin avance erosivo positivo medido", "horizon_years": 30, "exposed_length_m": 0.0, "exposed_area_m2": null }, "geometry": { "type": "LineString", "coordinates": [ [ -71.6335605, -33.6278391 ], [ -71.6336018, -33.6278229 ], [ -71.6336398, -33.6278546 ], [ -71.6337318, -33.6278108 ], [ -71.6338151, -33.6277463 ], [ -71.6338692, -33.6277268 ], [ -71.6339642, -33.6277317 ], [ -71.6341431, -33.6277264 ] ] } },
{ "type": "Feature", "properties": { "osm_id": "way/1491389388", "name": null, "source": "OpenStreetMap/Overpass", "highway": "footway", "surface": "dirt", "feature_type": "road", "nearest_transect_id": "T01", "erosion_rate_m_per_year": -1.8, "distance_to_shoreline_m": 335.6, "years_to_impact": null, "risk_level": "bajo", "risk_explanation": "Sin avance erosivo positivo medido", "horizon_years": 30, "exposed_length_m": 0.0, "exposed_area_m2": null }, "geometry": { "type": "LineString", "coordinates": [ [ -71.6350954, -33.6288184 ], [ -71.6350486, -33.628866 ], [ -71.6350369, -33.628878 ], [ -71.6350395, -33.6289316 ] ] } },
{ "type": "Feature", "properties": { "osm_id": "way/1491389389", "name": null, "source": "OpenStreetMap/Overpass", "highway": "footway", "surface": "dirt", "feature_type": "road", "nearest_transect_id": "T01", "erosion_rate_m_per_year": -1.8, "distance_to_shoreline_m": 335.4, "years_to_impact": null, "risk_level": "bajo", "risk_explanation": "Sin avance erosivo positivo medido", "horizon_years": 30, "exposed_length_m": 0.0, "exposed_area_m2": null }, "geometry": { "type": "LineString", "coordinates": [ [ -71.6350954, -33.6288184 ], [ -71.6352223, -33.6288587 ], [ -71.6353876, -33.62891110000001 ] ] } },
{ "type": "Feature", "properties": { "osm_id": "way/1491389387", "name": null, "source": "OpenStreetMap/Overpass", "highway": "footway", "surface": "dirt", "feature_type": "road", "nearest_transect_id": "T01", "erosion_rate_m_per_year": -1.8, "distance_to_shoreline_m": 337.6, "years_to_impact": null, "risk_level": "bajo", "risk_explanation": "Sin avance erosivo positivo medido", "horizon_years": 30, "exposed_length_m": 0.0, "exposed_area_m2": null }, "geometry": { "type": "LineString", "coordinates": [ [ -71.6347873, -33.6289476 ], [ -71.6348279, -33.628908399999986 ], [ -71.6348893, -33.6288269 ], [ -71.6350223, -33.6288171 ], [ -71.6350954, -33.6288184 ], [ -71.6351227, -33.6286096 ] ] } },
{ "type": "Feature", "properties": { "osm_id": "way/330593943", "name": null, "source": "OpenStreetMap/Overpass", "highway": "service", "surface": null, "feature_type": "road", "nearest_transect_id": "T01", "erosion_rate_m_per_year": -1.8, "distance_to_shoreline_m": 282.9, "years_to_impact": null, "risk_level": "bajo", "risk_explanation": "Sin avance erosivo positivo medido", "horizon_years": 30, "exposed_length_m": 0.0, "exposed_area_m2": null }, "geometry": { "type": "LineString", "coordinates": [ [ -71.6351918, -33.6293957 ], [ -71.6346888, -33.6289112 ], [ -71.6336362, -33.628015499999982 ], [ -71.6334323, -33.6277163 ] ] } },
{ "type": "Feature", "properties": { "osm_id": "way/1491389386", "name": null, "source": "OpenStreetMap/Overpass", "highway": "footway", "surface": "dirt", "feature_type": "road", "nearest_transect_id": "T01", "erosion_rate_m_per_year": -1.8, "distance_to_shoreline_m": 377.6, "years_to_impact": null, "risk_level": "bajo", "risk_explanation": "Sin avance erosivo positivo medido", "horizon_years": 30, "exposed_length_m": 0.0, "exposed_area_m2": null }, "geometry": { "type": "LineString", "coordinates": [ [ -71.634844, -33.6285689 ], [ -71.6348966, -33.6285665 ], [ -71.6349508, -33.628555900000016 ], [ -71.6350353, -33.6285396 ] ] } },
{ "type": "Feature", "properties": { "osm_id": "way/1491389382", "name": null, "source": "OpenStreetMap/Overpass", "highway": "footway", "surface": "concrete", "feature_type": "road", "nearest_transect_id": "T01", "erosion_rate_m_per_year": -1.8, "distance_to_shoreline_m": 284.5, "years_to_impact": null, "risk_level": "bajo", "risk_explanation": "Sin avance erosivo positivo medido", "horizon_years": 30, "exposed_length_m": 0.0, "exposed_area_m2": null }, "geometry": { "type": "LineString", "coordinates": [ [ -71.635213, -33.6293793 ], [ -71.6347873, -33.6289476 ], [ -71.6347534, -33.6289133 ], [ -71.6343362, -33.6285659 ], [ -71.6343003, -33.628536 ], [ -71.633908, -33.6281933 ], [ -71.6338546, -33.6281466 ], [ -71.6336836, -33.6280116 ], [ -71.6335605, -33.6278391 ], [ -71.6334673, -33.627708499999983 ] ] } },
{ "type": "Feature", "properties": { "osm_id": "way/1491389385", "name": null, "source": "OpenStreetMap/Overpass", "highway": "footway", "surface": "dirt", "feature_type": "road", "nearest_transect_id": "T01", "erosion_rate_m_per_year": -1.8, "distance_to_shoreline_m": 376.2, "years_to_impact": null, "risk_level": "bajo", "risk_explanation": "Sin avance erosivo positivo medido", "horizon_years": 30, "exposed_length_m": 0.0, "exposed_area_m2": null }, "geometry": { "type": "LineString", "coordinates": [ [ -71.6343362, -33.6285659 ], [ -71.6343778, -33.6285105 ], [ -71.6344027, -33.6284886 ], [ -71.6346438, -33.6285227 ], [ -71.6348002, -33.6285409 ], [ -71.634844, -33.6285689 ], [ -71.6347958, -33.628592 ] ] } },
{ "type": "Feature", "properties": { "osm_id": "way/456468926", "name": null, "source": "OpenStreetMap/Overpass", "highway": "footway", "surface": "ground", "feature_type": "road", "nearest_transect_id": "T01", "erosion_rate_m_per_year": -1.8, "distance_to_shoreline_m": 282.9, "years_to_impact": null, "risk_level": "bajo", "risk_explanation": "Sin avance erosivo positivo medido", "horizon_years": 30, "exposed_length_m": 0.0, "exposed_area_m2": null }, "geometry": { "type": "MultiLineString", "coordinates": [ [ [ -71.6334323, -33.6277163 ], [ -71.6333499, -33.627711499999982 ], [ -71.6333096, -33.6276811 ], [ -71.6331811, -33.6274946 ], [ -71.633147746218171, -33.627475917592292 ] ], [ [ -71.633668816534836, -33.627464807235199 ], [ -71.6337108, -33.6274785 ], [ -71.6337691, -33.6275555 ], [ -71.6341431, -33.6277264 ], [ -71.6342748, -33.6278261 ], [ -71.6343908, -33.6280395 ], [ -71.6344203, -33.6281426 ], [ -71.6345167, -33.6281604 ], [ -71.6345287, -33.6281674 ], [ -71.6346364, -33.62823010000001 ], [ -71.6347646, -33.6282469 ], [ -71.6348034, -33.628283099999983 ], [ -71.6348142, -33.6283778 ], [ -71.6348576, -33.628433599999987 ], [ -71.6349638, -33.6284973 ], [ -71.6350353, -33.6285396 ], [ -71.6351227, -33.6286096 ], [ -71.6351548, -33.6286354 ], [ -71.6352558, -33.6287576 ], [ -71.6353496, -33.6288547 ], [ -71.6353876, -33.62891110000001 ], [ -71.6354142, -33.6289507 ], [ -71.6354798, -33.629046700000011 ], [ -71.6354664, -33.629171799999988 ], [ -71.6353537, -33.6292701 ], [ -71.635213, -33.6293793 ], [ -71.6351918, -33.6293957 ] ] ] } },
{ "type": "Feature", "properties": { "osm_id": "way/1491389390", "name": null, "source": "OpenStreetMap/Overpass", "highway": "footway", "surface": "dirt", "feature_type": "road", "nearest_transect_id": "T01", "erosion_rate_m_per_year": -1.8, "distance_to_shoreline_m": 409.9, "years_to_impact": null, "risk_level": "bajo", "risk_explanation": "Sin avance erosivo positivo medido", "horizon_years": 30, "exposed_length_m": 0.0, "exposed_area_m2": null }, "geometry": { "type": "LineString", "coordinates": [ [ -71.6348034, -33.628283099999983 ], [ -71.6348697, -33.6282603 ], [ -71.6348683, -33.6282305 ], [ -71.6348646, -33.6281494 ] ] } },
{ "type": "Feature", "properties": { "osm_id": "way/1491389391", "name": null, "source": "OpenStreetMap/Overpass", "highway": "footway", "surface": "dirt", "feature_type": "road", "nearest_transect_id": "T01", "erosion_rate_m_per_year": -1.8, "distance_to_shoreline_m": 427.2, "years_to_impact": null, "risk_level": "bajo", "risk_explanation": "Sin avance erosivo positivo medido", "horizon_years": 30, "exposed_length_m": 0.0, "exposed_area_m2": null }, "geometry": { "type": "LineString", "coordinates": [ [ -71.6345287, -33.6281674 ], [ -71.6346121, -33.6280775 ], [ -71.6346679, -33.6280807 ], [ -71.634725, -33.6280036 ] ] } }
]
}
