{
"type": "FeatureCollection",
"name": "buildings_risk",
"crs": { "type": "name", "properties": { "name": "urn:ogc:def:crs:OGC:1.3:CRS84" } },
"features": [
{ "type": "Feature", "properties": { "osm_id": "way/1382693267", "name": null, "source": "OpenStreetMap/Overpass", "building": "house", "feature_type": "building", "nearest_transect_id": "T37", "erosion_rate_m_per_year": 0.143, "distance_to_shoreline_m": 492.6, "years_to_impact": 3438.6, "risk_level": "bajo", "risk_explanation": "Impacto estimado después de 30 años", "horizon_years": 30, "exposed_length_m": null, "exposed_area_m2": 0.0 }, "geometry": { "type": "Polygon", "coordinates": [ [ [ -71.6822439, -33.3696175 ], [ -71.6821633, -33.369717199999982 ], [ -71.682228900000013, -33.3697542 ], [ -71.6823095, -33.3696545 ], [ -71.6822439, -33.3696175 ] ] ] } },
{ "type": "Feature", "properties": { "osm_id": "way/1382693266", "name": null, "source": "OpenStreetMap/Overpass", "building": "house", "feature_type": "building", "nearest_transect_id": "T37", "erosion_rate_m_per_year": 0.143, "distance_to_shoreline_m": 482.4, "years_to_impact": 3367.8, "risk_level": "bajo", "risk_explanation": "Impacto estimado después de 30 años", "horizon_years": 30, "exposed_length_m": null, "exposed_area_m2": 0.0 }, "geometry": { "type": "Polygon", "coordinates": [ [ [ -71.6820963, -33.3695579 ], [ -71.6820037, -33.3696724 ], [ -71.6820896, -33.3697208 ], [ -71.6821821, -33.369606299999987 ], [ -71.6820963, -33.3695579 ] ] ] } },
{ "type": "Feature", "properties": { "osm_id": "way/1384206095", "name": null, "source": "OpenStreetMap/Overpass", "building": "house", "feature_type": "building", "nearest_transect_id": "T37", "erosion_rate_m_per_year": 0.143, "distance_to_shoreline_m": 512.0, "years_to_impact": 3574.5, "risk_level": "bajo", "risk_explanation": "Impacto estimado después de 30 años", "horizon_years": 30, "exposed_length_m": null, "exposed_area_m2": 0.0 }, "geometry": { "type": "Polygon", "coordinates": [ [ [ -71.6830631, -33.3695489 ], [ -71.6830725, -33.3696464 ], [ -71.6831604, -33.369640499999988 ], [ -71.6831511, -33.369543 ], [ -71.6830631, -33.3695489 ] ] ] } },
{ "type": "Feature", "properties": { "osm_id": "way/1384244287", "name": null, "source": "OpenStreetMap/Overpass", "building": "house", "feature_type": "building", "nearest_transect_id": "T37", "erosion_rate_m_per_year": 0.143, "distance_to_shoreline_m": 502.8, "years_to_impact": 3510.4, "risk_level": "bajo", "risk_explanation": "Impacto estimado después de 30 años", "horizon_years": 30, "exposed_length_m": null, "exposed_area_m2": 0.0 }, "geometry": { "type": "Polygon", "coordinates": [ [ [ -71.6829185, -33.3695111 ], [ -71.6828464, -33.3696095 ], [ -71.6829405, -33.3696576 ], [ -71.6830126, -33.3695592 ], [ -71.6829185, -33.3695111 ] ] ] } },
{ "type": "Feature", "properties": { "osm_id": "way/1382693261", "name": null, "source": "OpenStreetMap/Overpass", "building": "house", "feature_type": "building", "nearest_transect_id": "T37", "erosion_rate_m_per_year": 0.143, "distance_to_shoreline_m": 471.7, "years_to_impact": 3292.7, "risk_level": "bajo", "risk_explanation": "Impacto estimado después de 30 años", "horizon_years": 30, "exposed_length_m": null, "exposed_area_m2": 0.0 }, "geometry": { "type": "Polygon", "coordinates": [ [ [ -71.6818696, -33.369600399999989 ], [ -71.6819595, -33.3696511 ], [ -71.6820507, -33.369538299999988 ], [ -71.6819608, -33.369487600000014 ], [ -71.6818696, -33.369600399999989 ] ] ] } },
{ "type": "Feature", "properties": { "osm_id": "way/1384244286", "name": null, "source": "OpenStreetMap/Overpass", "building": "house", "feature_type": "building", "nearest_transect_id": "T37", "erosion_rate_m_per_year": 0.143, "distance_to_shoreline_m": 496.2, "years_to_impact": 3464.0, "risk_level": "bajo", "risk_explanation": "Impacto estimado después de 30 años", "horizon_years": 30, "exposed_length_m": null, "exposed_area_m2": 0.0 }, "geometry": { "type": "Polygon", "coordinates": [ [ [ -71.6827694, -33.3694972 ], [ -71.6827005, -33.3695903 ], [ -71.6827683, -33.3696253 ], [ -71.6828372, -33.3695321 ], [ -71.6827694, -33.3694972 ] ] ] } },
{ "type": "Feature", "properties": { "osm_id": "way/1384206145", "name": null, "source": "OpenStreetMap/Overpass", "building": "house", "feature_type": "building", "nearest_transect_id": "T37", "erosion_rate_m_per_year": 0.143, "distance_to_shoreline_m": 460.5, "years_to_impact": 3215.1, "risk_level": "bajo", "risk_explanation": "Impacto estimado después de 30 años", "horizon_years": 30, "exposed_length_m": null, "exposed_area_m2": 0.0 }, "geometry": { "type": "Polygon", "coordinates": [ [ [ -71.6822896, -33.3693763 ], [ -71.6824114, -33.369445 ], [ -71.6824451, -33.3694034 ], [ -71.6824812, -33.3694238 ], [ -71.6825251, -33.3693695 ], [ -71.6823672, -33.3692804 ], [ -71.6822896, -33.3693763 ] ] ] } },
{ "type": "Feature", "properties": { "osm_id": "way/1382693316", "name": null, "source": "OpenStreetMap/Overpass", "building": "house", "feature_type": "building", "nearest_transect_id": "T37", "erosion_rate_m_per_year": 0.143, "distance_to_shoreline_m": 551.3, "years_to_impact": 3848.7, "risk_level": "bajo", "risk_explanation": "Impacto estimado después de 30 años", "horizon_years": 30, "exposed_length_m": null, "exposed_area_m2": 0.0 }, "geometry": { "type": "Polygon", "coordinates": [ [ [ -71.6834395, -33.369792 ], [ -71.683442067974227, -33.369809762930458 ], [ -71.683540297868703, -33.369807646673827 ], [ -71.6835366, -33.369782199999989 ], [ -71.6834395, -33.369792 ] ] ] } },
{ "type": "Feature", "properties": { "osm_id": "way/1382693313", "name": null, "source": "OpenStreetMap/Overpass", "building": "house", "feature_type": "building", "nearest_transect_id": "T37", "erosion_rate_m_per_year": 0.143, "distance_to_shoreline_m": 557.2, "years_to_impact": 3890.1, "risk_level": "bajo", "risk_explanation": "Impacto estimado después de 30 años", "horizon_years": 30, "exposed_length_m": null, "exposed_area_m2": 0.0 }, "geometry": { "type": "Polygon", "coordinates": [ [ [ -71.6837405, -33.3697201 ], [ -71.683752531776264, -33.369803074324281 ], [ -71.68385964870761, -33.369800766606069 ], [ -71.6838464, -33.3697094 ], [ -71.6837405, -33.3697201 ] ] ] } },
{ "type": "Feature", "properties": { "osm_id": "way/1382693317", "name": null, "source": "OpenStreetMap/Overpass", "building": "house", "feature_type": "building", "nearest_transect_id": "T37", "erosion_rate_m_per_year": 0.143, "distance_to_shoreline_m": 550.3, "years_to_impact": 3841.8, "risk_level": "bajo", "risk_explanation": "Impacto estimado después de 30 años", "horizon_years": 30, "exposed_length_m": null, "exposed_area_m2": 0.0 }, "geometry": { "type": "Polygon", "coordinates": [ [ [ -71.6835795, -33.3697223 ], [ -71.683591710110633, -33.369806539052782 ], [ -71.683698926228274, -33.369804229197719 ], [ -71.6836855, -33.369711599999988 ], [ -71.6835795, -33.3697223 ] ] ] } },
{ "type": "Feature", "properties": { "osm_id": "way/1382693315", "name": null, "source": "OpenStreetMap/Overpass", "building": "house", "feature_type": "building", "nearest_transect_id": "T37", "erosion_rate_m_per_year": 0.143, "distance_to_shoreline_m": 580.3, "years_to_impact": 4051.3, "risk_level": "bajo", "risk_explanation": "Impacto estimado después de 30 años", "horizon_years": 30, "exposed_length_m": null, "exposed_area_m2": 0.0 }, "geometry": { "type": "Polygon", "coordinates": [ [ [ -71.6841866, -33.369739 ], [ -71.684194516552168, -33.369793552241241 ], [ -71.684322474022409, -33.369790795536197 ], [ -71.6843131, -33.3697262 ], [ -71.6841866, -33.369739 ] ] ] } },
{ "type": "Feature", "properties": { "osm_id": "way/1382693318", "name": null, "source": "OpenStreetMap/Overpass", "building": "house", "feature_type": "building", "nearest_transect_id": "T37", "erosion_rate_m_per_year": 0.143, "distance_to_shoreline_m": 569.2, "years_to_impact": 3973.4, "risk_level": "bajo", "risk_explanation": "Impacto estimado después de 30 años", "horizon_years": 30, "exposed_length_m": null, "exposed_area_m2": 0.0 }, "geometry": { "type": "Polygon", "coordinates": [ [ [ -71.6840327, -33.3697013 ], [ -71.684046578978581, -33.369796739395952 ], [ -71.684167397266449, -33.369794136496864 ], [ -71.6841522, -33.3696892 ], [ -71.6840327, -33.3697013 ] ] ] } },
{ "type": "Feature", "properties": { "osm_id": "way/1382693314", "name": null, "source": "OpenStreetMap/Overpass", "building": "house", "feature_type": "building", "nearest_transect_id": "T37", "erosion_rate_m_per_year": 0.143, "distance_to_shoreline_m": 561.6, "years_to_impact": 3920.7, "risk_level": "bajo", "risk_explanation": "Impacto estimado después de 30 años", "horizon_years": 30, "exposed_length_m": null, "exposed_area_m2": 0.0 }, "geometry": { "type": "Polygon", "coordinates": [ [ [ -71.6838817, -33.369698 ], [ -71.683896, -33.3697967 ], [ -71.6840163, -33.3697845 ], [ -71.684002, -33.3696858 ], [ -71.6838817, -33.369698 ] ] ] } },
{ "type": "Feature", "properties": { "osm_id": "way/1382693312", "name": null, "source": "OpenStreetMap/Overpass", "building": "house", "feature_type": "building", "nearest_transect_id": "T37", "erosion_rate_m_per_year": 0.143, "distance_to_shoreline_m": 606.8, "years_to_impact": 4235.9, "risk_level": "bajo", "risk_explanation": "Impacto estimado después de 30 años", "horizon_years": 30, "exposed_length_m": null, "exposed_area_m2": 0.0 }, "geometry": { "type": "Polygon", "coordinates": [ [ [ -71.6849367, -33.3696388 ], [ -71.6848437, -33.3696482 ], [ -71.684862732047193, -33.369779156262517 ], [ -71.684886187491642, -33.369778650940383 ], [ -71.6849854, -33.3697686 ], [ -71.6849729, -33.36968250000001 ], [ -71.6849435, -33.3696855 ], [ -71.6849367, -33.3696388 ] ] ] } },
{ "type": "Feature", "properties": { "osm_id": "way/1382693305", "name": null, "source": "OpenStreetMap/Overpass", "building": "house", "feature_type": "building", "nearest_transect_id": "T37", "erosion_rate_m_per_year": 0.143, "distance_to_shoreline_m": 598.4, "years_to_impact": 4177.7, "risk_level": "bajo", "risk_explanation": "Impacto estimado después de 30 años", "horizon_years": 30, "exposed_length_m": null, "exposed_area_m2": 0.0 }, "geometry": { "type": "Polygon", "coordinates": [ [ [ -71.6847085, -33.3696383 ], [ -71.6846823, -33.3697565 ], [ -71.6847651, -33.3697693 ], [ -71.6847912, -33.3696511 ], [ -71.6847085, -33.3696383 ] ] ] } },
{ "type": "Feature", "properties": { "osm_id": "way/1382693311", "name": null, "source": "OpenStreetMap/Overpass", "building": "house", "feature_type": "building", "nearest_transect_id": "T37", "erosion_rate_m_per_year": 0.143, "distance_to_shoreline_m": 616.4, "years_to_impact": 4303.3, "risk_level": "bajo", "risk_explanation": "Impacto estimado después de 30 años", "horizon_years": 30, "exposed_length_m": null, "exposed_area_m2": 0.0 }, "geometry": { "type": "Polygon", "coordinates": [ [ [ -71.6850383, -33.3696326 ], [ -71.6850561, -33.3697553 ], [ -71.6851383, -33.369747 ], [ -71.6851205, -33.3696242 ], [ -71.6850383, -33.3696326 ] ] ] } },
{ "type": "Feature", "properties": { "osm_id": "way/1384206153", "name": null, "source": "OpenStreetMap/Overpass", "building": "house", "feature_type": "building", "nearest_transect_id": "T37", "erosion_rate_m_per_year": 0.143, "distance_to_shoreline_m": 625.3, "years_to_impact": 4365.4, "risk_level": "bajo", "risk_explanation": "Impacto estimado después de 30 años", "horizon_years": 30, "exposed_length_m": null, "exposed_area_m2": 0.0 }, "geometry": { "type": "Polygon", "coordinates": [ [ [ -71.6852713, -33.3697393 ], [ -71.6852684, -33.3697191 ], [ -71.6853261, -33.3697133 ], [ -71.6853149, -33.3696354 ], [ -71.6852572, -33.3696412 ], [ -71.6852546, -33.3696231 ], [ -71.6851963, -33.369629 ], [ -71.685213, -33.3697452 ], [ -71.6852713, -33.3697393 ] ] ] } },
{ "type": "Feature", "properties": { "osm_id": "way/1382693308", "name": null, "source": "OpenStreetMap/Overpass", "building": "house", "feature_type": "building", "nearest_transect_id": "T37", "erosion_rate_m_per_year": 0.143, "distance_to_shoreline_m": 632.6, "years_to_impact": 4416.2, "risk_level": "bajo", "risk_explanation": "Impacto estimado después de 30 años", "horizon_years": 30, "exposed_length_m": null, "exposed_area_m2": 0.0 }, "geometry": { "type": "Polygon", "coordinates": [ [ [ -71.685376, -33.3695881 ], [ -71.68539, -33.3696847 ], [ -71.6854872, -33.3696749 ], [ -71.6854732, -33.3695783 ], [ -71.685376, -33.3695881 ] ] ] } },
{ "type": "Feature", "properties": { "osm_id": "way/1385998382", "name": null, "source": "OpenStreetMap/Overpass", "building": "house", "feature_type": "building", "nearest_transect_id": "T37", "erosion_rate_m_per_year": 0.143, "distance_to_shoreline_m": 651.7, "years_to_impact": 4549.5, "risk_level": "bajo", "risk_explanation": "Impacto estimado después de 30 años", "horizon_years": 30, "exposed_length_m": null, "exposed_area_m2": 0.0 }, "geometry": { "type": "Polygon", "coordinates": [ [ [ -71.6857362, -33.369702799999985 ], [ -71.6858254, -33.3696938 ], [ -71.6858051, -33.369554699999988 ], [ -71.6857159, -33.3695638 ], [ -71.6857362, -33.369702799999985 ] ] ] } },
{ "type": "Feature", "properties": { "osm_id": "way/1382693309", "name": null, "source": "OpenStreetMap/Overpass", "building": "house", "feature_type": "building", "nearest_transect_id": "T37", "erosion_rate_m_per_year": 0.143, "distance_to_shoreline_m": 641.6, "years_to_impact": 4479.2, "risk_level": "bajo", "risk_explanation": "Impacto estimado después de 30 años", "horizon_years": 30, "exposed_length_m": null, "exposed_area_m2": 0.0 }, "geometry": { "type": "Polygon", "coordinates": [ [ [ -71.6855432, -33.3695732 ], [ -71.68556030000002, -33.3696914 ], [ -71.6856754, -33.3696798 ], [ -71.6856582, -33.3695615 ], [ -71.6855432, -33.3695732 ] ] ] } },
{ "type": "Feature", "properties": { "osm_id": "way/1385998342", "name": null, "source": "OpenStreetMap/Overpass", "building": "house", "feature_type": "building", "nearest_transect_id": "T37", "erosion_rate_m_per_year": 0.143, "distance_to_shoreline_m": 516.5, "years_to_impact": 3605.7, "risk_level": "bajo", "risk_explanation": "Impacto estimado después de 30 años", "horizon_years": 30, "exposed_length_m": null, "exposed_area_m2": 0.0 }, "geometry": { "type": "Polygon", "coordinates": [ [ [ -71.68326, -33.3696595 ], [ -71.6832516, -33.3696601 ], [ -71.683257, -33.369716499999988 ], [ -71.6833046, -33.369713299999987 ], [ -71.6833027, -33.369693399999989 ], [ -71.6833401, -33.3696909 ], [ -71.6833323, -33.3696099 ], [ -71.6833678, -33.3696075 ], [ -71.6833609, -33.369535799999987 ], [ -71.6833254, -33.3695381 ], [ -71.6833234, -33.3695167 ], [ -71.6832468, -33.3695218 ], [ -71.6832542, -33.369599 ], [ -71.6832406, -33.3695999 ], [ -71.6832449, -33.369645 ], [ -71.6832585, -33.3696441 ], [ -71.68326, -33.3696595 ] ] ] } },
{ "type": "Feature", "properties": { "osm_id": "way/1384206094", "name": null, "source": "OpenStreetMap/Overpass", "building": "house", "feature_type": "building", "nearest_transect_id": "T37", "erosion_rate_m_per_year": 0.143, "distance_to_shoreline_m": 529.2, "years_to_impact": 3694.4, "risk_level": "bajo", "risk_explanation": "Impacto estimado después de 30 años", "horizon_years": 30, "exposed_length_m": null, "exposed_area_m2": 0.0 }, "geometry": { "type": "Polygon", "coordinates": [ [ [ -71.6835958, -33.3694986 ], [ -71.6836139, -33.3696101 ], [ -71.6836915, -33.3696013 ], [ -71.6836734, -33.3694898 ], [ -71.6835958, -33.3694986 ] ] ] } },
{ "type": "Feature", "properties": { "osm_id": "way/1384244284", "name": null, "source": "OpenStreetMap/Overpass", "building": "house", "feature_type": "building", "nearest_transect_id": "T37", "erosion_rate_m_per_year": 0.143, "distance_to_shoreline_m": 582.3, "years_to_impact": 4064.9, "risk_level": "bajo", "risk_explanation": "Impacto estimado después de 30 años", "horizon_years": 30, "exposed_length_m": null, "exposed_area_m2": 0.0 }, "geometry": { "type": "Polygon", "coordinates": [ [ [ -71.6847514, -33.3694298 ], [ -71.6847226, -33.3695765 ], [ -71.6848134, -33.369589 ], [ -71.6848249, -33.3695301 ], [ -71.6848472, -33.3695331 ], [ -71.6848561, -33.3694878 ], [ -71.6848338, -33.369484799999988 ], [ -71.6848422, -33.3694422 ], [ -71.6847514, -33.3694298 ] ] ] } },
{ "type": "Feature", "properties": { "osm_id": "way/1384244283", "name": null, "source": "OpenStreetMap/Overpass", "building": "house", "feature_type": "building", "nearest_transect_id": "T37", "erosion_rate_m_per_year": 0.143, "distance_to_shoreline_m": 591.1, "years_to_impact": 4126.6, "risk_level": "bajo", "risk_explanation": "Impacto estimado después de 30 años", "horizon_years": 30, "exposed_length_m": null, "exposed_area_m2": 0.0 }, "geometry": { "type": "Polygon", "coordinates": [ [ [ -71.6848689, -33.3694542 ], [ -71.684886, -33.3695729 ], [ -71.6849887, -33.3695626 ], [ -71.6849716, -33.3694439 ], [ -71.6848689, -33.3694542 ] ] ] } },
{ "type": "Feature", "properties": { "osm_id": "way/1384206114", "name": null, "source": "OpenStreetMap/Overpass", "building": "house", "feature_type": "building", "nearest_transect_id": "T37", "erosion_rate_m_per_year": 0.143, "distance_to_shoreline_m": 536.9, "years_to_impact": 3748.2, "risk_level": "bajo", "risk_explanation": "Impacto estimado después de 30 años", "horizon_years": 30, "exposed_length_m": null, "exposed_area_m2": 0.0 }, "geometry": { "type": "Polygon", "coordinates": [ [ [ -71.6839109, -33.3694223 ], [ -71.6838258, -33.369527 ], [ -71.6839034, -33.369571 ], [ -71.6839886, -33.3694663 ], [ -71.6839109, -33.3694223 ] ] ] } },
{ "type": "Feature", "properties": { "osm_id": "way/1382693310", "name": null, "source": "OpenStreetMap/Overpass", "building": "house", "feature_type": "building", "nearest_transect_id": "T37", "erosion_rate_m_per_year": 0.143, "distance_to_shoreline_m": 595.3, "years_to_impact": 4155.8, "risk_level": "bajo", "risk_explanation": "Impacto estimado después de 30 años", "horizon_years": 30, "exposed_length_m": null, "exposed_area_m2": 0.0 }, "geometry": { "type": "Polygon", "coordinates": [ [ [ -71.6850392, -33.369387 ], [ -71.6850615, -33.3695402 ], [ -71.6851521, -33.3695311 ], [ -71.6851299, -33.3693778 ], [ -71.6850392, -33.369387 ] ] ] } },
{ "type": "Feature", "properties": { "osm_id": "way/1382693234", "name": null, "source": "OpenStreetMap/Overpass", "building": "house", "feature_type": "building", "nearest_transect_id": "T37", "erosion_rate_m_per_year": 0.143, "distance_to_shoreline_m": 614.5, "years_to_impact": 4289.9, "risk_level": "bajo", "risk_explanation": "Impacto estimado después de 30 años", "horizon_years": 30, "exposed_length_m": null, "exposed_area_m2": 0.0 }, "geometry": { "type": "Polygon", "coordinates": [ [ [ -71.6853881, -33.36936140000001 ], [ -71.6854115, -33.3695223 ], [ -71.685526, -33.3695107 ], [ -71.6855027, -33.369349799999988 ], [ -71.6853881, -33.36936140000001 ] ] ] } },
{ "type": "Feature", "properties": { "osm_id": "way/1384206115", "name": null, "source": "OpenStreetMap/Overpass", "building": "house", "feature_type": "building", "nearest_transect_id": "T37", "erosion_rate_m_per_year": 0.143, "distance_to_shoreline_m": 517.1, "years_to_impact": 3610.1, "risk_level": "bajo", "risk_explanation": "Impacto estimado después de 30 años", "horizon_years": 30, "exposed_length_m": null, "exposed_area_m2": 0.0 }, "geometry": { "type": "Polygon", "coordinates": [ [ [ -71.6841404, -33.3692091 ], [ -71.6840184, -33.369148599999988 ], [ -71.6839617, -33.3692283 ], [ -71.6840838, -33.3692888 ], [ -71.6841404, -33.3692091 ] ] ] } },
{ "type": "Feature", "properties": { "osm_id": "way/1384206156", "name": null, "source": "OpenStreetMap/Overpass", "building": "house", "feature_type": "building", "nearest_transect_id": "T37", "erosion_rate_m_per_year": 0.143, "distance_to_shoreline_m": 558.9, "years_to_impact": 3902.0, "risk_level": "bajo", "risk_explanation": "Impacto estimado después de 30 años", "horizon_years": 30, "exposed_length_m": null, "exposed_area_m2": 0.0 }, "geometry": { "type": "Polygon", "coordinates": [ [ [ -71.6848128, -33.3691186 ], [ -71.6848335, -33.3692623 ], [ -71.68493460000002, -33.3692522 ], [ -71.6849139, -33.3691085 ], [ -71.6848128, -33.3691186 ] ] ] } },
{ "type": "Feature", "properties": { "osm_id": "way/1384206154", "name": null, "source": "OpenStreetMap/Overpass", "building": "house", "feature_type": "building", "nearest_transect_id": "T37", "erosion_rate_m_per_year": 0.143, "distance_to_shoreline_m": 567.2, "years_to_impact": 3959.5, "risk_level": "bajo", "risk_explanation": "Impacto estimado después de 30 años", "horizon_years": 30, "exposed_length_m": null, "exposed_area_m2": 0.0 }, "geometry": { "type": "Polygon", "coordinates": [ [ [ -71.6850683, -33.369215 ], [ -71.6850521, -33.3691023 ], [ -71.6849581, -33.3691118 ], [ -71.6849743, -33.3692244 ], [ -71.6850683, -33.369215 ] ] ] } },
{ "type": "Feature", "properties": { "osm_id": "way/1384206155", "name": null, "source": "OpenStreetMap/Overpass", "building": "house", "feature_type": "building", "nearest_transect_id": "T37", "erosion_rate_m_per_year": 0.143, "distance_to_shoreline_m": 575.3, "years_to_impact": 4016.5, "risk_level": "bajo", "risk_explanation": "Impacto estimado después de 30 años", "horizon_years": 30, "exposed_length_m": null, "exposed_area_m2": 0.0 }, "geometry": { "type": "Polygon", "coordinates": [ [ [ -71.6852271, -33.3692116 ], [ -71.6852076, -33.3690766 ], [ -71.6851252, -33.3690848 ], [ -71.6851446, -33.3692199 ], [ -71.6852271, -33.3692116 ] ] ] } },
{ "type": "Feature", "properties": { "osm_id": "way/1384206152", "name": null, "source": "OpenStreetMap/Overpass", "building": "house", "feature_type": "building", "nearest_transect_id": "T37", "erosion_rate_m_per_year": 0.143, "distance_to_shoreline_m": 584.6, "years_to_impact": 4081.5, "risk_level": "bajo", "risk_explanation": "Impacto estimado después de 30 años", "horizon_years": 30, "exposed_length_m": null, "exposed_area_m2": 0.0 }, "geometry": { "type": "Polygon", "coordinates": [ [ [ -71.6852935, -33.3690673 ], [ -71.685323, -33.3691603 ], [ -71.6854128, -33.3691404 ], [ -71.6853833, -33.3690474 ], [ -71.6852935, -33.3690673 ] ] ] } },
{ "type": "Feature", "properties": { "osm_id": "way/1384206116", "name": null, "source": "OpenStreetMap/Overpass", "building": "house", "feature_type": "building", "nearest_transect_id": "T37", "erosion_rate_m_per_year": 0.143, "distance_to_shoreline_m": 480.2, "years_to_impact": 3352.0, "risk_level": "bajo", "risk_explanation": "Impacto estimado después de 30 años", "horizon_years": 30, "exposed_length_m": null, "exposed_area_m2": 0.0 }, "geometry": { "type": "Polygon", "coordinates": [ [ [ -71.6835905, -33.3690378 ], [ -71.6836701, -33.3690827 ], [ -71.6836843, -33.3690651 ], [ -71.6837113, -33.3690803 ], [ -71.6837492, -33.3690334 ], [ -71.6837222, -33.369018199999985 ], [ -71.6837429, -33.3689926 ], [ -71.6836634, -33.3689477 ], [ -71.6835905, -33.3690378 ] ] ] } },
{ "type": "Feature", "properties": { "osm_id": "way/1384206151", "name": null, "source": "OpenStreetMap/Overpass", "building": "house", "feature_type": "building", "nearest_transect_id": "T37", "erosion_rate_m_per_year": 0.143, "distance_to_shoreline_m": 575.2, "years_to_impact": 4015.4, "risk_level": "bajo", "risk_explanation": "Impacto estimado después de 30 años", "horizon_years": 30, "exposed_length_m": null, "exposed_area_m2": 0.0 }, "geometry": { "type": "Polygon", "coordinates": [ [ [ -71.6854413, -33.3689063 ], [ -71.6853018, -33.3689411 ], [ -71.685327, -33.3690116 ], [ -71.6854665, -33.3689769 ], [ -71.6854413, -33.3689063 ] ] ] } },
{ "type": "Feature", "properties": { "osm_id": "way/1384206117", "name": null, "source": "OpenStreetMap/Overpass", "building": "house", "feature_type": "building", "nearest_transect_id": "T37", "erosion_rate_m_per_year": 0.143, "distance_to_shoreline_m": 464.3, "years_to_impact": 3241.7, "risk_level": "bajo", "risk_explanation": "Impacto estimado después de 30 años", "horizon_years": 30, "exposed_length_m": null, "exposed_area_m2": 0.0 }, "geometry": { "type": "Polygon", "coordinates": [ [ [ -71.6834361, -33.368945 ], [ -71.6835541, -33.3690116 ], [ -71.6836171, -33.3689337 ], [ -71.6834991, -33.368867099999989 ], [ -71.6834361, -33.368945 ] ] ] } },
{ "type": "Feature", "properties": { "osm_id": "way/1384206149", "name": null, "source": "OpenStreetMap/Overpass", "building": "house", "feature_type": "building", "nearest_transect_id": "T37", "erosion_rate_m_per_year": 0.143, "distance_to_shoreline_m": 445.9, "years_to_impact": 3113.1, "risk_level": "bajo", "risk_explanation": "Impacto estimado después de 30 años", "horizon_years": 30, "exposed_length_m": null, "exposed_area_m2": 0.0 }, "geometry": { "type": "Polygon", "coordinates": [ [ [ -71.6832575, -33.3688593 ], [ -71.6833448, -33.3689085 ], [ -71.6834309, -33.3688022 ], [ -71.6833435, -33.3687529 ], [ -71.6832575, -33.3688593 ] ] ] } },
{ "type": "Feature", "properties": { "osm_id": "way/1384206047", "name": null, "source": "OpenStreetMap/Overpass", "building": "house", "feature_type": "building", "nearest_transect_id": "T37", "erosion_rate_m_per_year": 0.143, "distance_to_shoreline_m": 484.2, "years_to_impact": 3379.9, "risk_level": "bajo", "risk_explanation": "Impacto estimado después de 30 años", "horizon_years": 30, "exposed_length_m": null, "exposed_area_m2": 0.0 }, "geometry": { "type": "Polygon", "coordinates": [ [ [ -71.6831854, -33.369222 ], [ -71.6831236, -33.369308399999987 ], [ -71.6831945, -33.3693438 ], [ -71.6832563, -33.3692574 ], [ -71.6831854, -33.369222 ] ] ] } },
{ "type": "Feature", "properties": { "osm_id": "way/1385998362", "name": null, "source": "OpenStreetMap/Overpass", "building": "house", "feature_type": "building", "nearest_transect_id": "T37", "erosion_rate_m_per_year": 0.143, "distance_to_shoreline_m": 447.4, "years_to_impact": 3123.3, "risk_level": "bajo", "risk_explanation": "Impacto estimado después de 30 años", "horizon_years": 30, "exposed_length_m": null, "exposed_area_m2": 0.0 }, "geometry": { "type": "Polygon", "coordinates": [ [ [ -71.682133, -33.3692877 ], [ -71.6822572, -33.3693577 ], [ -71.6823264, -33.369272 ], [ -71.6822022, -33.369202 ], [ -71.682133, -33.3692877 ] ] ] } },
{ "type": "Feature", "properties": { "osm_id": "way/1384206048", "name": null, "source": "OpenStreetMap/Overpass", "building": "house", "feature_type": "building", "nearest_transect_id": "T37", "erosion_rate_m_per_year": 0.143, "distance_to_shoreline_m": 474.0, "years_to_impact": 3308.9, "risk_level": "bajo", "risk_explanation": "Impacto estimado después de 30 años", "horizon_years": 30, "exposed_length_m": null, "exposed_area_m2": 0.0 }, "geometry": { "type": "Polygon", "coordinates": [ [ [ -71.6829052, -33.3693114 ], [ -71.6829801, -33.3693487 ], [ -71.6830329, -33.3692749 ], [ -71.6830519, -33.369284399999984 ], [ -71.6830768, -33.369249600000011 ], [ -71.682983, -33.3692027 ], [ -71.6829052, -33.3693114 ] ] ] } },
{ "type": "Feature", "properties": { "osm_id": "way/1382693260", "name": null, "source": "OpenStreetMap/Overpass", "building": "house", "feature_type": "building", "nearest_transect_id": "T37", "erosion_rate_m_per_year": 0.143, "distance_to_shoreline_m": 450.1, "years_to_impact": 3142.4, "risk_level": "bajo", "risk_explanation": "Impacto estimado después de 30 años", "horizon_years": 30, "exposed_length_m": null, "exposed_area_m2": 0.0 }, "geometry": { "type": "Polygon", "coordinates": [ [ [ -71.6824422, -33.3692289 ], [ -71.6825871, -33.3693106 ], [ -71.682665, -33.3692143 ], [ -71.6825201, -33.3691326 ], [ -71.6824422, -33.3692289 ] ] ] } },
{ "type": "Feature", "properties": { "osm_id": "way/1382693259", "name": null, "source": "OpenStreetMap/Overpass", "building": "house", "feature_type": "building", "nearest_transect_id": "T37", "erosion_rate_m_per_year": 0.143, "distance_to_shoreline_m": 431.3, "years_to_impact": 3010.6, "risk_level": "bajo", "risk_explanation": "Impacto estimado después de 30 años", "horizon_years": 30, "exposed_length_m": null, "exposed_area_m2": 0.0 }, "geometry": { "type": "Polygon", "coordinates": [ [ [ -71.6823009, -33.36902 ], [ -71.6822371, -33.369099 ], [ -71.6823731, -33.3691756 ], [ -71.6824369, -33.3690967 ], [ -71.6823009, -33.36902 ] ] ] } },
{ "type": "Feature", "properties": { "osm_id": "way/1385998372", "name": null, "source": "OpenStreetMap/Overpass", "building": "house", "feature_type": "building", "nearest_transect_id": "T37", "erosion_rate_m_per_year": 0.143, "distance_to_shoreline_m": 438.1, "years_to_impact": 3058.4, "risk_level": "bajo", "risk_explanation": "Impacto estimado después de 30 años", "horizon_years": 30, "exposed_length_m": null, "exposed_area_m2": 0.0 }, "geometry": { "type": "Polygon", "coordinates": [ [ [ -71.6827781, -33.369060399999988 ], [ -71.6826333, -33.368978699999985 ], [ -71.6825321, -33.3691039 ], [ -71.6826126, -33.3691494 ], [ -71.6826356, -33.369121 ], [ -71.6826998, -33.3691572 ], [ -71.6827781, -33.369060399999988 ] ] ] } },
{ "type": "Feature", "properties": { "osm_id": "way/1384206150", "name": null, "source": "OpenStreetMap/Overpass", "building": "house", "feature_type": "building", "nearest_transect_id": "T37", "erosion_rate_m_per_year": 0.143, "distance_to_shoreline_m": 429.9, "years_to_impact": 3001.4, "risk_level": "bajo", "risk_explanation": "Impacto estimado después de 30 años", "horizon_years": 30, "exposed_length_m": null, "exposed_area_m2": 0.0 }, "geometry": { "type": "Polygon", "coordinates": [ [ [ -71.6826788, -33.368941 ], [ -71.6828138, -33.3690172 ], [ -71.6828817, -33.3689332 ], [ -71.6827467, -33.368857 ], [ -71.6826788, -33.368941 ] ] ] } },
{ "type": "Feature", "properties": { "osm_id": "way/1385998371", "name": null, "source": "OpenStreetMap/Overpass", "building": "house", "feature_type": "building", "nearest_transect_id": "T37", "erosion_rate_m_per_year": 0.143, "distance_to_shoreline_m": 423.1, "years_to_impact": 2953.9, "risk_level": "bajo", "risk_explanation": "Impacto estimado después de 30 años", "horizon_years": 30, "exposed_length_m": null, "exposed_area_m2": 0.0 }, "geometry": { "type": "Polygon", "coordinates": [ [ [ -71.6829892, -33.3688118 ], [ -71.6828647, -33.3687417 ], [ -71.6828074, -33.3688126 ], [ -71.6829318, -33.3688828 ], [ -71.6829892, -33.3688118 ] ] ] } },
{ "type": "Feature", "properties": { "osm_id": "way/1382693355", "name": null, "source": "OpenStreetMap/Overpass", "building": "house", "feature_type": "building", "nearest_transect_id": "T37", "erosion_rate_m_per_year": 0.143, "distance_to_shoreline_m": 390.1, "years_to_impact": 2723.0, "risk_level": "bajo", "risk_explanation": "Impacto estimado después de 30 años", "horizon_years": 30, "exposed_length_m": null, "exposed_area_m2": 0.0 }, "geometry": { "type": "Polygon", "coordinates": [ [ [ -71.6822147, -33.368746 ], [ -71.6821051, -33.368684300000012 ], [ -71.6820614, -33.3687383 ], [ -71.6821076, -33.3687643 ], [ -71.6820543, -33.3688303 ], [ -71.6821177, -33.368866 ], [ -71.6822147, -33.368746 ] ] ] } },
{ "type": "Feature", "properties": { "osm_id": "way/1412654997", "name": null, "source": "OpenStreetMap/Overpass", "building": "house", "feature_type": "building", "nearest_transect_id": "T37", "erosion_rate_m_per_year": 0.143, "distance_to_shoreline_m": 410.3, "years_to_impact": 2864.3, "risk_level": "bajo", "risk_explanation": "Impacto estimado después de 30 años", "horizon_years": 30, "exposed_length_m": null, "exposed_area_m2": 0.0 }, "geometry": { "type": "Polygon", "coordinates": [ [ [ -71.6831143, -33.3686752 ], [ -71.6829412, -33.3685776 ], [ -71.6828672, -33.3686691 ], [ -71.6829452, -33.368713099999987 ], [ -71.6829614, -33.3686931 ], [ -71.6830565, -33.3687467 ], [ -71.6831143, -33.3686752 ] ] ] } },
{ "type": "Feature", "properties": { "osm_id": "way/1382665225", "name": null, "source": "OpenStreetMap/Overpass", "building": "house", "feature_type": "building", "nearest_transect_id": "T37", "erosion_rate_m_per_year": 0.143, "distance_to_shoreline_m": 375.3, "years_to_impact": 2620.1, "risk_level": "bajo", "risk_explanation": "Impacto estimado después de 30 años", "horizon_years": 30, "exposed_length_m": null, "exposed_area_m2": 0.0 }, "geometry": { "type": "Polygon", "coordinates": [ [ [ -71.6813074, -33.3688029 ], [ -71.6813935, -33.3688514 ], [ -71.6814756, -33.3687499 ], [ -71.6813895, -33.3687013 ], [ -71.6813074, -33.3688029 ] ] ] } },
{ "type": "Feature", "properties": { "osm_id": "way/1382665221", "name": null, "source": "OpenStreetMap/Overpass", "building": "house", "feature_type": "building", "nearest_transect_id": "T37", "erosion_rate_m_per_year": 0.143, "distance_to_shoreline_m": 378.3, "years_to_impact": 2641.3, "risk_level": "bajo", "risk_explanation": "Impacto estimado después de 30 años", "horizon_years": 30, "exposed_length_m": null, "exposed_area_m2": 0.0 }, "geometry": { "type": "Polygon", "coordinates": [ [ [ -71.6817447, -33.368738 ], [ -71.6818844, -33.3688167 ], [ -71.6819556, -33.3687286 ], [ -71.681816, -33.3686498 ], [ -71.6817447, -33.368738 ] ] ] } },
{ "type": "Feature", "properties": { "osm_id": "way/1382665229", "name": null, "source": "OpenStreetMap/Overpass", "building": "house", "feature_type": "building", "nearest_transect_id": "T37", "erosion_rate_m_per_year": 0.143, "distance_to_shoreline_m": 368.4, "years_to_impact": 2572.0, "risk_level": "bajo", "risk_explanation": "Impacto estimado después de 30 años", "horizon_years": 30, "exposed_length_m": null, "exposed_area_m2": 0.0 }, "geometry": { "type": "Polygon", "coordinates": [ [ [ -71.681239, -33.3686573 ], [ -71.681179, -33.3687316 ], [ -71.6812611, -33.3687779 ], [ -71.6813211, -33.3687036 ], [ -71.681239, -33.3686573 ] ] ] } },
{ "type": "Feature", "properties": { "osm_id": "way/1382665226", "name": null, "source": "OpenStreetMap/Overpass", "building": "house", "feature_type": "building", "nearest_transect_id": "T37", "erosion_rate_m_per_year": 0.143, "distance_to_shoreline_m": 360.9, "years_to_impact": 2519.6, "risk_level": "bajo", "risk_explanation": "Impacto estimado después de 30 años", "horizon_years": 30, "exposed_length_m": null, "exposed_area_m2": 0.0 }, "geometry": { "type": "Polygon", "coordinates": [ [ [ -71.6810858, -33.3686037 ], [ -71.6810368, -33.3686644 ], [ -71.6811165, -33.3687093 ], [ -71.6811655, -33.3686487 ], [ -71.6810858, -33.3686037 ] ] ] } },
{ "type": "Feature", "properties": { "osm_id": "way/1382665228", "name": null, "source": "OpenStreetMap/Overpass", "building": "house", "feature_type": "building", "nearest_transect_id": "T37", "erosion_rate_m_per_year": 0.143, "distance_to_shoreline_m": 343.1, "years_to_impact": 2395.2, "risk_level": "bajo", "risk_explanation": "Impacto estimado después de 30 años", "horizon_years": 30, "exposed_length_m": null, "exposed_area_m2": 0.0 }, "geometry": { "type": "Polygon", "coordinates": [ [ [ -71.6811619, -33.3685017 ], [ -71.6812836, -33.3685703 ], [ -71.6813422, -33.3684978 ], [ -71.6812205, -33.3684292 ], [ -71.6811619, -33.3685017 ] ] ] } },
{ "type": "Feature", "properties": { "osm_id": "way/1382693374", "name": null, "source": "OpenStreetMap/Overpass", "building": "house", "feature_type": "building", "nearest_transect_id": "T37", "erosion_rate_m_per_year": 0.143, "distance_to_shoreline_m": 337.6, "years_to_impact": 2356.9, "risk_level": "bajo", "risk_explanation": "Impacto estimado después de 30 años", "horizon_years": 30, "exposed_length_m": null, "exposed_area_m2": 0.0 }, "geometry": { "type": "Polygon", "coordinates": [ [ [ -71.6808366, -33.3684063 ], [ -71.680756500000015, -33.3685053 ], [ -71.6808508, -33.3685585 ], [ -71.6809309, -33.3684594 ], [ -71.6808366, -33.3684063 ] ] ] } },
{ "type": "Feature", "properties": { "osm_id": "way/1382665227", "name": null, "source": "OpenStreetMap/Overpass", "building": "house", "feature_type": "building", "nearest_transect_id": "T37", "erosion_rate_m_per_year": 0.143, "distance_to_shoreline_m": 333.1, "years_to_impact": 2325.1, "risk_level": "bajo", "risk_explanation": "Impacto estimado después de 30 años", "horizon_years": 30, "exposed_length_m": null, "exposed_area_m2": 0.0 }, "geometry": { "type": "Polygon", "coordinates": [ [ [ -71.6812363, -33.3684009 ], [ -71.681358, -33.3684695 ], [ -71.6814166, -33.368397 ], [ -71.681295, -33.368328400000017 ], [ -71.6812363, -33.3684009 ] ] ] } },
{ "type": "Feature", "properties": { "osm_id": "way/1382665224", "name": null, "source": "OpenStreetMap/Overpass", "building": "house", "feature_type": "building", "nearest_transect_id": "T37", "erosion_rate_m_per_year": 0.143, "distance_to_shoreline_m": 321.6, "years_to_impact": 2245.2, "risk_level": "bajo", "risk_explanation": "Impacto estimado después de 30 años", "horizon_years": 30, "exposed_length_m": null, "exposed_area_m2": 0.0 }, "geometry": { "type": "Polygon", "coordinates": [ [ [ -71.6808987, -33.3682599 ], [ -71.680839700000021, -33.3683329 ], [ -71.6809671, -33.3684047 ], [ -71.6810261, -33.3683317 ], [ -71.6808987, -33.3682599 ] ] ] } },
{ "type": "Feature", "properties": { "osm_id": "way/1385998267", "name": null, "source": "OpenStreetMap/Overpass", "building": "house", "feature_type": "building", "nearest_transect_id": "T37", "erosion_rate_m_per_year": 0.143, "distance_to_shoreline_m": 336.7, "years_to_impact": 2350.3, "risk_level": "bajo", "risk_explanation": "Impacto estimado después de 30 años", "horizon_years": 30, "exposed_length_m": null, "exposed_area_m2": 0.0 }, "geometry": { "type": "Polygon", "coordinates": [ [ [ -71.6818032, -33.3683575 ], [ -71.6817922, -33.3683513 ], [ -71.681826, -33.3683093 ], [ -71.6817602, -33.3682723 ], [ -71.6817275, -33.3683127 ], [ -71.6817047, -33.3682998 ], [ -71.6816811, -33.368329 ], [ -71.6817809, -33.3683852 ], [ -71.6818032, -33.3683575 ] ] ] } },
{ "type": "Feature", "properties": { "osm_id": "way/1382693358", "name": null, "source": "OpenStreetMap/Overpass", "building": "house", "feature_type": "building", "nearest_transect_id": "T37", "erosion_rate_m_per_year": 0.143, "distance_to_shoreline_m": 322.2, "years_to_impact": 2249.4, "risk_level": "bajo", "risk_explanation": "Impacto estimado después de 30 años", "horizon_years": 30, "exposed_length_m": null, "exposed_area_m2": 0.0 }, "geometry": { "type": "Polygon", "coordinates": [ [ [ -71.6813404, -33.3682888 ], [ -71.6814901, -33.3683732 ], [ -71.6815513, -33.3682974 ], [ -71.6814016, -33.368213 ], [ -71.6813404, -33.3682888 ] ] ] } },
{ "type": "Feature", "properties": { "osm_id": "way/1382693356", "name": null, "source": "OpenStreetMap/Overpass", "building": "house", "feature_type": "building", "nearest_transect_id": "T37", "erosion_rate_m_per_year": 0.143, "distance_to_shoreline_m": 380.5, "years_to_impact": 2656.3, "risk_level": "bajo", "risk_explanation": "Impacto estimado después de 30 años", "horizon_years": 30, "exposed_length_m": null, "exposed_area_m2": 0.0 }, "geometry": { "type": "Polygon", "coordinates": [ [ [ -71.6823142, -33.3686376 ], [ -71.6821888, -33.3685669 ], [ -71.682121, -33.368650799999983 ], [ -71.6822465, -33.3687215 ], [ -71.6823142, -33.3686376 ] ] ] } },
{ "type": "Feature", "properties": { "osm_id": "way/1412654996", "name": null, "source": "OpenStreetMap/Overpass", "building": "house", "feature_type": "building", "nearest_transect_id": "T37", "erosion_rate_m_per_year": 0.143, "distance_to_shoreline_m": 407.2, "years_to_impact": 2842.8, "risk_level": "bajo", "risk_explanation": "Impacto estimado después de 30 años", "horizon_years": 30, "exposed_length_m": null, "exposed_area_m2": 0.0 }, "geometry": { "type": "Polygon", "coordinates": [ [ [ -71.6831776, -33.3685071 ], [ -71.6831917, -33.368515 ], [ -71.6832215, -33.3684781 ], [ -71.6831547, -33.3684405 ], [ -71.6831249, -33.3684773 ], [ -71.683138700000015, -33.3684851 ], [ -71.6831179, -33.3685108 ], [ -71.6830873, -33.3684936 ], [ -71.6830565, -33.3685317 ], [ -71.6831598, -33.368589900000011 ], [ -71.6831906, -33.3685518 ], [ -71.6831569, -33.3685328 ], [ -71.6831776, -33.3685071 ] ] ] } },
{ "type": "Feature", "properties": { "osm_id": "way/1385998367", "name": null, "source": "OpenStreetMap/Overpass", "building": "house", "feature_type": "building", "nearest_transect_id": "T37", "erosion_rate_m_per_year": 0.143, "distance_to_shoreline_m": 362.1, "years_to_impact": 2527.7, "risk_level": "bajo", "risk_explanation": "Impacto estimado después de 30 años", "horizon_years": 30, "exposed_length_m": null, "exposed_area_m2": 0.0 }, "geometry": { "type": "Polygon", "coordinates": [ [ [ -71.6821373, -33.368513 ], [ -71.6820145, -33.3684437 ], [ -71.68196, -33.3685111 ], [ -71.6820829, -33.3685804 ], [ -71.6821373, -33.368513 ] ] ] } },
{ "type": "Feature", "properties": { "osm_id": "way/1385998361", "name": null, "source": "OpenStreetMap/Overpass", "building": "house", "feature_type": "building", "nearest_transect_id": "T37", "erosion_rate_m_per_year": 0.143, "distance_to_shoreline_m": 370.1, "years_to_impact": 2583.7, "risk_level": "bajo", "risk_explanation": "Impacto estimado después de 30 años", "horizon_years": 30, "exposed_length_m": null, "exposed_area_m2": 0.0 }, "geometry": { "type": "Polygon", "coordinates": [ [ [ -71.6824177, -33.3684898 ], [ -71.6823082, -33.368428099999988 ], [ -71.6822576, -33.3684907 ], [ -71.6823672, -33.3685524 ], [ -71.6824177, -33.3684898 ] ] ] } },
{ "type": "Feature", "properties": { "osm_id": "way/1412654995", "name": null, "source": "OpenStreetMap/Overpass", "building": "house", "feature_type": "building", "nearest_transect_id": "T37", "erosion_rate_m_per_year": 0.143, "distance_to_shoreline_m": 384.0, "years_to_impact": 2680.6, "risk_level": "bajo", "risk_explanation": "Impacto estimado después de 30 años", "horizon_years": 30, "exposed_length_m": null, "exposed_area_m2": 0.0 }, "geometry": { "type": "Polygon", "coordinates": [ [ [ -71.682857, -33.3683456 ], [ -71.6828185, -33.3683933 ], [ -71.68292, -33.3684506 ], [ -71.6830043, -33.3683463 ], [ -71.6829378, -33.3683088 ], [ -71.6828921, -33.3683654 ], [ -71.682857, -33.3683456 ] ] ] } },
{ "type": "Feature", "properties": { "osm_id": "way/1382693258", "name": null, "source": "OpenStreetMap/Overpass", "building": "house", "feature_type": "building", "nearest_transect_id": "T37", "erosion_rate_m_per_year": 0.143, "distance_to_shoreline_m": 340.2, "years_to_impact": 2374.8, "risk_level": "bajo", "risk_explanation": "Impacto estimado después de 30 años", "horizon_years": 30, "exposed_length_m": null, "exposed_area_m2": 0.0 }, "geometry": { "type": "Polygon", "coordinates": [ [ [ -71.6821263, -33.3682562 ], [ -71.6822384, -33.3683194 ], [ -71.6823023, -33.3682404 ], [ -71.6821902, -33.3681772 ], [ -71.6821263, -33.3682562 ] ] ] } },
{ "type": "Feature", "properties": { "osm_id": "way/1412654994", "name": null, "source": "OpenStreetMap/Overpass", "building": "house", "feature_type": "building", "nearest_transect_id": "T37", "erosion_rate_m_per_year": 0.143, "distance_to_shoreline_m": 353.7, "years_to_impact": 2469.4, "risk_level": "bajo", "risk_explanation": "Impacto estimado después de 30 años", "horizon_years": 30, "exposed_length_m": null, "exposed_area_m2": 0.0 }, "geometry": { "type": "Polygon", "coordinates": [ [ [ -71.6826681, -33.3682109 ], [ -71.6826978, -33.3682276 ], [ -71.6827251, -33.3681937 ], [ -71.6826291, -33.3681396 ], [ -71.6825435, -33.3682455 ], [ -71.6826236, -33.3682906 ], [ -71.6826528, -33.3682545 ], [ -71.6826392, -33.3682467 ], [ -71.6826681, -33.3682109 ] ] ] } },
{ "type": "Feature", "properties": { "osm_id": "way/1382693247", "name": null, "source": "OpenStreetMap/Overpass", "building": "house", "feature_type": "building", "nearest_transect_id": "T37", "erosion_rate_m_per_year": 0.143, "distance_to_shoreline_m": 332.2, "years_to_impact": 2319.2, "risk_level": "bajo", "risk_explanation": "Impacto estimado después de 30 años", "horizon_years": 30, "exposed_length_m": null, "exposed_area_m2": 0.0 }, "geometry": { "type": "Polygon", "coordinates": [ [ [ -71.6822445, -33.3681218 ], [ -71.6823725, -33.368194 ], [ -71.6824201, -33.3681351 ], [ -71.6822921, -33.3680629 ], [ -71.6822445, -33.3681218 ] ] ] } },
{ "type": "Feature", "properties": { "osm_id": "way/1382693248", "name": null, "source": "OpenStreetMap/Overpass", "building": "house", "feature_type": "building", "nearest_transect_id": "T37", "erosion_rate_m_per_year": 0.143, "distance_to_shoreline_m": 314.9, "years_to_impact": 2198.5, "risk_level": "bajo", "risk_explanation": "Impacto estimado después de 30 años", "horizon_years": 30, "exposed_length_m": null, "exposed_area_m2": 0.0 }, "geometry": { "type": "Polygon", "coordinates": [ [ [ -71.6818533, -33.3680859 ], [ -71.6819254, -33.3681266 ], [ -71.6819072, -33.368149200000012 ], [ -71.6819452, -33.3681706 ], [ -71.682012, -33.3680881 ], [ -71.68190180000002, -33.368026 ], [ -71.6818533, -33.3680859 ] ] ] } },
{ "type": "Feature", "properties": { "osm_id": "way/1382693255", "name": null, "source": "OpenStreetMap/Overpass", "building": "house", "feature_type": "building", "nearest_transect_id": "T37", "erosion_rate_m_per_year": 0.143, "distance_to_shoreline_m": 344.1, "years_to_impact": 2402.0, "risk_level": "bajo", "risk_explanation": "Impacto estimado después de 30 años", "horizon_years": 30, "exposed_length_m": null, "exposed_area_m2": 0.0 }, "geometry": { "type": "Polygon", "coordinates": [ [ [ -71.6827095, -33.3680018 ], [ -71.6826528, -33.3680719 ], [ -71.6827612, -33.368133 ], [ -71.6828178, -33.3680629 ], [ -71.6827095, -33.3680018 ] ] ] } },
{ "type": "Feature", "properties": { "osm_id": "way/1382693359", "name": null, "source": "OpenStreetMap/Overpass", "building": "house", "feature_type": "building", "nearest_transect_id": "T37", "erosion_rate_m_per_year": 0.143, "distance_to_shoreline_m": 310.9, "years_to_impact": 2170.2, "risk_level": "bajo", "risk_explanation": "Impacto estimado después de 30 años", "horizon_years": 30, "exposed_length_m": null, "exposed_area_m2": 0.0 }, "geometry": { "type": "Polygon", "coordinates": [ [ [ -71.6809417, -33.3682332 ], [ -71.6810609, -33.3683004 ], [ -71.6811385, -33.3682044 ], [ -71.6810744, -33.3681682 ], [ -71.681058300000018, -33.368188 ], [ -71.6810033, -33.368157 ], [ -71.6809417, -33.3682332 ] ] ] } },
{ "type": "Feature", "properties": { "osm_id": "way/1382665223", "name": null, "source": "OpenStreetMap/Overpass", "building": "house", "feature_type": "building", "nearest_transect_id": "T37", "erosion_rate_m_per_year": 0.143, "distance_to_shoreline_m": 309.5, "years_to_impact": 2160.8, "risk_level": "bajo", "risk_explanation": "Impacto estimado después de 30 años", "horizon_years": 30, "exposed_length_m": null, "exposed_area_m2": 0.0 }, "geometry": { "type": "Polygon", "coordinates": [ [ [ -71.6806939, -33.3681545 ], [ -71.6806385, -33.3682231 ], [ -71.6807561, -33.3682894 ], [ -71.6808115, -33.3682209 ], [ -71.6806939, -33.3681545 ] ] ] } },
{ "type": "Feature", "properties": { "osm_id": "way/1382693357", "name": null, "source": "OpenStreetMap/Overpass", "building": "house", "feature_type": "building", "nearest_transect_id": "T37", "erosion_rate_m_per_year": 0.143, "distance_to_shoreline_m": 322.6, "years_to_impact": 2251.9, "risk_level": "bajo", "risk_explanation": "Impacto estimado después de 30 años", "horizon_years": 30, "exposed_length_m": null, "exposed_area_m2": 0.0 }, "geometry": { "type": "Polygon", "coordinates": [ [ [ -71.6817263, -33.3682029 ], [ -71.6818495, -33.3682724 ], [ -71.6819056, -33.3682029 ], [ -71.6817825, -33.3681335 ], [ -71.6817263, -33.3682029 ] ] ] } },
{ "type": "Feature", "properties": { "osm_id": "way/1382693373", "name": null, "source": "OpenStreetMap/Overpass", "building": "house", "feature_type": "building", "nearest_transect_id": "T37", "erosion_rate_m_per_year": 0.143, "distance_to_shoreline_m": 300.2, "years_to_impact": 2095.9, "risk_level": "bajo", "risk_explanation": "Impacto estimado después de 30 años", "horizon_years": 30, "exposed_length_m": null, "exposed_area_m2": 0.0 }, "geometry": { "type": "Polygon", "coordinates": [ [ [ -71.6812039, -33.3681138 ], [ -71.6810958, -33.3680529 ], [ -71.681034600000018, -33.3681286 ], [ -71.6811427, -33.3681895 ], [ -71.6812039, -33.3681138 ] ] ] } },
{ "type": "Feature", "properties": { "osm_id": "way/1382693360", "name": null, "source": "OpenStreetMap/Overpass", "building": "house", "feature_type": "building", "nearest_transect_id": "T37", "erosion_rate_m_per_year": 0.143, "distance_to_shoreline_m": 296.3, "years_to_impact": 2068.3, "risk_level": "bajo", "risk_explanation": "Impacto estimado después de 30 años", "horizon_years": 30, "exposed_length_m": null, "exposed_area_m2": 0.0 }, "geometry": { "type": "Polygon", "coordinates": [ [ [ -71.6807226, -33.368096799999989 ], [ -71.680823600000011, -33.3681537 ], [ -71.6808735, -33.3680918 ], [ -71.6807726, -33.3680349 ], [ -71.6807226, -33.368096799999989 ] ] ] } },
{ "type": "Feature", "properties": { "osm_id": "way/1382693372", "name": null, "source": "OpenStreetMap/Overpass", "building": "house", "feature_type": "building", "nearest_transect_id": "T37", "erosion_rate_m_per_year": 0.143, "distance_to_shoreline_m": 289.9, "years_to_impact": 2023.7, "risk_level": "bajo", "risk_explanation": "Impacto estimado después de 30 años", "horizon_years": 30, "exposed_length_m": null, "exposed_area_m2": 0.0 }, "geometry": { "type": "Polygon", "coordinates": [ [ [ -71.6812803, -33.3680197 ], [ -71.6811602, -33.367952 ], [ -71.6811072, -33.3680177 ], [ -71.6812272, -33.3680853 ], [ -71.6812803, -33.3680197 ] ] ] } },
{ "type": "Feature", "properties": { "osm_id": "way/1382693361", "name": null, "source": "OpenStreetMap/Overpass", "building": "house", "feature_type": "building", "nearest_transect_id": "T37", "erosion_rate_m_per_year": 0.143, "distance_to_shoreline_m": 282.6, "years_to_impact": 1973.1, "risk_level": "bajo", "risk_explanation": "Impacto estimado después de 30 años", "horizon_years": 30, "exposed_length_m": null, "exposed_area_m2": 0.0 }, "geometry": { "type": "Polygon", "coordinates": [ [ [ -71.6809409, -33.3679957 ], [ -71.6809027, -33.3679741 ], [ -71.6809241, -33.3679476 ], [ -71.6808571, -33.3679098 ], [ -71.6807894, -33.3679935 ], [ -71.6808946, -33.3680529 ], [ -71.6809409, -33.3679957 ] ] ] } },
{ "type": "Feature", "properties": { "osm_id": "way/1385998327", "name": null, "source": "OpenStreetMap/Overpass", "building": "house", "feature_type": "building", "nearest_transect_id": "T37", "erosion_rate_m_per_year": 0.143, "distance_to_shoreline_m": 294.2, "years_to_impact": 2054.2, "risk_level": "bajo", "risk_explanation": "Impacto estimado después de 30 años", "horizon_years": 30, "exposed_length_m": null, "exposed_area_m2": 0.0 }, "geometry": { "type": "Polygon", "coordinates": [ [ [ -71.6818077, -33.3679952 ], [ -71.6817222, -33.3679469 ], [ -71.6817387, -33.3679266 ], [ -71.6816795, -33.367893199999983 ], [ -71.6816164, -33.3679712 ], [ -71.681761, -33.3680529 ], [ -71.6818077, -33.3679952 ] ] ] } },
{ "type": "Feature", "properties": { "osm_id": "way/1382693364", "name": null, "source": "OpenStreetMap/Overpass", "building": "house", "feature_type": "building", "nearest_transect_id": "T37", "erosion_rate_m_per_year": 0.143, "distance_to_shoreline_m": 277.1, "years_to_impact": 1934.6, "risk_level": "bajo", "risk_explanation": "Impacto estimado después de 30 años", "horizon_years": 30, "exposed_length_m": null, "exposed_area_m2": 0.0 }, "geometry": { "type": "Polygon", "coordinates": [ [ [ -71.6813913, -33.3679077 ], [ -71.6812433, -33.3678244 ], [ -71.6811786, -33.367904499999987 ], [ -71.6813265, -33.36798790000001 ], [ -71.6813913, -33.3679077 ] ] ] } },
{ "type": "Feature", "properties": { "osm_id": "way/1385998375", "name": null, "source": "OpenStreetMap/Overpass", "building": "house", "feature_type": "building", "nearest_transect_id": "T37", "erosion_rate_m_per_year": 0.143, "distance_to_shoreline_m": 268.7, "years_to_impact": 1875.9, "risk_level": "bajo", "risk_explanation": "Impacto estimado después de 30 años", "horizon_years": 30, "exposed_length_m": null, "exposed_area_m2": 0.0 }, "geometry": { "type": "Polygon", "coordinates": [ [ [ -71.6808703, -33.36788 ], [ -71.680993200000017, -33.3679492 ], [ -71.6810746, -33.3678486 ], [ -71.6809517, -33.3677793 ], [ -71.6808703, -33.36788 ] ] ] } },
{ "type": "Feature", "properties": { "osm_id": "way/1412655008", "name": null, "source": "OpenStreetMap/Overpass", "building": "house", "feature_type": "building", "nearest_transect_id": "T37", "erosion_rate_m_per_year": 0.143, "distance_to_shoreline_m": 548.9, "years_to_impact": 3831.8, "risk_level": "bajo", "risk_explanation": "Impacto estimado después de 30 años", "horizon_years": 30, "exposed_length_m": null, "exposed_area_m2": 0.0 }, "geometry": { "type": "Polygon", "coordinates": [ [ [ -71.6783439, -33.3698904 ], [ -71.678248106762908, -33.369921661196251 ], [ -71.678357399529887, -33.369919306602029 ], [ -71.6783439, -33.3698904 ] ] ] } },
{ "type": "Feature", "properties": { "osm_id": "way/1412655006", "name": null, "source": "OpenStreetMap/Overpass", "building": "house", "feature_type": "building", "nearest_transect_id": "T37", "erosion_rate_m_per_year": 0.143, "distance_to_shoreline_m": 523.4, "years_to_impact": 3653.7, "risk_level": "bajo", "risk_explanation": "Impacto estimado después de 30 años", "horizon_years": 30, "exposed_length_m": null, "exposed_area_m2": 0.0 }, "geometry": { "type": "Polygon", "coordinates": [ [ [ -71.6783218, -33.369677699999983 ], [ -71.6783118, -33.369813799999989 ], [ -71.6784585, -33.3698214 ], [ -71.6784686, -33.3696853 ], [ -71.6783218, -33.369677699999983 ] ] ] } },
{ "type": "Feature", "properties": { "osm_id": "way/1412655007", "name": null, "source": "OpenStreetMap/Overpass", "building": "house", "feature_type": "building", "nearest_transect_id": "T32", "erosion_rate_m_per_year": 1.235, "distance_to_shoreline_m": 527.6, "years_to_impact": 427.2, "risk_level": "bajo", "risk_explanation": "Impacto estimado después de 30 años", "horizon_years": 30, "exposed_length_m": null, "exposed_area_m2": 0.0 }, "geometry": { "type": "Polygon", "coordinates": [ [ [ -71.6782817, -33.3696555 ], [ -71.6781369, -33.3696409 ], [ -71.6781239, -33.3697306 ], [ -71.6782688, -33.3697452 ], [ -71.6782817, -33.3696555 ] ] ] } },
{ "type": "Feature", "properties": { "osm_id": "way/1382693222", "name": null, "source": "OpenStreetMap/Overpass", "building": "house", "feature_type": "building", "nearest_transect_id": "T37", "erosion_rate_m_per_year": 0.143, "distance_to_shoreline_m": 493.9, "years_to_impact": 3448.2, "risk_level": "bajo", "risk_explanation": "Impacto estimado después de 30 años", "horizon_years": 30, "exposed_length_m": null, "exposed_area_m2": 0.0 }, "geometry": { "type": "Polygon", "coordinates": [ [ [ -71.6783424, -33.3693805 ], [ -71.6783318, -33.369463 ], [ -71.6784513, -33.3694737 ], [ -71.6784619, -33.3693913 ], [ -71.6783424, -33.3693805 ] ] ] } },
{ "type": "Feature", "properties": { "osm_id": "way/1382693221", "name": null, "source": "OpenStreetMap/Overpass", "building": "house", "feature_type": "building", "nearest_transect_id": "T37", "erosion_rate_m_per_year": 0.143, "distance_to_shoreline_m": 485.2, "years_to_impact": 3387.1, "risk_level": "bajo", "risk_explanation": "Impacto estimado después de 30 años", "horizon_years": 30, "exposed_length_m": null, "exposed_area_m2": 0.0 }, "geometry": { "type": "Polygon", "coordinates": [ [ [ -71.6785352, -33.369362 ], [ -71.6785249, -33.3694417 ], [ -71.678626, -33.3694508 ], [ -71.6786362, -33.3693711 ], [ -71.6785352, -33.369362 ] ] ] } },
{ "type": "Feature", "properties": { "osm_id": "way/1382693203", "name": null, "source": "OpenStreetMap/Overpass", "building": "house", "feature_type": "building", "nearest_transect_id": "T37", "erosion_rate_m_per_year": 0.143, "distance_to_shoreline_m": 439.6, "years_to_impact": 3068.6, "risk_level": "bajo", "risk_explanation": "Impacto estimado después de 30 años", "horizon_years": 30, "exposed_length_m": null, "exposed_area_m2": 0.0 }, "geometry": { "type": "Polygon", "coordinates": [ [ [ -71.6799116, -33.3692715 ], [ -71.6798928, -33.369407 ], [ -71.6799961, -33.3694169 ], [ -71.6800149, -33.3692815 ], [ -71.6799116, -33.3692715 ] ] ] } },
{ "type": "Feature", "properties": { "osm_id": "way/1382693204", "name": null, "source": "OpenStreetMap/Overpass", "building": "house", "feature_type": "building", "nearest_transect_id": "T37", "erosion_rate_m_per_year": 0.143, "distance_to_shoreline_m": 442.4, "years_to_impact": 3088.2, "risk_level": "bajo", "risk_explanation": "Impacto estimado después de 30 años", "horizon_years": 30, "exposed_length_m": null, "exposed_area_m2": 0.0 }, "geometry": { "type": "Polygon", "coordinates": [ [ [ -71.6797069, -33.369268 ], [ -71.6796877, -33.369407 ], [ -71.6798039, -33.3694182 ], [ -71.6798231, -33.3692793 ], [ -71.6797069, -33.369268 ] ] ] } },
{ "type": "Feature", "properties": { "osm_id": "way/1412655005", "name": null, "source": "OpenStreetMap/Overpass", "building": "house", "feature_type": "building", "nearest_transect_id": "T32", "erosion_rate_m_per_year": 1.235, "distance_to_shoreline_m": 504.6, "years_to_impact": 408.6, "risk_level": "bajo", "risk_explanation": "Impacto estimado después de 30 años", "horizon_years": 30, "exposed_length_m": null, "exposed_area_m2": 0.0 }, "geometry": { "type": "Polygon", "coordinates": [ [ [ -71.6779775, -33.3693316 ], [ -71.6779623, -33.3694501 ], [ -71.6781072, -33.3694631 ], [ -71.6781179, -33.3693801 ], [ -71.6780583, -33.3693747 ], [ -71.6780629, -33.3693392 ], [ -71.6779775, -33.3693316 ] ] ] } },
{ "type": "Feature", "properties": { "osm_id": "way/1382693223", "name": null, "source": "OpenStreetMap/Overpass", "building": "house", "feature_type": "building", "nearest_transect_id": "T32", "erosion_rate_m_per_year": 1.235, "distance_to_shoreline_m": 502.3, "years_to_impact": 406.7, "risk_level": "bajo", "risk_explanation": "Impacto estimado después de 30 años", "horizon_years": 30, "exposed_length_m": null, "exposed_area_m2": 0.0 }, "geometry": { "type": "Polygon", "coordinates": [ [ [ -71.6778564, -33.3693098 ], [ -71.6778396, -33.369440600000011 ], [ -71.6779368, -33.369449299999985 ], [ -71.6779536, -33.369318500000013 ], [ -71.6778564, -33.3693098 ] ] ] } },
{ "type": "Feature", "properties": { "osm_id": "way/1382693224", "name": null, "source": "OpenStreetMap/Overpass", "building": "house", "feature_type": "building", "nearest_transect_id": "T32", "erosion_rate_m_per_year": 1.235, "distance_to_shoreline_m": 482.1, "years_to_impact": 390.3, "risk_level": "bajo", "risk_explanation": "Impacto estimado después de 30 años", "horizon_years": 30, "exposed_length_m": null, "exposed_area_m2": 0.0 }, "geometry": { "type": "Polygon", "coordinates": [ [ [ -71.6779875, -33.3691285 ], [ -71.6779724, -33.3692457 ], [ -71.6780793, -33.3692553 ], [ -71.6780863, -33.3692014 ], [ -71.6781427, -33.3692065 ], [ -71.678149, -33.3691575 ], [ -71.678092600000014, -33.3691524 ], [ -71.6780944, -33.3691382 ], [ -71.6779875, -33.3691285 ] ] ] } },
{ "type": "Feature", "properties": { "osm_id": "way/1385998268", "name": null, "source": "OpenStreetMap/Overpass", "building": "house", "feature_type": "building", "nearest_transect_id": "T32", "erosion_rate_m_per_year": 1.235, "distance_to_shoreline_m": 480.1, "years_to_impact": 388.7, "risk_level": "bajo", "risk_explanation": "Impacto estimado después de 30 años", "horizon_years": 30, "exposed_length_m": null, "exposed_area_m2": 0.0 }, "geometry": { "type": "Polygon", "coordinates": [ [ [ -71.6779499, -33.3691678 ], [ -71.677929, -33.3691659 ], [ -71.6779354, -33.3691167 ], [ -71.6778587, -33.3691097 ], [ -71.6778426, -33.369233500000014 ], [ -71.6779402, -33.3692423 ], [ -71.6779499, -33.3691678 ] ] ] } },
{ "type": "Feature", "properties": { "osm_id": "way/1382693225", "name": null, "source": "OpenStreetMap/Overpass", "building": "house", "feature_type": "building", "nearest_transect_id": "T32", "erosion_rate_m_per_year": 1.235, "distance_to_shoreline_m": 477.9, "years_to_impact": 386.9, "risk_level": "bajo", "risk_explanation": "Impacto estimado después de 30 años", "horizon_years": 30, "exposed_length_m": null, "exposed_area_m2": 0.0 }, "geometry": { "type": "Polygon", "coordinates": [ [ [ -71.6774047, -33.3691862 ], [ -71.6775432, -33.3691986 ], [ -71.6775583, -33.36908110000001 ], [ -71.6774198, -33.3690687 ], [ -71.6774047, -33.3691862 ] ] ] } },
{ "type": "Feature", "properties": { "osm_id": "way/1382693226", "name": null, "source": "OpenStreetMap/Overpass", "building": "house", "feature_type": "building", "nearest_transect_id": "T32", "erosion_rate_m_per_year": 1.235, "distance_to_shoreline_m": 472.3, "years_to_impact": 382.4, "risk_level": "bajo", "risk_explanation": "Impacto estimado después de 30 años", "horizon_years": 30, "exposed_length_m": null, "exposed_area_m2": 0.0 }, "geometry": { "type": "Polygon", "coordinates": [ [ [ -71.677211, -33.369003799999987 ], [ -71.6771959, -33.3691214 ], [ -71.6773578, -33.369135900000011 ], [ -71.6773729, -33.3690183 ], [ -71.677211, -33.369003799999987 ] ] ] } },
{ "type": "Feature", "properties": { "osm_id": "way/1382665248", "name": null, "source": "OpenStreetMap/Overpass", "building": "house", "feature_type": "building", "nearest_transect_id": "T32", "erosion_rate_m_per_year": 1.235, "distance_to_shoreline_m": 440.6, "years_to_impact": 356.7, "risk_level": "bajo", "risk_explanation": "Impacto estimado después de 30 años", "horizon_years": 30, "exposed_length_m": null, "exposed_area_m2": 0.0 }, "geometry": { "type": "Polygon", "coordinates": [ [ [ -71.6779955, -33.3687666 ], [ -71.6778557, -33.368754 ], [ -71.6778446, -33.36884 ], [ -71.6779844, -33.3688525 ], [ -71.6779955, -33.3687666 ] ] ] } },
{ "type": "Feature", "properties": { "osm_id": "way/1382693265", "name": null, "source": "OpenStreetMap/Overpass", "building": "house", "feature_type": "building", "nearest_transect_id": "T37", "erosion_rate_m_per_year": 0.143, "distance_to_shoreline_m": 463.2, "years_to_impact": 3233.6, "risk_level": "bajo", "risk_explanation": "Impacto estimado después de 30 años", "horizon_years": 30, "exposed_length_m": null, "exposed_area_m2": 0.0 }, "geometry": { "type": "Polygon", "coordinates": [ [ [ -71.6818497, -33.3694316 ], [ -71.6817664, -33.3695346 ], [ -71.681839900000014, -33.3695761 ], [ -71.6819233, -33.369473 ], [ -71.6818497, -33.3694316 ] ] ] } },
{ "type": "Feature", "properties": { "osm_id": "way/1382693263", "name": null, "source": "OpenStreetMap/Overpass", "building": "house", "feature_type": "building", "nearest_transect_id": "T37", "erosion_rate_m_per_year": 0.143, "distance_to_shoreline_m": 433.7, "years_to_impact": 3027.9, "risk_level": "bajo", "risk_explanation": "Impacto estimado después de 30 años", "horizon_years": 30, "exposed_length_m": null, "exposed_area_m2": 0.0 }, "geometry": { "type": "Polygon", "coordinates": [ [ [ -71.6811275, -33.369259400000011 ], [ -71.6810435, -33.3693633 ], [ -71.6811165, -33.3694044 ], [ -71.6812004, -33.3693006 ], [ -71.6811275, -33.369259400000011 ] ] ] } },
{ "type": "Feature", "properties": { "osm_id": "way/1385998363", "name": null, "source": "OpenStreetMap/Overpass", "building": "house", "feature_type": "building", "nearest_transect_id": "T37", "erosion_rate_m_per_year": 0.143, "distance_to_shoreline_m": 432.0, "years_to_impact": 3015.8, "risk_level": "bajo", "risk_explanation": "Impacto estimado después de 30 años", "horizon_years": 30, "exposed_length_m": null, "exposed_area_m2": 0.0 }, "geometry": { "type": "Polygon", "coordinates": [ [ [ -71.6813839, -33.3693174 ], [ -71.6814713, -33.3693666 ], [ -71.68156, -33.3692569 ], [ -71.6814727, -33.3692076 ], [ -71.6813839, -33.3693174 ] ] ] } },
{ "type": "Feature", "properties": { "osm_id": "way/1382693262", "name": null, "source": "OpenStreetMap/Overpass", "building": "house", "feature_type": "building", "nearest_transect_id": "T37", "erosion_rate_m_per_year": 0.143, "distance_to_shoreline_m": 419.8, "years_to_impact": 2930.9, "risk_level": "bajo", "risk_explanation": "Impacto estimado después de 30 años", "horizon_years": 30, "exposed_length_m": null, "exposed_area_m2": 0.0 }, "geometry": { "type": "Polygon", "coordinates": [ [ [ -71.6808903, -33.369146299999983 ], [ -71.68079, -33.3692703 ], [ -71.6808749, -33.3693181 ], [ -71.680975100000012, -33.3691942 ], [ -71.6808903, -33.369146299999983 ] ] ] } },
{ "type": "Feature", "properties": { "osm_id": "way/1382693264", "name": null, "source": "OpenStreetMap/Overpass", "building": "house", "feature_type": "building", "nearest_transect_id": "T37", "erosion_rate_m_per_year": 0.143, "distance_to_shoreline_m": 421.5, "years_to_impact": 2942.3, "risk_level": "bajo", "risk_explanation": "Impacto estimado después de 30 años", "horizon_years": 30, "exposed_length_m": null, "exposed_area_m2": 0.0 }, "geometry": { "type": "Polygon", "coordinates": [ [ [ -71.6813223, -33.3691304 ], [ -71.6812219, -33.3692546 ], [ -71.6813012, -33.369299299999987 ], [ -71.6814016, -33.3691751 ], [ -71.6813223, -33.3691304 ] ] ] } },
{ "type": "Feature", "properties": { "osm_id": "way/1382665230", "name": null, "source": "OpenStreetMap/Overpass", "building": "house", "feature_type": "building", "nearest_transect_id": "T37", "erosion_rate_m_per_year": 0.143, "distance_to_shoreline_m": 409.7, "years_to_impact": 2859.9, "risk_level": "bajo", "risk_explanation": "Impacto estimado después de 30 años", "horizon_years": 30, "exposed_length_m": null, "exposed_area_m2": 0.0 }, "geometry": { "type": "Polygon", "coordinates": [ [ [ -71.6810747, -33.3691679 ], [ -71.6811669, -33.3692199 ], [ -71.68127250000002, -33.3690893 ], [ -71.6811803, -33.3690374 ], [ -71.6810747, -33.3691679 ] ] ] } },
{ "type": "Feature", "properties": { "osm_id": "way/1384206171", "name": null, "source": "OpenStreetMap/Overpass", "building": "house", "feature_type": "building", "nearest_transect_id": "T37", "erosion_rate_m_per_year": 0.143, "distance_to_shoreline_m": 403.3, "years_to_impact": 2815.7, "risk_level": "bajo", "risk_explanation": "Impacto estimado después de 30 años", "horizon_years": 30, "exposed_length_m": null, "exposed_area_m2": 0.0 }, "geometry": { "type": "Polygon", "coordinates": [ [ [ -71.6804851, -33.3689945 ], [ -71.6804167, -33.3691333 ], [ -71.6805057, -33.3691639 ], [ -71.6805741, -33.369025 ], [ -71.6804851, -33.3689945 ] ] ] } },
{ "type": "Feature", "properties": { "osm_id": "way/1382693246", "name": null, "source": "OpenStreetMap/Overpass", "building": "house", "feature_type": "building", "nearest_transect_id": "T37", "erosion_rate_m_per_year": 0.143, "distance_to_shoreline_m": 400.2, "years_to_impact": 2793.7, "risk_level": "bajo", "risk_explanation": "Impacto estimado después de 30 años", "horizon_years": 30, "exposed_length_m": null, "exposed_area_m2": 0.0 }, "geometry": { "type": "Polygon", "coordinates": [ [ [ -71.6816292, -33.368891 ], [ -71.6815679, -33.3689668 ], [ -71.6817024, -33.3690426 ], [ -71.6817637, -33.368966800000017 ], [ -71.6816292, -33.368891 ] ] ] } },
{ "type": "Feature", "properties": { "osm_id": "way/1385998368", "name": null, "source": "OpenStreetMap/Overpass", "building": "house", "feature_type": "building", "nearest_transect_id": "T37", "erosion_rate_m_per_year": 0.143, "distance_to_shoreline_m": 390.1, "years_to_impact": 2723.7, "risk_level": "bajo", "risk_explanation": "Impacto estimado después de 30 años", "horizon_years": 30, "exposed_length_m": null, "exposed_area_m2": 0.0 }, "geometry": { "type": "Polygon", "coordinates": [ [ [ -71.6817076, -33.3687833 ], [ -71.681647, -33.3688581 ], [ -71.6817997, -33.3689442 ], [ -71.6818602, -33.3688693 ], [ -71.6817076, -33.3687833 ] ] ] } },
{ "type": "Feature", "properties": { "osm_id": "way/1382693244", "name": null, "source": "OpenStreetMap/Overpass", "building": "house", "feature_type": "building", "nearest_transect_id": "T37", "erosion_rate_m_per_year": 0.143, "distance_to_shoreline_m": 375.0, "years_to_impact": 2617.7, "risk_level": "bajo", "risk_explanation": "Impacto estimado después de 30 años", "horizon_years": 30, "exposed_length_m": null, "exposed_area_m2": 0.0 }, "geometry": { "type": "Polygon", "coordinates": [ [ [ -71.6805514, -33.3688666 ], [ -71.6806358, -33.3689141 ], [ -71.6806705, -33.3688713 ], [ -71.6806988, -33.368887299999983 ], [ -71.6807633, -33.3688075 ], [ -71.6806506, -33.3687439 ], [ -71.6805514, -33.3688666 ] ] ] } },
{ "type": "Feature", "properties": { "osm_id": "way/1382693205", "name": null, "source": "OpenStreetMap/Overpass", "building": "house", "feature_type": "building", "nearest_transect_id": "T37", "erosion_rate_m_per_year": 0.143, "distance_to_shoreline_m": 442.0, "years_to_impact": 3085.9, "risk_level": "bajo", "risk_explanation": "Impacto estimado después de 30 años", "horizon_years": 30, "exposed_length_m": null, "exposed_area_m2": 0.0 }, "geometry": { "type": "Polygon", "coordinates": [ [ [ -71.6795099, -33.3692323 ], [ -71.6794936, -33.3693502 ], [ -71.6796374, -33.3693641 ], [ -71.679653800000011, -33.3692462 ], [ -71.6795099, -33.3692323 ] ] ] } },
{ "type": "Feature", "properties": { "osm_id": "way/1412655004", "name": null, "source": "OpenStreetMap/Overpass", "building": "house", "feature_type": "building", "nearest_transect_id": "T32", "erosion_rate_m_per_year": 1.235, "distance_to_shoreline_m": 486.5, "years_to_impact": 393.9, "risk_level": "bajo", "risk_explanation": "Impacto estimado después de 30 años", "horizon_years": 30, "exposed_length_m": null, "exposed_area_m2": 0.0 }, "geometry": { "type": "Polygon", "coordinates": [ [ [ -71.6781698, -33.3692335 ], [ -71.6781608, -33.3693022 ], [ -71.6782759, -33.3693126 ], [ -71.6782849, -33.369244 ], [ -71.6781698, -33.3692335 ] ] ] } },
{ "type": "Feature", "properties": { "osm_id": "way/1382693220", "name": null, "source": "OpenStreetMap/Overpass", "building": "house", "feature_type": "building", "nearest_transect_id": "T37", "erosion_rate_m_per_year": 0.143, "distance_to_shoreline_m": 462.1, "years_to_impact": 3226.2, "risk_level": "bajo", "risk_explanation": "Impacto estimado después de 30 años", "horizon_years": 30, "exposed_length_m": null, "exposed_area_m2": 0.0 }, "geometry": { "type": "Polygon", "coordinates": [ [ [ -71.6786172, -33.3691633 ], [ -71.6785987, -33.3693073 ], [ -71.6786928, -33.3693157 ], [ -71.6787113, -33.369171800000011 ], [ -71.6786172, -33.3691633 ] ] ] } },
{ "type": "Feature", "properties": { "osm_id": "way/1382693228", "name": null, "source": "OpenStreetMap/Overpass", "building": "house", "feature_type": "building", "nearest_transect_id": "T37", "erosion_rate_m_per_year": 0.143, "distance_to_shoreline_m": 465.7, "years_to_impact": 3251.4, "risk_level": "bajo", "risk_explanation": "Impacto estimado después de 30 años", "horizon_years": 30, "exposed_length_m": null, "exposed_area_m2": 0.0 }, "geometry": { "type": "Polygon", "coordinates": [ [ [ -71.6783664, -33.3691206 ], [ -71.678350600000016, -33.3692434 ], [ -71.6785091, -33.3692577 ], [ -71.6785249, -33.369134799999983 ], [ -71.6783664, -33.3691206 ] ] ] } },
{ "type": "Feature", "properties": { "osm_id": "way/1382693227", "name": null, "source": "OpenStreetMap/Overpass", "building": "house", "feature_type": "building", "nearest_transect_id": "T32", "erosion_rate_m_per_year": 1.235, "distance_to_shoreline_m": 473.8, "years_to_impact": 383.6, "risk_level": "bajo", "risk_explanation": "Impacto estimado después de 30 años", "horizon_years": 30, "exposed_length_m": null, "exposed_area_m2": 0.0 }, "geometry": { "type": "Polygon", "coordinates": [ [ [ -71.67825, -33.369126 ], [ -71.6782366, -33.36923 ], [ -71.678309, -33.3692365 ], [ -71.6783224, -33.3691326 ], [ -71.67825, -33.369126 ] ] ] } },
{ "type": "Feature", "properties": { "osm_id": "way/1382693380", "name": null, "source": "OpenStreetMap/Overpass", "building": "house", "feature_type": "building", "nearest_transect_id": "T37", "erosion_rate_m_per_year": 0.143, "distance_to_shoreline_m": 420.7, "years_to_impact": 2937.1, "risk_level": "bajo", "risk_explanation": "Impacto estimado después de 30 años", "horizon_years": 30, "exposed_length_m": null, "exposed_area_m2": 0.0 }, "geometry": { "type": "Polygon", "coordinates": [ [ [ -71.6786532, -33.3687709 ], [ -71.6786349, -33.368913 ], [ -71.6787453, -33.3689229 ], [ -71.6787636, -33.3687809 ], [ -71.6786532, -33.3687709 ] ] ] } },
{ "type": "Feature", "properties": { "osm_id": "way/1382665231", "name": null, "source": "OpenStreetMap/Overpass", "building": "house", "feature_type": "building", "nearest_transect_id": "T37", "erosion_rate_m_per_year": 0.143, "distance_to_shoreline_m": 368.8, "years_to_impact": 2574.9, "risk_level": "bajo", "risk_explanation": "Impacto estimado después de 30 años", "horizon_years": 30, "exposed_length_m": null, "exposed_area_m2": 0.0 }, "geometry": { "type": "Polygon", "coordinates": [ [ [ -71.6804083, -33.3687873 ], [ -71.6804883, -33.3688324 ], [ -71.6805723, -33.36872850000001 ], [ -71.6804923, -33.3686834 ], [ -71.6804083, -33.3687873 ] ] ] } },
{ "type": "Feature", "properties": { "osm_id": "way/1382693202", "name": null, "source": "OpenStreetMap/Overpass", "building": "house", "feature_type": "building", "nearest_transect_id": "T37", "erosion_rate_m_per_year": 0.143, "distance_to_shoreline_m": 387.4, "years_to_impact": 2704.7, "risk_level": "bajo", "risk_explanation": "Impacto estimado después de 30 años", "horizon_years": 30, "exposed_length_m": null, "exposed_area_m2": 0.0 }, "geometry": { "type": "Polygon", "coordinates": [ [ [ -71.6794378, -33.3687005 ], [ -71.6794248, -33.3687943 ], [ -71.6795151, -33.368803 ], [ -71.6795281, -33.368709199999984 ], [ -71.6794378, -33.3687005 ] ] ] } },
{ "type": "Feature", "properties": { "osm_id": "way/1382693245", "name": null, "source": "OpenStreetMap/Overpass", "building": "house", "feature_type": "building", "nearest_transect_id": "T37", "erosion_rate_m_per_year": 0.143, "distance_to_shoreline_m": 357.6, "years_to_impact": 2496.7, "risk_level": "bajo", "risk_explanation": "Impacto estimado después de 30 años", "horizon_years": 30, "exposed_length_m": null, "exposed_area_m2": 0.0 }, "geometry": { "type": "Polygon", "coordinates": [ [ [ -71.680357, -33.36857340000001 ], [ -71.6802871, -33.3686599 ], [ -71.6803889, -33.3687173 ], [ -71.6804588, -33.3686308 ], [ -71.680357, -33.36857340000001 ] ] ] } },
{ "type": "Feature", "properties": { "osm_id": "way/1384206170", "name": null, "source": "OpenStreetMap/Overpass", "building": "house", "feature_type": "building", "nearest_transect_id": "T37", "erosion_rate_m_per_year": 0.143, "distance_to_shoreline_m": 366.3, "years_to_impact": 2557.2, "risk_level": "bajo", "risk_explanation": "Impacto estimado después de 30 años", "horizon_years": 30, "exposed_length_m": null, "exposed_area_m2": 0.0 }, "geometry": { "type": "Polygon", "coordinates": [ [ [ -71.6799058, -33.368594 ], [ -71.679767, -33.3685867 ], [ -71.6797607, -33.36867 ], [ -71.6798995, -33.3686773 ], [ -71.6799058, -33.368594 ] ] ] } },
{ "type": "Feature", "properties": { "osm_id": "way/1382665250", "name": null, "source": "OpenStreetMap/Overpass", "building": "house", "feature_type": "building", "nearest_transect_id": "T32", "erosion_rate_m_per_year": 1.235, "distance_to_shoreline_m": 436.9, "years_to_impact": 353.7, "risk_level": "bajo", "risk_explanation": "Impacto estimado después de 30 años", "horizon_years": 30, "exposed_length_m": null, "exposed_area_m2": 0.0 }, "geometry": { "type": "Polygon", "coordinates": [ [ [ -71.6780544, -33.3687203 ], [ -71.678037, -33.3688555 ], [ -71.6781628, -33.3688668 ], [ -71.678180200000014, -33.3687316 ], [ -71.6780544, -33.3687203 ] ] ] } },
{ "type": "Feature", "properties": { "osm_id": "way/1382665249", "name": null, "source": "OpenStreetMap/Overpass", "building": "house", "feature_type": "building", "nearest_transect_id": "T32", "erosion_rate_m_per_year": 1.235, "distance_to_shoreline_m": 434.7, "years_to_impact": 351.9, "risk_level": "bajo", "risk_explanation": "Impacto estimado después de 30 años", "horizon_years": 30, "exposed_length_m": null, "exposed_area_m2": 0.0 }, "geometry": { "type": "Polygon", "coordinates": [ [ [ -71.6777007, -33.3686958 ], [ -71.6776854, -33.3688145 ], [ -71.6777841, -33.3688234 ], [ -71.6777994, -33.3687047 ], [ -71.6777007, -33.3686958 ] ] ] } },
{ "type": "Feature", "properties": { "osm_id": "way/1382693235", "name": null, "source": "OpenStreetMap/Overpass", "building": "house", "feature_type": "building", "nearest_transect_id": "T32", "erosion_rate_m_per_year": 1.235, "distance_to_shoreline_m": 435.4, "years_to_impact": 352.5, "risk_level": "bajo", "risk_explanation": "Impacto estimado después de 30 años", "horizon_years": 30, "exposed_length_m": null, "exposed_area_m2": 0.0 }, "geometry": { "type": "Polygon", "coordinates": [ [ [ -71.677460100000019, -33.3687114 ], [ -71.6774493, -33.3687947 ], [ -71.6776063, -33.3688089 ], [ -71.6776204, -33.3686993 ], [ -71.6775566, -33.3686935 ], [ -71.6775532, -33.3687198 ], [ -71.677460100000019, -33.3687114 ] ] ] } },
{ "type": "Feature", "properties": { "osm_id": "way/1382665245", "name": null, "source": "OpenStreetMap/Overpass", "building": "house", "feature_type": "building", "nearest_transect_id": "T32", "erosion_rate_m_per_year": 1.235, "distance_to_shoreline_m": 431.1, "years_to_impact": 349.1, "risk_level": "bajo", "risk_explanation": "Impacto estimado después de 30 años", "horizon_years": 30, "exposed_length_m": null, "exposed_area_m2": 0.0 }, "geometry": { "type": "Polygon", "coordinates": [ [ [ -71.6772955, -33.3686374 ], [ -71.6772777, -33.3687753 ], [ -71.6773779, -33.3687843 ], [ -71.6773957, -33.3686465 ], [ -71.6772955, -33.3686374 ] ] ] } },
{ "type": "Feature", "properties": { "osm_id": "way/1382693236", "name": null, "source": "OpenStreetMap/Overpass", "building": "house", "feature_type": "building", "nearest_transect_id": "T32", "erosion_rate_m_per_year": 1.235, "distance_to_shoreline_m": 435.1, "years_to_impact": 352.3, "risk_level": "bajo", "risk_explanation": "Impacto estimado después de 30 años", "horizon_years": 30, "exposed_length_m": null, "exposed_area_m2": 0.0 }, "geometry": { "type": "Polygon", "coordinates": [ [ [ -71.6770746, -33.3686553 ], [ -71.6770631, -33.3687439 ], [ -71.6772139, -33.3687575 ], [ -71.6772254, -33.36866890000001 ], [ -71.6770746, -33.3686553 ] ] ] } },
{ "type": "Feature", "properties": { "osm_id": "way/1382665246", "name": null, "source": "OpenStreetMap/Overpass", "building": "house", "feature_type": "building", "nearest_transect_id": "T32", "erosion_rate_m_per_year": 1.235, "distance_to_shoreline_m": 412.5, "years_to_impact": 334.0, "risk_level": "bajo", "risk_explanation": "Impacto estimado después de 30 años", "horizon_years": 30, "exposed_length_m": null, "exposed_area_m2": 0.0 }, "geometry": { "type": "Polygon", "coordinates": [ [ [ -71.6780718, -33.3685 ], [ -71.6780528, -33.3686465 ], [ -71.6781372, -33.368654099999986 ], [ -71.6781561, -33.3685076 ], [ -71.6780718, -33.3685 ] ] ] } },
{ "type": "Feature", "properties": { "osm_id": "way/1382693238", "name": null, "source": "OpenStreetMap/Overpass", "building": "house", "feature_type": "building", "nearest_transect_id": "T32", "erosion_rate_m_per_year": 1.235, "distance_to_shoreline_m": 415.9, "years_to_impact": 336.8, "risk_level": "bajo", "risk_explanation": "Impacto estimado después de 30 años", "horizon_years": 30, "exposed_length_m": null, "exposed_area_m2": 0.0 }, "geometry": { "type": "Polygon", "coordinates": [ [ [ -71.6770966, -33.3684835 ], [ -71.6770872, -33.3685557 ], [ -71.6772429, -33.3685698 ], [ -71.6772522, -33.368497499999989 ], [ -71.6770966, -33.3684835 ] ] ] } },
{ "type": "Feature", "properties": { "osm_id": "way/1382665247", "name": null, "source": "OpenStreetMap/Overpass", "building": "house", "feature_type": "building", "nearest_transect_id": "T32", "erosion_rate_m_per_year": 1.235, "distance_to_shoreline_m": 406.7, "years_to_impact": 329.3, "risk_level": "bajo", "risk_explanation": "Impacto estimado después de 30 años", "horizon_years": 30, "exposed_length_m": null, "exposed_area_m2": 0.0 }, "geometry": { "type": "Polygon", "coordinates": [ [ [ -71.6778825, -33.3684488 ], [ -71.6778705, -33.3685423 ], [ -71.678, -33.368554 ], [ -71.6780086, -33.3684874 ], [ -71.677985, -33.3684853 ], [ -71.6779885, -33.368458299999979 ], [ -71.6778825, -33.3684488 ] ] ] } },
{ "type": "Feature", "properties": { "osm_id": "way/1382665244", "name": null, "source": "OpenStreetMap/Overpass", "building": "house", "feature_type": "building", "nearest_transect_id": "T32", "erosion_rate_m_per_year": 1.235, "distance_to_shoreline_m": 408.8, "years_to_impact": 331.0, "risk_level": "bajo", "risk_explanation": "Impacto estimado después de 30 años", "horizon_years": 30, "exposed_length_m": null, "exposed_area_m2": 0.0 }, "geometry": { "type": "Polygon", "coordinates": [ [ [ -71.6774929, -33.3684489 ], [ -71.6774815, -33.3685367 ], [ -71.6776352, -33.3685505 ], [ -71.6776465, -33.3684628 ], [ -71.6774929, -33.3684489 ] ] ] } },
{ "type": "Feature", "properties": { "osm_id": "way/1382693239", "name": null, "source": "OpenStreetMap/Overpass", "building": "house", "feature_type": "building", "nearest_transect_id": "T32", "erosion_rate_m_per_year": 1.235, "distance_to_shoreline_m": 406.2, "years_to_impact": 328.9, "risk_level": "bajo", "risk_explanation": "Impacto estimado después de 30 años", "horizon_years": 30, "exposed_length_m": null, "exposed_area_m2": 0.0 }, "geometry": { "type": "Polygon", "coordinates": [ [ [ -71.6773361, -33.368415 ], [ -71.6773179, -33.3685557 ], [ -71.6774258, -33.3685655 ], [ -71.677444, -33.368424699999984 ], [ -71.6773361, -33.368415 ] ] ] } },
{ "type": "Feature", "properties": { "osm_id": "way/1382693201", "name": null, "source": "OpenStreetMap/Overpass", "building": "house", "feature_type": "building", "nearest_transect_id": "T37", "erosion_rate_m_per_year": 0.143, "distance_to_shoreline_m": 374.8, "years_to_impact": 2616.6, "risk_level": "bajo", "risk_explanation": "Impacto estimado después de 30 años", "horizon_years": 30, "exposed_length_m": null, "exposed_area_m2": 0.0 }, "geometry": { "type": "Polygon", "coordinates": [ [ [ -71.679389, -33.368577599999988 ], [ -71.6793792, -33.3686487 ], [ -71.67952360000001, -33.3686626 ], [ -71.6795334, -33.3685916 ], [ -71.679389, -33.368577599999988 ] ] ] } },
{ "type": "Feature", "properties": { "osm_id": "way/1382693200", "name": null, "source": "OpenStreetMap/Overpass", "building": "house", "feature_type": "building", "nearest_transect_id": "T37", "erosion_rate_m_per_year": 0.143, "distance_to_shoreline_m": 375.9, "years_to_impact": 2624.0, "risk_level": "bajo", "risk_explanation": "Impacto estimado después de 30 años", "horizon_years": 30, "exposed_length_m": null, "exposed_area_m2": 0.0 }, "geometry": { "type": "Polygon", "coordinates": [ [ [ -71.6792454, -33.3685338 ], [ -71.679229, -33.368652099999984 ], [ -71.6793052, -33.3686594 ], [ -71.6793215, -33.3685412 ], [ -71.6792454, -33.3685338 ] ] ] } },
{ "type": "Feature", "properties": { "osm_id": "way/1382693241", "name": null, "source": "OpenStreetMap/Overpass", "building": "house", "feature_type": "building", "nearest_transect_id": "T36", "erosion_rate_m_per_year": 0.386, "distance_to_shoreline_m": 411.6, "years_to_impact": 1064.9, "risk_level": "bajo", "risk_explanation": "Impacto estimado después de 30 años", "horizon_years": 30, "exposed_length_m": null, "exposed_area_m2": 0.0 }, "geometry": { "type": "Polygon", "coordinates": [ [ [ -71.6782497, -33.3685263 ], [ -71.6782393, -33.3686061 ], [ -71.6783897, -33.3686199 ], [ -71.6784002, -33.3685401 ], [ -71.6782497, -33.3685263 ] ] ] } },
{ "type": "Feature", "properties": { "osm_id": "way/1382665232", "name": null, "source": "OpenStreetMap/Overpass", "building": "house", "feature_type": "building", "nearest_transect_id": "T37", "erosion_rate_m_per_year": 0.143, "distance_to_shoreline_m": 346.4, "years_to_impact": 2418.4, "risk_level": "bajo", "risk_explanation": "Impacto estimado después de 30 años", "horizon_years": 30, "exposed_length_m": null, "exposed_area_m2": 0.0 }, "geometry": { "type": "Polygon", "coordinates": [ [ [ -71.6799554, -33.368578 ], [ -71.680043, -33.3686274 ], [ -71.6801561, -33.3684875 ], [ -71.6800685, -33.3684381 ], [ -71.6799554, -33.368578 ] ] ] } },
{ "type": "Feature", "properties": { "osm_id": "way/1382665235", "name": null, "source": "OpenStreetMap/Overpass", "building": "house", "feature_type": "building", "nearest_transect_id": "T37", "erosion_rate_m_per_year": 0.143, "distance_to_shoreline_m": 351.2, "years_to_impact": 2451.5, "risk_level": "bajo", "risk_explanation": "Impacto estimado después de 30 años", "horizon_years": 30, "exposed_length_m": null, "exposed_area_m2": 0.0 }, "geometry": { "type": "Polygon", "coordinates": [ [ [ -71.6798097, -33.3685067 ], [ -71.6799036, -33.3685597 ], [ -71.6799531, -33.3684983 ], [ -71.6798593, -33.3684454 ], [ -71.6798097, -33.3685067 ] ] ] } },
{ "type": "Feature", "properties": { "osm_id": "way/1382665236", "name": null, "source": "OpenStreetMap/Overpass", "building": "house", "feature_type": "building", "nearest_transect_id": "T37", "erosion_rate_m_per_year": 0.143, "distance_to_shoreline_m": 340.0, "years_to_impact": 2373.6, "risk_level": "bajo", "risk_explanation": "Impacto estimado después de 30 años", "horizon_years": 30, "exposed_length_m": null, "exposed_area_m2": 0.0 }, "geometry": { "type": "Polygon", "coordinates": [ [ [ -71.6798662, -33.368439 ], [ -71.6799679, -33.3684964 ], [ -71.6800348, -33.3684137 ], [ -71.679933100000014, -33.36835640000001 ], [ -71.6798662, -33.368439 ] ] ] } },
{ "type": "Feature", "properties": { "osm_id": "way/1382665237", "name": null, "source": "OpenStreetMap/Overpass", "building": "house", "feature_type": "building", "nearest_transect_id": "T37", "erosion_rate_m_per_year": 0.143, "distance_to_shoreline_m": 335.1, "years_to_impact": 2339.4, "risk_level": "bajo", "risk_explanation": "Impacto estimado después de 30 años", "horizon_years": 30, "exposed_length_m": null, "exposed_area_m2": 0.0 }, "geometry": { "type": "Polygon", "coordinates": [ [ [ -71.6797924, -33.3682819 ], [ -71.6796864, -33.3684129 ], [ -71.6797748, -33.3684628 ], [ -71.6798808, -33.3683317 ], [ -71.6797924, -33.3682819 ] ] ] } },
{ "type": "Feature", "properties": { "osm_id": "way/1382665233", "name": null, "source": "OpenStreetMap/Overpass", "building": "house", "feature_type": "building", "nearest_transect_id": "T37", "erosion_rate_m_per_year": 0.143, "distance_to_shoreline_m": 343.1, "years_to_impact": 2395.6, "risk_level": "bajo", "risk_explanation": "Impacto estimado después de 30 años", "horizon_years": 30, "exposed_length_m": null, "exposed_area_m2": 0.0 }, "geometry": { "type": "Polygon", "coordinates": [ [ [ -71.6795233, -33.368361 ], [ -71.6796273, -33.3684197 ], [ -71.679675, -33.3683607 ], [ -71.679571, -33.3683021 ], [ -71.6795233, -33.368361 ] ] ] } },
{ "type": "Feature", "properties": { "osm_id": "way/1382665234", "name": null, "source": "OpenStreetMap/Overpass", "building": "house", "feature_type": "building", "nearest_transect_id": "T37", "erosion_rate_m_per_year": 0.143, "distance_to_shoreline_m": 332.4, "years_to_impact": 2320.9, "risk_level": "bajo", "risk_explanation": "Impacto estimado después de 30 años", "horizon_years": 30, "exposed_length_m": null, "exposed_area_m2": 0.0 }, "geometry": { "type": "Polygon", "coordinates": [ [ [ -71.679589, -33.3682776 ], [ -71.679693, -33.3683362 ], [ -71.6797407, -33.3682773 ], [ -71.6796367, -33.3682186 ], [ -71.679589, -33.3682776 ] ] ] } },
{ "type": "Feature", "properties": { "osm_id": "way/1382693242", "name": null, "source": "OpenStreetMap/Overpass", "building": "house", "feature_type": "building", "nearest_transect_id": "T36", "erosion_rate_m_per_year": 0.386, "distance_to_shoreline_m": 359.7, "years_to_impact": 930.8, "risk_level": "bajo", "risk_explanation": "Impacto estimado después de 30 años", "horizon_years": 30, "exposed_length_m": null, "exposed_area_m2": 0.0 }, "geometry": { "type": "Polygon", "coordinates": [ [ [ -71.6786991, -33.3683306 ], [ -71.6788275, -33.3683424 ], [ -71.6788401, -33.3682466 ], [ -71.6788218, -33.3682449 ], [ -71.6788282, -33.3681962 ], [ -71.678718, -33.36818610000001 ], [ -71.6786991, -33.3683306 ] ] ] } },
{ "type": "Feature", "properties": { "osm_id": "way/1382665238", "name": null, "source": "OpenStreetMap/Overpass", "building": "house", "feature_type": "building", "nearest_transect_id": "T36", "erosion_rate_m_per_year": 0.386, "distance_to_shoreline_m": 364.8, "years_to_impact": 943.8, "risk_level": "bajo", "risk_explanation": "Impacto estimado después de 30 años", "horizon_years": 30, "exposed_length_m": null, "exposed_area_m2": 0.0 }, "geometry": { "type": "Polygon", "coordinates": [ [ [ -71.6785674, -33.3681691 ], [ -71.6785601, -33.3682258 ], [ -71.6785284, -33.368223 ], [ -71.6785209, -33.368281299999985 ], [ -71.6785526, -33.3682842 ], [ -71.678549100000012, -33.3683116 ], [ -71.6786393, -33.3683197 ], [ -71.6786577, -33.3681772 ], [ -71.6785674, -33.3681691 ] ] ] } },
{ "type": "Feature", "properties": { "osm_id": "way/1382665239", "name": null, "source": "OpenStreetMap/Overpass", "building": "house", "feature_type": "building", "nearest_transect_id": "T32", "erosion_rate_m_per_year": 1.235, "distance_to_shoreline_m": 378.5, "years_to_impact": 306.4, "risk_level": "bajo", "risk_explanation": "Impacto estimado después de 30 años", "horizon_years": 30, "exposed_length_m": null, "exposed_area_m2": 0.0 }, "geometry": { "type": "Polygon", "coordinates": [ [ [ -71.6781135, -33.3681916 ], [ -71.6781025, -33.3682769 ], [ -71.6782403, -33.3682893 ], [ -71.6782513, -33.3682041 ], [ -71.6781135, -33.3681916 ] ] ] } },
{ "type": "Feature", "properties": { "osm_id": "way/1385998359", "name": null, "source": "OpenStreetMap/Overpass", "building": "house", "feature_type": "building", "nearest_transect_id": "T37", "erosion_rate_m_per_year": 0.143, "distance_to_shoreline_m": 340.7, "years_to_impact": 2378.8, "risk_level": "bajo", "risk_explanation": "Impacto estimado después de 30 años", "horizon_years": 30, "exposed_length_m": null, "exposed_area_m2": 0.0 }, "geometry": { "type": "Polygon", "coordinates": [ [ [ -71.6792743, -33.3681844 ], [ -71.6792235, -33.3681797 ], [ -71.6792206, -33.3682015 ], [ -71.6791458, -33.3681946 ], [ -71.6791352, -33.3682737 ], [ -71.6792609, -33.3682854 ], [ -71.6792743, -33.3681844 ] ] ] } },
{ "type": "Feature", "properties": { "osm_id": "way/1382693243", "name": null, "source": "OpenStreetMap/Overpass", "building": "house", "feature_type": "building", "nearest_transect_id": "T36", "erosion_rate_m_per_year": 0.386, "distance_to_shoreline_m": 374.2, "years_to_impact": 968.3, "risk_level": "bajo", "risk_explanation": "Impacto estimado después de 30 años", "horizon_years": 30, "exposed_length_m": null, "exposed_area_m2": 0.0 }, "geometry": { "type": "Polygon", "coordinates": [ [ [ -71.6783641, -33.3681762 ], [ -71.678354, -33.3682535 ], [ -71.6784504, -33.3682623 ], [ -71.6784605, -33.368185 ], [ -71.6783641, -33.3681762 ] ] ] } },
{ "type": "Feature", "properties": { "osm_id": "way/1382693385", "name": null, "source": "OpenStreetMap/Overpass", "building": "house", "feature_type": "building", "nearest_transect_id": "T36", "erosion_rate_m_per_year": 0.386, "distance_to_shoreline_m": 347.6, "years_to_impact": 899.4, "risk_level": "bajo", "risk_explanation": "Impacto estimado después de 30 años", "horizon_years": 30, "exposed_length_m": null, "exposed_area_m2": 0.0 }, "geometry": { "type": "Polygon", "coordinates": [ [ [ -71.6786742, -33.3680096 ], [ -71.6785177, -33.3679957 ], [ -71.6785066, -33.3680838 ], [ -71.678663, -33.3680977 ], [ -71.6786742, -33.3680096 ] ] ] } },
{ "type": "Feature", "properties": { "osm_id": "way/1385998320", "name": null, "source": "OpenStreetMap/Overpass", "building": "house", "feature_type": "building", "nearest_transect_id": "T37", "erosion_rate_m_per_year": 0.143, "distance_to_shoreline_m": 290.3, "years_to_impact": 2026.9, "risk_level": "bajo", "risk_explanation": "Impacto estimado después de 30 años", "horizon_years": 30, "exposed_length_m": null, "exposed_area_m2": 0.0 }, "geometry": { "type": "Polygon", "coordinates": [ [ [ -71.6803129, -33.3679587 ], [ -71.6802241, -33.3680685 ], [ -71.6803056, -33.368114499999983 ], [ -71.6803944, -33.3680047 ], [ -71.6803129, -33.3679587 ] ] ] } },
{ "type": "Feature", "properties": { "osm_id": "way/1382665222", "name": null, "source": "OpenStreetMap/Overpass", "building": "house", "feature_type": "building", "nearest_transect_id": "T37", "erosion_rate_m_per_year": 0.143, "distance_to_shoreline_m": 289.8, "years_to_impact": 2023.1, "risk_level": "bajo", "risk_explanation": "Impacto estimado después de 30 años", "horizon_years": 30, "exposed_length_m": null, "exposed_area_m2": 0.0 }, "geometry": { "type": "Polygon", "coordinates": [ [ [ -71.6800511, -33.3679148 ], [ -71.679925, -33.3680708 ], [ -71.6800229, -33.368126 ], [ -71.680149, -33.36797 ], [ -71.6800511, -33.3679148 ] ] ] } },
{ "type": "Feature", "properties": { "osm_id": "way/1382693384", "name": null, "source": "OpenStreetMap/Overpass", "building": "house", "feature_type": "building", "nearest_transect_id": "T32", "erosion_rate_m_per_year": 1.235, "distance_to_shoreline_m": 348.5, "years_to_impact": 282.2, "risk_level": "bajo", "risk_explanation": "Impacto estimado después de 30 años", "horizon_years": 30, "exposed_length_m": null, "exposed_area_m2": 0.0 }, "geometry": { "type": "Polygon", "coordinates": [ [ [ -71.6781498, -33.3679201 ], [ -71.678132, -33.3680607 ], [ -71.6782657, -33.3680725 ], [ -71.67828350000002, -33.3679319 ], [ -71.6781498, -33.3679201 ] ] ] } },
{ "type": "Feature", "properties": { "osm_id": "way/1385998326", "name": null, "source": "OpenStreetMap/Overpass", "building": "house", "feature_type": "building", "nearest_transect_id": "T36", "erosion_rate_m_per_year": 0.386, "distance_to_shoreline_m": 348.5, "years_to_impact": 901.8, "risk_level": "bajo", "risk_explanation": "Impacto estimado después de 30 años", "horizon_years": 30, "exposed_length_m": null, "exposed_area_m2": 0.0 }, "geometry": { "type": "Polygon", "coordinates": [ [ [ -71.6783953, -33.3679168 ], [ -71.6783872, -33.3679815 ], [ -71.6783452, -33.3679778 ], [ -71.6783375, -33.3680391 ], [ -71.6784614, -33.36805 ], [ -71.6784773, -33.367924 ], [ -71.6783953, -33.3679168 ] ] ] } },
{ "type": "Feature", "properties": { "osm_id": "way/1382693375", "name": null, "source": "OpenStreetMap/Overpass", "building": "house", "feature_type": "building", "nearest_transect_id": "T37", "erosion_rate_m_per_year": 0.143, "distance_to_shoreline_m": 278.5, "years_to_impact": 1944.0, "risk_level": "bajo", "risk_explanation": "Impacto estimado después de 30 años", "horizon_years": 30, "exposed_length_m": null, "exposed_area_m2": 0.0 }, "geometry": { "type": "Polygon", "coordinates": [ [ [ -71.6797544, -33.3677388 ], [ -71.6796786, -33.3678326 ], [ -71.6796541, -33.3678188 ], [ -71.6796028, -33.3678822 ], [ -71.6797175, -33.367946899999978 ], [ -71.6798446, -33.3677896 ], [ -71.6797544, -33.3677388 ] ] ] } },
{ "type": "Feature", "properties": { "osm_id": "way/1382693363", "name": null, "source": "OpenStreetMap/Overpass", "building": "house", "feature_type": "building", "nearest_transect_id": "T37", "erosion_rate_m_per_year": 0.143, "distance_to_shoreline_m": 270.3, "years_to_impact": 1886.9, "risk_level": "bajo", "risk_explanation": "Impacto estimado después de 30 años", "horizon_years": 30, "exposed_length_m": null, "exposed_area_m2": 0.0 }, "geometry": { "type": "Polygon", "coordinates": [ [ [ -71.6814717, -33.3677939 ], [ -71.6813748, -33.3677392 ], [ -71.6813221, -33.3678044 ], [ -71.681419, -33.3678591 ], [ -71.6814717, -33.3677939 ] ] ] } },
{ "type": "Feature", "properties": { "osm_id": "way/1384206046", "name": null, "source": "OpenStreetMap/Overpass", "building": "house", "feature_type": "building", "nearest_transect_id": "T37", "erosion_rate_m_per_year": 0.143, "distance_to_shoreline_m": 278.0, "years_to_impact": 1940.5, "risk_level": "bajo", "risk_explanation": "Impacto estimado después de 30 años", "horizon_years": 30, "exposed_length_m": null, "exposed_area_m2": 0.0 }, "geometry": { "type": "Polygon", "coordinates": [ [ [ -71.68191, -33.3677519 ], [ -71.681814, -33.367697799999988 ], [ -71.6817609, -33.3677635 ], [ -71.6818569, -33.3678176 ], [ -71.68191, -33.3677519 ] ] ] } },
{ "type": "Feature", "properties": { "osm_id": "way/1382693362", "name": null, "source": "OpenStreetMap/Overpass", "building": "house", "feature_type": "building", "nearest_transect_id": "T37", "erosion_rate_m_per_year": 0.143, "distance_to_shoreline_m": 258.4, "years_to_impact": 1804.2, "risk_level": "bajo", "risk_explanation": "Impacto estimado después de 30 años", "horizon_years": 30, "exposed_length_m": null, "exposed_area_m2": 0.0 }, "geometry": { "type": "Polygon", "coordinates": [ [ [ -71.680952, -33.367766 ], [ -71.6810596, -33.3678266 ], [ -71.6811283, -33.367741599999988 ], [ -71.6810207, -33.367681 ], [ -71.680952, -33.367766 ] ] ] } },
{ "type": "Feature", "properties": { "osm_id": "way/1384244282", "name": null, "source": "OpenStreetMap/Overpass", "building": "house", "feature_type": "building", "nearest_transect_id": "T37", "erosion_rate_m_per_year": 0.143, "distance_to_shoreline_m": 250.2, "years_to_impact": 1746.8, "risk_level": "bajo", "risk_explanation": "Impacto estimado después de 30 años", "horizon_years": 30, "exposed_length_m": null, "exposed_area_m2": 0.0 }, "geometry": { "type": "Polygon", "coordinates": [ [ [ -71.681123, -33.3675952 ], [ -71.6810777, -33.3676513 ], [ -71.6811409, -33.3676869 ], [ -71.681128, -33.367702799999989 ], [ -71.6811684, -33.3677256 ], [ -71.6812266, -33.3676536 ], [ -71.681123, -33.3675952 ] ] ] } },
{ "type": "Feature", "properties": { "osm_id": "way/1384244285", "name": null, "source": "OpenStreetMap/Overpass", "building": "house", "feature_type": "building", "nearest_transect_id": "T37", "erosion_rate_m_per_year": 0.143, "distance_to_shoreline_m": 245.5, "years_to_impact": 1713.7, "risk_level": "bajo", "risk_explanation": "Impacto estimado después de 30 años", "horizon_years": 30, "exposed_length_m": null, "exposed_area_m2": 0.0 }, "geometry": { "type": "Polygon", "coordinates": [ [ [ -71.6806385, -33.3675931 ], [ -71.680624300000019, -33.3676106 ], [ -71.6805573, -33.3675728 ], [ -71.680501, -33.3676424 ], [ -71.6805735, -33.3676832 ], [ -71.6805567, -33.367704 ], [ -71.6806184, -33.3677388 ], [ -71.6807057, -33.367631 ], [ -71.6806385, -33.3675931 ] ] ] } },
{ "type": "Feature", "properties": { "osm_id": "way/1385998331", "name": null, "source": "OpenStreetMap/Overpass", "building": "house", "feature_type": "building", "nearest_transect_id": "T37", "erosion_rate_m_per_year": 0.143, "distance_to_shoreline_m": 247.6, "years_to_impact": 1728.5, "risk_level": "bajo", "risk_explanation": "Impacto estimado después de 30 años", "horizon_years": 30, "exposed_length_m": null, "exposed_area_m2": 0.0 }, "geometry": { "type": "Polygon", "coordinates": [ [ [ -71.681652, -33.3675945 ], [ -71.6815872, -33.3675578 ], [ -71.6816309, -33.367504 ], [ -71.6815834, -33.3674771 ], [ -71.6814904, -33.3675916 ], [ -71.6816027, -33.3676552 ], [ -71.681652, -33.3675945 ] ] ] } },
{ "type": "Feature", "properties": { "osm_id": "way/1382693365", "name": null, "source": "OpenStreetMap/Overpass", "building": "house", "feature_type": "building", "nearest_transect_id": "T37", "erosion_rate_m_per_year": 0.143, "distance_to_shoreline_m": 231.8, "years_to_impact": 1618.5, "risk_level": "bajo", "risk_explanation": "Impacto estimado después de 30 años", "horizon_years": 30, "exposed_length_m": null, "exposed_area_m2": 0.0 }, "geometry": { "type": "Polygon", "coordinates": [ [ [ -71.6807162, -33.3674544 ], [ -71.6806398, -33.3675488 ], [ -71.6807338, -33.3676018 ], [ -71.6808102, -33.3675074 ], [ -71.6807162, -33.3674544 ] ] ] } },
{ "type": "Feature", "properties": { "osm_id": "way/1412654976", "name": null, "source": "OpenStreetMap/Overpass", "building": "house", "feature_type": "building", "nearest_transect_id": "T37", "erosion_rate_m_per_year": 0.143, "distance_to_shoreline_m": 239.1, "years_to_impact": 1669.2, "risk_level": "bajo", "risk_explanation": "Impacto estimado después de 30 años", "horizon_years": 30, "exposed_length_m": null, "exposed_area_m2": 0.0 }, "geometry": { "type": "Polygon", "coordinates": [ [ [ -71.681472, -33.3674268 ], [ -71.6813788, -33.3675416 ], [ -71.6814459, -33.3675796 ], [ -71.681539, -33.3674648 ], [ -71.681472, -33.3674268 ] ] ] } },
{ "type": "Feature", "properties": { "osm_id": "way/1412654980", "name": null, "source": "OpenStreetMap/Overpass", "building": "house", "feature_type": "building", "nearest_transect_id": "T37", "erosion_rate_m_per_year": 0.143, "distance_to_shoreline_m": 230.7, "years_to_impact": 1610.9, "risk_level": "bajo", "risk_explanation": "Impacto estimado después de 30 años", "horizon_years": 30, "exposed_length_m": null, "exposed_area_m2": 0.0 }, "geometry": { "type": "Polygon", "coordinates": [ [ [ -71.6812479, -33.3674307 ], [ -71.6813071, -33.3674642 ], [ -71.6813385, -33.3674254 ], [ -71.6812793, -33.367392 ], [ -71.6812479, -33.3674307 ] ] ] } },
{ "type": "Feature", "properties": { "osm_id": "way/1412654979", "name": null, "source": "OpenStreetMap/Overpass", "building": "house", "feature_type": "building", "nearest_transect_id": "T37", "erosion_rate_m_per_year": 0.143, "distance_to_shoreline_m": 235.6, "years_to_impact": 1644.5, "risk_level": "bajo", "risk_explanation": "Impacto estimado después de 30 años", "horizon_years": 30, "exposed_length_m": null, "exposed_area_m2": 0.0 }, "geometry": { "type": "Polygon", "coordinates": [ [ [ -71.6816603, -33.367338 ], [ -71.681601, -33.3674109 ], [ -71.6817259, -33.3674817 ], [ -71.6817851, -33.3674088 ], [ -71.6816603, -33.367338 ] ] ] } },
{ "type": "Feature", "properties": { "osm_id": "way/1384206174", "name": null, "source": "OpenStreetMap/Overpass", "building": "house", "feature_type": "building", "nearest_transect_id": "T37", "erosion_rate_m_per_year": 0.143, "distance_to_shoreline_m": 277.1, "years_to_impact": 1934.2, "risk_level": "bajo", "risk_explanation": "Impacto estimado después de 30 años", "horizon_years": 30, "exposed_length_m": null, "exposed_area_m2": 0.0 }, "geometry": { "type": "Polygon", "coordinates": [ [ [ -71.6793457, -33.3677146 ], [ -71.6794167, -33.3677516 ], [ -71.6794945, -33.3676474 ], [ -71.6794235, -33.3676104 ], [ -71.6793457, -33.3677146 ] ] ] } },
{ "type": "Feature", "properties": { "osm_id": "way/1385998365", "name": null, "source": "OpenStreetMap/Overpass", "building": "house", "feature_type": "building", "nearest_transect_id": "T37", "erosion_rate_m_per_year": 0.143, "distance_to_shoreline_m": 259.2, "years_to_impact": 1809.7, "risk_level": "bajo", "risk_explanation": "Impacto estimado después de 30 años", "horizon_years": 30, "exposed_length_m": null, "exposed_area_m2": 0.0 }, "geometry": { "type": "Polygon", "coordinates": [ [ [ -71.6799539, -33.3676395 ], [ -71.6798566, -33.3675847 ], [ -71.6797969, -33.3676586 ], [ -71.6798942, -33.3677135 ], [ -71.6799539, -33.3676395 ] ] ] } },
{ "type": "Feature", "properties": { "osm_id": "way/1412654978", "name": null, "source": "OpenStreetMap/Overpass", "building": "house", "feature_type": "building", "nearest_transect_id": "T37", "erosion_rate_m_per_year": 0.143, "distance_to_shoreline_m": 234.6, "years_to_impact": 1637.8, "risk_level": "bajo", "risk_explanation": "Impacto estimado después de 30 años", "horizon_years": 30, "exposed_length_m": null, "exposed_area_m2": 0.0 }, "geometry": { "type": "Polygon", "coordinates": [ [ [ -71.6803609, -33.3674572 ], [ -71.680278700000017, -33.3675585 ], [ -71.6804194, -33.3676381 ], [ -71.6805016, -33.3675368 ], [ -71.6803609, -33.3674572 ] ] ] } },
{ "type": "Feature", "properties": { "osm_id": "way/1385998364", "name": null, "source": "OpenStreetMap/Overpass", "building": "house", "feature_type": "building", "nearest_transect_id": "T37", "erosion_rate_m_per_year": 0.143, "distance_to_shoreline_m": 249.3, "years_to_impact": 1740.3, "risk_level": "bajo", "risk_explanation": "Impacto estimado después de 30 años", "horizon_years": 30, "exposed_length_m": null, "exposed_area_m2": 0.0 }, "geometry": { "type": "Polygon", "coordinates": [ [ [ -71.6795648, -33.3673897 ], [ -71.6794543, -33.3675376 ], [ -71.6795705, -33.3675982 ], [ -71.6796809, -33.3674503 ], [ -71.6795648, -33.3673897 ] ] ] } },
{ "type": "Feature", "properties": { "osm_id": "way/1412654975", "name": null, "source": "OpenStreetMap/Overpass", "building": "house", "feature_type": "building", "nearest_transect_id": "T37", "erosion_rate_m_per_year": 0.143, "distance_to_shoreline_m": 224.0, "years_to_impact": 1563.8, "risk_level": "bajo", "risk_explanation": "Impacto estimado después de 30 años", "horizon_years": 30, "exposed_length_m": null, "exposed_area_m2": 0.0 }, "geometry": { "type": "Polygon", "coordinates": [ [ [ -71.6801142, -33.3673176 ], [ -71.6801064, -33.3673272 ], [ -71.6800515, -33.3673951 ], [ -71.680035, -33.3674156 ], [ -71.6801214, -33.3674643 ], [ -71.6802006, -33.3673663 ], [ -71.6801142, -33.3673176 ] ] ] } },
{ "type": "Feature", "properties": { "osm_id": "way/1412654974", "name": null, "source": "OpenStreetMap/Overpass", "building": "house", "feature_type": "building", "nearest_transect_id": "T37", "erosion_rate_m_per_year": 0.143, "distance_to_shoreline_m": 221.6, "years_to_impact": 1547.2, "risk_level": "bajo", "risk_explanation": "Impacto estimado después de 30 años", "horizon_years": 30, "exposed_length_m": null, "exposed_area_m2": 0.0 }, "geometry": { "type": "Polygon", "coordinates": [ [ [ -71.6800006, -33.367267599999984 ], [ -71.6799458, -33.36733550000001 ], [ -71.6800515, -33.3673951 ], [ -71.6801064, -33.3673272 ], [ -71.6800006, -33.367267599999984 ] ] ] } },
{ "type": "Feature", "properties": { "osm_id": "way/1384206175", "name": null, "source": "OpenStreetMap/Overpass", "building": "house", "feature_type": "building", "nearest_transect_id": "T36", "erosion_rate_m_per_year": 0.386, "distance_to_shoreline_m": 269.9, "years_to_impact": 698.3, "risk_level": "bajo", "risk_explanation": "Impacto estimado después de 30 años", "horizon_years": 30, "exposed_length_m": null, "exposed_area_m2": 0.0 }, "geometry": { "type": "Polygon", "coordinates": [ [ [ -71.6786125, -33.3672907 ], [ -71.6787274, -33.3673506 ], [ -71.6787981, -33.367255899999989 ], [ -71.6786832, -33.367196 ], [ -71.6786125, -33.3672907 ] ] ] } },
{ "type": "Feature", "properties": { "osm_id": "way/1384206176", "name": null, "source": "OpenStreetMap/Overpass", "building": "house", "feature_type": "building", "nearest_transect_id": "T36", "erosion_rate_m_per_year": 0.386, "distance_to_shoreline_m": 263.5, "years_to_impact": 681.7, "risk_level": "bajo", "risk_explanation": "Impacto estimado después de 30 años", "horizon_years": 30, "exposed_length_m": null, "exposed_area_m2": 0.0 }, "geometry": { "type": "Polygon", "coordinates": [ [ [ -71.6785377, -33.3671237 ], [ -71.6784666, -33.3672189 ], [ -71.6785625, -33.3672688 ], [ -71.6786335, -33.3671736 ], [ -71.6785377, -33.3671237 ] ] ] } },
{ "type": "Feature", "properties": { "osm_id": "way/1385998357", "name": null, "source": "OpenStreetMap/Overpass", "building": "house", "feature_type": "building", "nearest_transect_id": "T36", "erosion_rate_m_per_year": 0.386, "distance_to_shoreline_m": 243.2, "years_to_impact": 629.1, "risk_level": "bajo", "risk_explanation": "Impacto estimado después de 30 años", "horizon_years": 30, "exposed_length_m": null, "exposed_area_m2": 0.0 }, "geometry": { "type": "Polygon", "coordinates": [ [ [ -71.678911, -33.36716950000001 ], [ -71.6790372, -33.3672352 ], [ -71.6791111, -33.3671363 ], [ -71.6789849, -33.3670706 ], [ -71.678911, -33.36716950000001 ] ] ] } },
{ "type": "Feature", "properties": { "osm_id": "way/1385998321", "name": null, "source": "OpenStreetMap/Overpass", "building": "house", "feature_type": "building", "nearest_transect_id": "T37", "erosion_rate_m_per_year": 0.143, "distance_to_shoreline_m": 193.0, "years_to_impact": 1347.2, "risk_level": "bajo", "risk_explanation": "Impacto estimado después de 30 años", "horizon_years": 30, "exposed_length_m": null, "exposed_area_m2": 0.0 }, "geometry": { "type": "Polygon", "coordinates": [ [ [ -71.6803694, -33.3671434 ], [ -71.6801986, -33.3670471 ], [ -71.6801271, -33.3671356 ], [ -71.6802979, -33.3672319 ], [ -71.6803694, -33.3671434 ] ] ] } },
{ "type": "Feature", "properties": { "osm_id": "way/1382693381", "name": null, "source": "OpenStreetMap/Overpass", "building": "house", "feature_type": "building", "nearest_transect_id": "T32", "erosion_rate_m_per_year": 1.235, "distance_to_shoreline_m": 343.4, "years_to_impact": 278.0, "risk_level": "bajo", "risk_explanation": "Impacto estimado después de 30 años", "horizon_years": 30, "exposed_length_m": null, "exposed_area_m2": 0.0 }, "geometry": { "type": "Polygon", "coordinates": [ [ [ -71.6777135, -33.3679834 ], [ -71.6776946, -33.3679817 ], [ -71.6777082, -33.3678748 ], [ -71.6775707, -33.3678626 ], [ -71.6775513, -33.3680159 ], [ -71.6777077, -33.368029699999987 ], [ -71.6777135, -33.3679834 ] ] ] } },
{ "type": "Feature", "properties": { "osm_id": "way/1384206092", "name": null, "source": "OpenStreetMap/Overpass", "building": "house", "feature_type": "building", "nearest_transect_id": "T32", "erosion_rate_m_per_year": 1.235, "distance_to_shoreline_m": 341.8, "years_to_impact": 276.7, "risk_level": "bajo", "risk_explanation": "Impacto estimado después de 30 años", "horizon_years": 30, "exposed_length_m": null, "exposed_area_m2": 0.0 }, "geometry": { "type": "Polygon", "coordinates": [ [ [ -71.6774887, -33.3678661 ], [ -71.6774914, -33.367845 ], [ -71.6774022, -33.367837 ], [ -71.6773817, -33.3679956 ], [ -71.6775157, -33.3680077 ], [ -71.6775213, -33.3679641 ], [ -71.6774982, -33.367962 ], [ -71.6775104, -33.367868 ], [ -71.6774887, -33.3678661 ] ] ] } },
{ "type": "Feature", "properties": { "osm_id": "way/1412655002", "name": null, "source": "OpenStreetMap/Overpass", "building": "house", "feature_type": "building", "nearest_transect_id": "T32", "erosion_rate_m_per_year": 1.235, "distance_to_shoreline_m": 341.6, "years_to_impact": 276.6, "risk_level": "bajo", "risk_explanation": "Impacto estimado después de 30 años", "horizon_years": 30, "exposed_length_m": null, "exposed_area_m2": 0.0 }, "geometry": { "type": "Polygon", "coordinates": [ [ [ -71.6772616, -33.3678249 ], [ -71.6771503, -33.3679167 ], [ -71.6772147, -33.3679711 ], [ -71.6772255, -33.367962199999987 ], [ -71.6772501, -33.367983 ], [ -71.6772895, -33.3679504 ], [ -71.6772649, -33.3679296 ], [ -71.677326, -33.367879199999983 ], [ -71.6772616, -33.3678249 ] ] ] } },
{ "type": "Feature", "properties": { "osm_id": "way/1385998307", "name": null, "source": "OpenStreetMap/Overpass", "building": "house", "feature_type": "building", "nearest_transect_id": "T32", "erosion_rate_m_per_year": 1.235, "distance_to_shoreline_m": 308.3, "years_to_impact": 249.6, "risk_level": "bajo", "risk_explanation": "Impacto estimado después de 30 años", "horizon_years": 30, "exposed_length_m": null, "exposed_area_m2": 0.0 }, "geometry": { "type": "Polygon", "coordinates": [ [ [ -71.677937900000018, -33.3675622 ], [ -71.6779268, -33.3676485 ], [ -71.6780645, -33.3676609 ], [ -71.6780756, -33.3675746 ], [ -71.677937900000018, -33.3675622 ] ] ] } },
{ "type": "Feature", "properties": { "osm_id": "way/1382693376", "name": null, "source": "OpenStreetMap/Overpass", "building": "house", "feature_type": "building", "nearest_transect_id": "T32", "erosion_rate_m_per_year": 1.235, "distance_to_shoreline_m": 304.6, "years_to_impact": 246.6, "risk_level": "bajo", "risk_explanation": "Impacto estimado después de 30 años", "horizon_years": 30, "exposed_length_m": null, "exposed_area_m2": 0.0 }, "geometry": { "type": "Polygon", "coordinates": [ [ [ -71.6772377, -33.367486599999985 ], [ -71.6772254, -33.3675824 ], [ -71.6774692, -33.367604299999989 ], [ -71.6774815, -33.3675085 ], [ -71.6772377, -33.367486599999985 ] ] ] } },
{ "type": "Feature", "properties": { "osm_id": "way/1412654959", "name": null, "source": "OpenStreetMap/Overpass", "building": "house", "feature_type": "building", "nearest_transect_id": "T32", "erosion_rate_m_per_year": 1.235, "distance_to_shoreline_m": 274.7, "years_to_impact": 222.4, "risk_level": "bajo", "risk_explanation": "Impacto estimado después de 30 años", "horizon_years": 30, "exposed_length_m": null, "exposed_area_m2": 0.0 }, "geometry": { "type": "Polygon", "coordinates": [ [ [ -71.6776255, -33.3673945 ], [ -71.6776774, -33.3673991 ], [ -71.6776706, -33.367452 ], [ -71.6777101, -33.3674555 ], [ -71.677721300000016, -33.3673681 ], [ -71.6776917, -33.3673655 ], [ -71.6777062, -33.3672531 ], [ -71.6775966, -33.3672433 ], [ -71.6775922, -33.367277 ], [ -71.677564, -33.3672744 ], [ -71.6775539, -33.3673531 ], [ -71.6776299, -33.3673599 ], [ -71.6776255, -33.3673945 ] ] ] } },
{ "type": "Feature", "properties": { "osm_id": "way/1385998334", "name": null, "source": "OpenStreetMap/Overpass", "building": "house", "feature_type": "building", "nearest_transect_id": "T32", "erosion_rate_m_per_year": 1.235, "distance_to_shoreline_m": 271.2, "years_to_impact": 219.5, "risk_level": "bajo", "risk_explanation": "Impacto estimado después de 30 años", "horizon_years": 30, "exposed_length_m": null, "exposed_area_m2": 0.0 }, "geometry": { "type": "Polygon", "coordinates": [ [ [ -71.6773067, -33.3671902 ], [ -71.6772933, -33.3672946 ], [ -71.677381, -33.3673024 ], [ -71.6773841, -33.3672778 ], [ -71.6774109, -33.3672802 ], [ -71.6774212, -33.367200499999981 ], [ -71.6773067, -33.3671902 ] ] ] } },
{ "type": "Feature", "properties": { "osm_id": "way/1385998310", "name": null, "source": "OpenStreetMap/Overpass", "building": "house", "feature_type": "building", "nearest_transect_id": "T35", "erosion_rate_m_per_year": 0.63, "distance_to_shoreline_m": 235.0, "years_to_impact": 373.1, "risk_level": "bajo", "risk_explanation": "Impacto estimado después de 30 años", "horizon_years": 30, "exposed_length_m": null, "exposed_area_m2": 0.0 }, "geometry": { "type": "Polygon", "coordinates": [ [ [ -71.6781118, -33.3669605 ], [ -71.6779784, -33.3669011 ], [ -71.6779275, -33.366981 ], [ -71.6780609, -33.3670403 ], [ -71.6781118, -33.3669605 ] ] ] } },
{ "type": "Feature", "properties": { "osm_id": "way/1385998311", "name": null, "source": "OpenStreetMap/Overpass", "building": "house", "feature_type": "building", "nearest_transect_id": "T32", "erosion_rate_m_per_year": 1.235, "distance_to_shoreline_m": 229.0, "years_to_impact": 185.4, "risk_level": "bajo", "risk_explanation": "Impacto estimado después de 30 años", "horizon_years": 30, "exposed_length_m": null, "exposed_area_m2": 0.0 }, "geometry": { "type": "Polygon", "coordinates": [ [ [ -71.6779357, -33.3668951 ], [ -71.677805, -33.3668436 ], [ -71.6777459, -33.3669482 ], [ -71.6778766, -33.366999699999987 ], [ -71.6779357, -33.3668951 ] ] ] } },
{ "type": "Feature", "properties": { "osm_id": "way/1385998312", "name": null, "source": "OpenStreetMap/Overpass", "building": "house", "feature_type": "building", "nearest_transect_id": "T32", "erosion_rate_m_per_year": 1.235, "distance_to_shoreline_m": 219.3, "years_to_impact": 177.6, "risk_level": "bajo", "risk_explanation": "Impacto estimado después de 30 años", "horizon_years": 30, "exposed_length_m": null, "exposed_area_m2": 0.0 }, "geometry": { "type": "Polygon", "coordinates": [ [ [ -71.6776093, -33.36694 ], [ -71.6776861, -33.3669474 ], [ -71.6777005, -33.3668424 ], [ -71.6777397, -33.366846199999983 ], [ -71.6777495, -33.3667746 ], [ -71.6777104, -33.3667708 ], [ -71.6777129, -33.3667525 ], [ -71.6776516, -33.3667466 ], [ -71.6776491, -33.3667649 ], [ -71.6776166, -33.3667618 ], [ -71.6776067, -33.3668334 ], [ -71.6776237, -33.3668351 ], [ -71.6776093, -33.36694 ] ] ] } },
{ "type": "Feature", "properties": { "osm_id": "way/1382693366", "name": null, "source": "OpenStreetMap/Overpass", "building": "house", "feature_type": "building", "nearest_transect_id": "T37", "erosion_rate_m_per_year": 0.143, "distance_to_shoreline_m": 216.5, "years_to_impact": 1511.4, "risk_level": "bajo", "risk_explanation": "Impacto estimado después de 30 años", "horizon_years": 30, "exposed_length_m": null, "exposed_area_m2": 0.0 }, "geometry": { "type": "Polygon", "coordinates": [ [ [ -71.6808075, -33.3673149 ], [ -71.6807297, -33.3674111 ], [ -71.6808169, -33.3674602 ], [ -71.6808946, -33.367364 ], [ -71.6808075, -33.3673149 ] ] ] } },
{ "type": "Feature", "properties": { "osm_id": "way/1412654981", "name": null, "source": "OpenStreetMap/Overpass", "building": "house", "feature_type": "building", "nearest_transect_id": "T37", "erosion_rate_m_per_year": 0.143, "distance_to_shoreline_m": 223.0, "years_to_impact": 1557.1, "risk_level": "bajo", "risk_explanation": "Impacto estimado después de 30 años", "horizon_years": 30, "exposed_length_m": null, "exposed_area_m2": 0.0 }, "geometry": { "type": "Polygon", "coordinates": [ [ [ -71.6813491, -33.367305799999983 ], [ -71.6812793, -33.367392 ], [ -71.6813385, -33.3674254 ], [ -71.6813566, -33.3674356 ], [ -71.6814264, -33.3673495 ], [ -71.6813491, -33.367305799999983 ] ] ] } },
{ "type": "Feature", "properties": { "osm_id": "way/1412654977", "name": null, "source": "OpenStreetMap/Overpass", "building": "house", "feature_type": "building", "nearest_transect_id": "T37", "erosion_rate_m_per_year": 0.143, "distance_to_shoreline_m": 204.6, "years_to_impact": 1428.6, "risk_level": "bajo", "risk_explanation": "Impacto estimado después de 30 años", "horizon_years": 30, "exposed_length_m": null, "exposed_area_m2": 0.0 }, "geometry": { "type": "Polygon", "coordinates": [ [ [ -71.6805649, -33.367204300000012 ], [ -71.6805339, -33.36724250000001 ], [ -71.6805477, -33.3672503 ], [ -71.6805218, -33.3672823 ], [ -71.6805933, -33.36732270000001 ], [ -71.6805775, -33.3673422 ], [ -71.6806261, -33.3673697 ], [ -71.6807203, -33.3672537 ], [ -71.6806716, -33.3672262 ], [ -71.6806502, -33.3672526 ], [ -71.6805649, -33.367204300000012 ] ] ] } },
{ "type": "Feature", "properties": { "osm_id": "way/1385998330", "name": null, "source": "OpenStreetMap/Overpass", "building": "house", "feature_type": "building", "nearest_transect_id": "T37", "erosion_rate_m_per_year": 0.143, "distance_to_shoreline_m": 225.0, "years_to_impact": 1570.4, "risk_level": "bajo", "risk_explanation": "Impacto estimado después de 30 años", "horizon_years": 30, "exposed_length_m": null, "exposed_area_m2": 0.0 }, "geometry": { "type": "Polygon", "coordinates": [ [ [ -71.6818785, -33.3672814 ], [ -71.6817476, -33.3672072 ], [ -71.6816905, -33.3672776 ], [ -71.6818213, -33.3673517 ], [ -71.6818785, -33.3672814 ] ] ] } },
{ "type": "Feature", "properties": { "osm_id": "way/1385998333", "name": null, "source": "OpenStreetMap/Overpass", "building": "house", "feature_type": "building", "nearest_transect_id": "T37", "erosion_rate_m_per_year": 0.143, "distance_to_shoreline_m": 213.2, "years_to_impact": 1488.6, "risk_level": "bajo", "risk_explanation": "Impacto estimado después de 30 años", "horizon_years": 30, "exposed_length_m": null, "exposed_area_m2": 0.0 }, "geometry": { "type": "Polygon", "coordinates": [ [ [ -71.681548, -33.3672592 ], [ -71.6814313, -33.367193099999987 ], [ -71.6813681, -33.3672711 ], [ -71.6814847, -33.3673371 ], [ -71.681548, -33.3672592 ] ] ] } },
{ "type": "Feature", "properties": { "osm_id": "way/1382693371", "name": null, "source": "OpenStreetMap/Overpass", "building": "house", "feature_type": "building", "nearest_transect_id": "T37", "erosion_rate_m_per_year": 0.143, "distance_to_shoreline_m": 201.3, "years_to_impact": 1405.6, "risk_level": "bajo", "risk_explanation": "Impacto estimado después de 30 años", "horizon_years": 30, "exposed_length_m": null, "exposed_area_m2": 0.0 }, "geometry": { "type": "Polygon", "coordinates": [ [ [ -71.6809074, -33.3671732 ], [ -71.6808283, -33.3672711 ], [ -71.6809214, -33.3673236 ], [ -71.6810006, -33.3672257 ], [ -71.6809074, -33.3671732 ] ] ] } },
{ "type": "Feature", "properties": { "osm_id": "way/1385998332", "name": null, "source": "OpenStreetMap/Overpass", "building": "house", "feature_type": "building", "nearest_transect_id": "T37", "erosion_rate_m_per_year": 0.143, "distance_to_shoreline_m": 204.4, "years_to_impact": 1426.7, "risk_level": "bajo", "risk_explanation": "Impacto estimado después de 30 años", "horizon_years": 30, "exposed_length_m": null, "exposed_area_m2": 0.0 }, "geometry": { "type": "Polygon", "coordinates": [ [ [ -71.6816561, -33.3671523 ], [ -71.6815276, -33.3670795 ], [ -71.6814703, -33.3671502 ], [ -71.6815987, -33.3672229 ], [ -71.6816561, -33.3671523 ] ] ] } },
{ "type": "Feature", "properties": { "osm_id": "way/1382693370", "name": null, "source": "OpenStreetMap/Overpass", "building": "house", "feature_type": "building", "nearest_transect_id": "T37", "erosion_rate_m_per_year": 0.143, "distance_to_shoreline_m": 191.3, "years_to_impact": 1335.7, "risk_level": "bajo", "risk_explanation": "Impacto estimado después de 30 años", "horizon_years": 30, "exposed_length_m": null, "exposed_area_m2": 0.0 }, "geometry": { "type": "Polygon", "coordinates": [ [ [ -71.681093, -33.3671104 ], [ -71.6810234, -33.367071099999983 ], [ -71.6809437, -33.3671697 ], [ -71.681013300000018, -33.3672089 ], [ -71.681093, -33.3671104 ] ] ] } },
{ "type": "Feature", "properties": { "osm_id": "way/1412654982", "name": null, "source": "OpenStreetMap/Overpass", "building": "house", "feature_type": "building", "nearest_transect_id": "T37", "erosion_rate_m_per_year": 0.143, "distance_to_shoreline_m": 201.5, "years_to_impact": 1406.9, "risk_level": "bajo", "risk_explanation": "Impacto estimado después de 30 años", "horizon_years": 30, "exposed_length_m": null, "exposed_area_m2": 0.0 }, "geometry": { "type": "Polygon", "coordinates": [ [ [ -71.6817012, -33.3669943 ], [ -71.6816284, -33.3670838 ], [ -71.6816929, -33.3671204 ], [ -71.6817657, -33.3670308 ], [ -71.6817012, -33.3669943 ] ] ] } },
{ "type": "Feature", "properties": { "osm_id": "way/1384206173", "name": null, "source": "OpenStreetMap/Overpass", "building": "house", "feature_type": "building", "nearest_transect_id": "T37", "erosion_rate_m_per_year": 0.143, "distance_to_shoreline_m": 176.3, "years_to_impact": 1230.7, "risk_level": "bajo", "risk_explanation": "Impacto estimado después de 30 años", "horizon_years": 30, "exposed_length_m": null, "exposed_area_m2": 0.0 }, "geometry": { "type": "Polygon", "coordinates": [ [ [ -71.6810938, -33.3669234 ], [ -71.6810127, -33.3670141 ], [ -71.6810871, -33.3670605 ], [ -71.6811682, -33.3669698 ], [ -71.6810938, -33.3669234 ] ] ] } },
{ "type": "Feature", "properties": { "osm_id": "way/1384206177", "name": null, "source": "OpenStreetMap/Overpass", "building": "house", "feature_type": "building", "nearest_transect_id": "T36", "erosion_rate_m_per_year": 0.386, "distance_to_shoreline_m": 253.3, "years_to_impact": 655.4, "risk_level": "bajo", "risk_explanation": "Impacto estimado después de 30 años", "horizon_years": 30, "exposed_length_m": null, "exposed_area_m2": 0.0 }, "geometry": { "type": "Polygon", "coordinates": [ [ [ -71.6784577, -33.3671191 ], [ -71.6783262, -33.3670474 ], [ -71.6782661, -33.3671243 ], [ -71.6783975, -33.367196 ], [ -71.6784577, -33.3671191 ] ] ] } },
{ "type": "Feature", "properties": { "osm_id": "way/1385998358", "name": null, "source": "OpenStreetMap/Overpass", "building": "house", "feature_type": "building", "nearest_transect_id": "T36", "erosion_rate_m_per_year": 0.386, "distance_to_shoreline_m": 241.6, "years_to_impact": 625.2, "risk_level": "bajo", "risk_explanation": "Impacto estimado después de 30 años", "horizon_years": 30, "exposed_length_m": null, "exposed_area_m2": 0.0 }, "geometry": { "type": "Polygon", "coordinates": [ [ [ -71.6789686, -33.3670451 ], [ -71.6788454, -33.366981 ], [ -71.6787411, -33.3671207 ], [ -71.6788642, -33.3671848 ], [ -71.6789686, -33.3670451 ] ] ] } },
{ "type": "Feature", "properties": { "osm_id": "way/1385998309", "name": null, "source": "OpenStreetMap/Overpass", "building": "house", "feature_type": "building", "nearest_transect_id": "T36", "erosion_rate_m_per_year": 0.386, "distance_to_shoreline_m": 242.0, "years_to_impact": 626.0, "risk_level": "bajo", "risk_explanation": "Impacto estimado después de 30 años", "horizon_years": 30, "exposed_length_m": null, "exposed_area_m2": 0.0 }, "geometry": { "type": "Polygon", "coordinates": [ [ [ -71.67817340000002, -33.366956 ], [ -71.6781191, -33.3670456 ], [ -71.6782232, -33.3670896 ], [ -71.6782775, -33.367 ], [ -71.67817340000002, -33.366956 ] ] ] } },
{ "type": "Feature", "properties": { "osm_id": "way/1385998323", "name": null, "source": "OpenStreetMap/Overpass", "building": "house", "feature_type": "building", "nearest_transect_id": "T37", "erosion_rate_m_per_year": 0.143, "distance_to_shoreline_m": 166.7, "years_to_impact": 1163.7, "risk_level": "bajo", "risk_explanation": "Impacto estimado después de 30 años", "horizon_years": 30, "exposed_length_m": null, "exposed_area_m2": 0.0 }, "geometry": { "type": "Polygon", "coordinates": [ [ [ -71.6805759, -33.366910699999984 ], [ -71.6804722, -33.366852199999983 ], [ -71.6804411, -33.3668906 ], [ -71.6804226, -33.3668802 ], [ -71.680366, -33.3669501 ], [ -71.6804883, -33.3670191 ], [ -71.6805759, -33.366910699999984 ] ] ] } },
{ "type": "Feature", "properties": { "osm_id": "way/1385998324", "name": null, "source": "OpenStreetMap/Overpass", "building": "house", "feature_type": "building", "nearest_transect_id": "T37", "erosion_rate_m_per_year": 0.143, "distance_to_shoreline_m": 159.1, "years_to_impact": 1110.8, "risk_level": "bajo", "risk_explanation": "Impacto estimado después de 30 años", "horizon_years": 30, "exposed_length_m": null, "exposed_area_m2": 0.0 }, "geometry": { "type": "Polygon", "coordinates": [ [ [ -71.6803039, -33.366754699999987 ], [ -71.6802134, -33.3668667 ], [ -71.6803186, -33.3669261 ], [ -71.6804092, -33.3668141 ], [ -71.6803039, -33.366754699999987 ] ] ] } },
{ "type": "Feature", "properties": { "osm_id": "way/1384244288", "name": null, "source": "OpenStreetMap/Overpass", "building": "house", "feature_type": "building", "nearest_transect_id": "T35", "erosion_rate_m_per_year": 0.63, "distance_to_shoreline_m": 206.9, "years_to_impact": 328.5, "risk_level": "bajo", "risk_explanation": "Impacto estimado después de 30 años", "horizon_years": 30, "exposed_length_m": null, "exposed_area_m2": 0.0 }, "geometry": { "type": "Polygon", "coordinates": [ [ [ -71.6780929, -33.3667674 ], [ -71.6781843, -33.3668169 ], [ -71.6782523, -33.3667292 ], [ -71.6783046, -33.3667575 ], [ -71.6783378, -33.36671470000001 ], [ -71.6781941, -33.3666369 ], [ -71.6780929, -33.3667674 ] ] ] } },
{ "type": "Feature", "properties": { "osm_id": "way/1412654973", "name": null, "source": "OpenStreetMap/Overpass", "building": "house", "feature_type": "building", "nearest_transect_id": "T37", "erosion_rate_m_per_year": 0.143, "distance_to_shoreline_m": 112.0, "years_to_impact": 781.9, "risk_level": "bajo", "risk_explanation": "Impacto estimado después de 30 años", "horizon_years": 30, "exposed_length_m": null, "exposed_area_m2": 0.0 }, "geometry": { "type": "Polygon", "coordinates": [ [ [ -71.6802646, -33.3662974 ], [ -71.6802495, -33.366316 ], [ -71.6802194, -33.3662991 ], [ -71.680149, -33.3663862 ], [ -71.6801791, -33.366403199999986 ], [ -71.6801584, -33.3664288 ], [ -71.6802346, -33.3664717 ], [ -71.6803408, -33.3663403 ], [ -71.6802646, -33.3662974 ] ] ] } },
{ "type": "Feature", "properties": { "osm_id": "way/1385998303", "name": null, "source": "OpenStreetMap/Overpass", "building": "house", "feature_type": "building", "nearest_transect_id": "T35", "erosion_rate_m_per_year": 0.63, "distance_to_shoreline_m": 172.8, "years_to_impact": 274.3, "risk_level": "bajo", "risk_explanation": "Impacto estimado después de 30 años", "horizon_years": 30, "exposed_length_m": null, "exposed_area_m2": 0.0 }, "geometry": { "type": "Polygon", "coordinates": [ [ [ -71.6782596, -33.3663885 ], [ -71.6783251, -33.3664243 ], [ -71.6783791, -33.366355400000018 ], [ -71.6783137, -33.3663196 ], [ -71.6782596, -33.3663885 ] ] ] } },
{ "type": "Feature", "properties": { "osm_id": "way/1385998304", "name": null, "source": "OpenStreetMap/Overpass", "building": "house", "feature_type": "building", "nearest_transect_id": "T35", "erosion_rate_m_per_year": 0.63, "distance_to_shoreline_m": 162.7, "years_to_impact": 258.4, "risk_level": "bajo", "risk_explanation": "Impacto estimado después de 30 años", "horizon_years": 30, "exposed_length_m": null, "exposed_area_m2": 0.0 }, "geometry": { "type": "Polygon", "coordinates": [ [ [ -71.6781605, -33.3662401 ], [ -71.6781015, -33.3663154 ], [ -71.678203, -33.3663709 ], [ -71.678262, -33.3662956 ], [ -71.6781605, -33.3662401 ] ] ] } },
{ "type": "Feature", "properties": { "osm_id": "way/1382693369", "name": null, "source": "OpenStreetMap/Overpass", "building": "house", "feature_type": "building", "nearest_transect_id": "T37", "erosion_rate_m_per_year": 0.143, "distance_to_shoreline_m": 170.3, "years_to_impact": 1188.9, "risk_level": "bajo", "risk_explanation": "Impacto estimado después de 30 años", "horizon_years": 30, "exposed_length_m": null, "exposed_area_m2": 0.0 }, "geometry": { "type": "Polygon", "coordinates": [ [ [ -71.6811741, -33.366916 ], [ -71.6812675, -33.3669687 ], [ -71.68133, -33.3668914 ], [ -71.6812366, -33.3668387 ], [ -71.6811741, -33.366916 ] ] ] } },
{ "type": "Feature", "properties": { "osm_id": "way/1382693367", "name": null, "source": "OpenStreetMap/Overpass", "building": "house", "feature_type": "building", "nearest_transect_id": "T37", "erosion_rate_m_per_year": 0.143, "distance_to_shoreline_m": 163.9, "years_to_impact": 1144.0, "risk_level": "bajo", "risk_explanation": "Impacto estimado después de 30 años", "horizon_years": 30, "exposed_length_m": null, "exposed_area_m2": 0.0 }, "geometry": { "type": "Polygon", "coordinates": [ [ [ -71.6809388, -33.366831 ], [ -71.6808638, -33.3669239 ], [ -71.680947, -33.3669708 ], [ -71.681022, -33.3668779 ], [ -71.6809388, -33.366831 ] ] ] } },
{ "type": "Feature", "properties": { "osm_id": "way/1412654984", "name": null, "source": "OpenStreetMap/Overpass", "building": "house", "feature_type": "building", "nearest_transect_id": "T37", "erosion_rate_m_per_year": 0.143, "distance_to_shoreline_m": 183.1, "years_to_impact": 1278.1, "risk_level": "bajo", "risk_explanation": "Impacto estimado después de 30 años", "horizon_years": 30, "exposed_length_m": null, "exposed_area_m2": 0.0 }, "geometry": { "type": "Polygon", "coordinates": [ [ [ -71.6817458, -33.3667918 ], [ -71.6816571, -33.3669008 ], [ -71.6817595, -33.366958899999986 ], [ -71.6818482, -33.3668499 ], [ -71.6817458, -33.3667918 ] ] ] } },
{ "type": "Feature", "properties": { "osm_id": "way/1385998325", "name": null, "source": "OpenStreetMap/Overpass", "building": "house", "feature_type": "building", "nearest_transect_id": "T37", "erosion_rate_m_per_year": 0.143, "distance_to_shoreline_m": 150.8, "years_to_impact": 1052.8, "risk_level": "bajo", "risk_explanation": "Impacto estimado después de 30 años", "horizon_years": 30, "exposed_length_m": null, "exposed_area_m2": 0.0 }, "geometry": { "type": "Polygon", "coordinates": [ [ [ -71.6806783, -33.3667788 ], [ -71.6805701, -33.366717799999989 ], [ -71.6804954, -33.3668102 ], [ -71.6806036, -33.3668712 ], [ -71.6806783, -33.3667788 ] ] ] } },
{ "type": "Feature", "properties": { "osm_id": "way/1385998318", "name": null, "source": "OpenStreetMap/Overpass", "building": "house", "feature_type": "building", "nearest_transect_id": "T37", "erosion_rate_m_per_year": 0.143, "distance_to_shoreline_m": 150.9, "years_to_impact": 1053.2, "risk_level": "bajo", "risk_explanation": "Impacto estimado después de 30 años", "horizon_years": 30, "exposed_length_m": null, "exposed_area_m2": 0.0 }, "geometry": { "type": "Polygon", "coordinates": [ [ [ -71.681061500000013, -33.3667087 ], [ -71.68103, -33.3667477 ], [ -71.680963, -33.3667099 ], [ -71.6809148, -33.366769599999984 ], [ -71.6810456, -33.3668433 ], [ -71.6811253, -33.3667446 ], [ -71.681061500000013, -33.3667087 ] ] ] } },
{ "type": "Feature", "properties": { "osm_id": "way/1382693368", "name": null, "source": "OpenStreetMap/Overpass", "building": "house", "feature_type": "building", "nearest_transect_id": "T37", "erosion_rate_m_per_year": 0.143, "distance_to_shoreline_m": 151.7, "years_to_impact": 1059.0, "risk_level": "bajo", "risk_explanation": "Impacto estimado después de 30 años", "horizon_years": 30, "exposed_length_m": null, "exposed_area_m2": 0.0 }, "geometry": { "type": "Polygon", "coordinates": [ [ [ -71.681285, -33.3666994 ], [ -71.681411, -33.3667704 ], [ -71.6814658, -33.3667025 ], [ -71.6813399, -33.3666315 ], [ -71.681285, -33.3666994 ] ] ] } },
{ "type": "Feature", "properties": { "osm_id": "way/1385998322", "name": null, "source": "OpenStreetMap/Overpass", "building": "house", "feature_type": "building", "nearest_transect_id": "T37", "erosion_rate_m_per_year": 0.143, "distance_to_shoreline_m": 134.8, "years_to_impact": 941.0, "risk_level": "bajo", "risk_explanation": "Impacto estimado después de 30 años", "horizon_years": 30, "exposed_length_m": null, "exposed_area_m2": 0.0 }, "geometry": { "type": "Polygon", "coordinates": [ [ [ -71.6807786, -33.36664050000001 ], [ -71.6806693, -33.3665789 ], [ -71.6805815, -33.3666875 ], [ -71.6806908, -33.3667491 ], [ -71.6807786, -33.36664050000001 ] ] ] } },
{ "type": "Feature", "properties": { "osm_id": "way/1385998319", "name": null, "source": "OpenStreetMap/Overpass", "building": "house", "feature_type": "building", "nearest_transect_id": "T37", "erosion_rate_m_per_year": 0.143, "distance_to_shoreline_m": 126.9, "years_to_impact": 885.7, "risk_level": "bajo", "risk_explanation": "Impacto estimado después de 30 años", "horizon_years": 30, "exposed_length_m": null, "exposed_area_m2": 0.0 }, "geometry": { "type": "Polygon", "coordinates": [ [ [ -71.6804091, -33.36658340000001 ], [ -71.6805004, -33.3666349 ], [ -71.6805755, -33.3665418 ], [ -71.6804843, -33.3664904 ], [ -71.6804091, -33.36658340000001 ] ] ] } },
{ "type": "Feature", "properties": { "osm_id": "way/1153925059", "name": null, "source": "OpenStreetMap/Overpass", "building": "apartments", "feature_type": "building", "nearest_transect_id": "T38", "erosion_rate_m_per_year": -0.1, "distance_to_shoreline_m": 35.2, "years_to_impact": null, "risk_level": "bajo", "risk_explanation": "Sin avance erosivo positivo medido", "horizon_years": 30, "exposed_length_m": null, "exposed_area_m2": 0.0 }, "geometry": { "type": "Polygon", "coordinates": [ [ [ -71.6813952, -33.3653357 ], [ -71.6814324, -33.3653697 ], [ -71.6813941, -33.365414 ], [ -71.6813296, -33.3653725 ], [ -71.6812174, -33.3654877 ], [ -71.6813289, -33.3656101 ], [ -71.6813649, -33.3656498 ], [ -71.6814426, -33.3656983 ], [ -71.6814915, -33.3656611 ], [ -71.6815405, -33.365677 ], [ -71.6815861, -33.3656354 ], [ -71.6816922, -33.3656801 ], [ -71.6818426, -33.365533 ], [ -71.681733400000013, -33.3654614 ], [ -71.6816596, -33.3653807 ], [ -71.6815752, -33.3652634 ], [ -71.6815469, -33.3652359 ], [ -71.6815038, -33.3652193 ], [ -71.6813952, -33.3653357 ] ] ] } },
{ "type": "Feature", "properties": { "osm_id": "way/1385998298", "name": null, "source": "OpenStreetMap/Overpass", "building": "house", "feature_type": "building", "nearest_transect_id": "T32", "erosion_rate_m_per_year": 1.235, "distance_to_shoreline_m": 122.4, "years_to_impact": 99.1, "risk_level": "bajo", "risk_explanation": "Impacto estimado después de 30 años", "horizon_years": 30, "exposed_length_m": null, "exposed_area_m2": 0.0 }, "geometry": { "type": "Polygon", "coordinates": [ [ [ -71.6778654, -33.3658841 ], [ -71.6778551, -33.3658971 ], [ -71.6778309, -33.3658839 ], [ -71.6777785, -33.3659507 ], [ -71.6778782, -33.3660052 ], [ -71.6779409, -33.3659253 ], [ -71.6778654, -33.3658841 ] ] ] } },
{ "type": "Feature", "properties": { "osm_id": "way/1385998295", "name": null, "source": "OpenStreetMap/Overpass", "building": "house", "feature_type": "building", "nearest_transect_id": "T32", "erosion_rate_m_per_year": 1.235, "distance_to_shoreline_m": 95.5, "years_to_impact": 77.3, "risk_level": "bajo", "risk_explanation": "Impacto estimado después de 30 años", "horizon_years": 30, "exposed_length_m": null, "exposed_area_m2": 0.0 }, "geometry": { "type": "Polygon", "coordinates": [ [ [ -71.6780846, -33.365819 ], [ -71.6780622, -33.3658475 ], [ -71.6781222, -33.3658803 ], [ -71.6781446, -33.3658518 ], [ -71.6781776, -33.3658699 ], [ -71.6782341, -33.3657978 ], [ -71.6781977, -33.3657779 ], [ -71.6782263, -33.3657414 ], [ -71.6780864, -33.3656649 ], [ -71.6780752, -33.3656791 ], [ -71.6780086, -33.3656427 ], [ -71.6779346, -33.365737 ], [ -71.6780846, -33.365819 ] ] ] } },
{ "type": "Feature", "properties": { "osm_id": "way/1385998291", "name": null, "source": "OpenStreetMap/Overpass", "building": "house", "feature_type": "building", "nearest_transect_id": "T31", "erosion_rate_m_per_year": 1.424, "distance_to_shoreline_m": 98.9, "years_to_impact": 69.4, "risk_level": "bajo", "risk_explanation": "Impacto estimado después de 30 años", "horizon_years": 30, "exposed_length_m": null, "exposed_area_m2": 0.0 }, "geometry": { "type": "Polygon", "coordinates": [ [ [ -71.6773623, -33.3657715 ], [ -71.6774024, -33.3657204 ], [ -71.677373700000018, -33.3657047 ], [ -71.6774084, -33.36566040000001 ], [ -71.6773109, -33.3656071 ], [ -71.6772165, -33.3657274 ], [ -71.6772978, -33.365771899999984 ], [ -71.6773174, -33.3657469 ], [ -71.6773623, -33.3657715 ] ] ] } },
{ "type": "Feature", "properties": { "osm_id": "way/1385998292", "name": null, "source": "OpenStreetMap/Overpass", "building": "house", "feature_type": "building", "nearest_transect_id": "T32", "erosion_rate_m_per_year": 1.235, "distance_to_shoreline_m": 74.0, "years_to_impact": 59.9, "risk_level": "bajo", "risk_explanation": "Impacto estimado después de 30 años", "horizon_years": 30, "exposed_length_m": null, "exposed_area_m2": 0.0 }, "geometry": { "type": "Polygon", "coordinates": [ [ [ -71.6775224, -33.3655537 ], [ -71.6776433, -33.3656198 ], [ -71.6776975, -33.3655507 ], [ -71.6776551, -33.3655275 ], [ -71.6776981, -33.3654726 ], [ -71.6776197, -33.3654297 ], [ -71.6775224, -33.3655537 ] ] ] } },
{ "type": "Feature", "properties": { "osm_id": "way/1385998294", "name": null, "source": "OpenStreetMap/Overpass", "building": "house", "feature_type": "building", "nearest_transect_id": "T32", "erosion_rate_m_per_year": 1.235, "distance_to_shoreline_m": 64.7, "years_to_impact": 52.4, "risk_level": "bajo", "risk_explanation": "Impacto estimado después de 30 años", "horizon_years": 30, "exposed_length_m": null, "exposed_area_m2": 0.0 }, "geometry": { "type": "Polygon", "coordinates": [ [ [ -71.6774944, -33.365330899999989 ], [ -71.6773836, -33.365472299999986 ], [ -71.6775048, -33.3655385 ], [ -71.6776156, -33.3653972 ], [ -71.6774944, -33.365330899999989 ] ] ] } },
{ "type": "Feature", "properties": { "osm_id": "way/1385998290", "name": null, "source": "OpenStreetMap/Overpass", "building": "house", "feature_type": "building", "nearest_transect_id": "T32", "erosion_rate_m_per_year": 1.235, "distance_to_shoreline_m": 63.8, "years_to_impact": 51.6, "risk_level": "bajo", "risk_explanation": "Impacto estimado después de 30 años", "horizon_years": 30, "exposed_length_m": null, "exposed_area_m2": 0.0 }, "geometry": { "type": "Polygon", "coordinates": [ [ [ -71.677763, -33.3654782 ], [ -71.6778222, -33.3654028 ], [ -71.677715, -33.3653442 ], [ -71.6776559, -33.365419599999989 ], [ -71.677763, -33.3654782 ] ] ] } },
{ "type": "Feature", "properties": { "osm_id": "way/1385998293", "name": null, "source": "OpenStreetMap/Overpass", "building": "house", "feature_type": "building", "nearest_transect_id": "T31", "erosion_rate_m_per_year": 1.424, "distance_to_shoreline_m": 66.3, "years_to_impact": 46.5, "risk_level": "bajo", "risk_explanation": "Impacto estimado después de 30 años", "horizon_years": 30, "exposed_length_m": null, "exposed_area_m2": 0.0 }, "geometry": { "type": "Polygon", "coordinates": [ [ [ -71.6773264, -33.3652944 ], [ -71.6772461, -33.3653968 ], [ -71.6773206, -33.3654375 ], [ -71.6773387, -33.365414399999985 ], [ -71.6773765, -33.3654351 ], [ -71.6774386, -33.3653558 ], [ -71.6773264, -33.3652944 ] ] ] } },
{ "type": "Feature", "properties": { "osm_id": "way/1385998269", "name": null, "source": "OpenStreetMap/Overpass", "building": "house", "feature_type": "building", "nearest_transect_id": "T32", "erosion_rate_m_per_year": 1.235, "distance_to_shoreline_m": 49.0, "years_to_impact": 39.7, "risk_level": "bajo", "risk_explanation": "Impacto estimado después de 30 años", "horizon_years": 30, "exposed_length_m": null, "exposed_area_m2": 0.0 }, "geometry": { "type": "Polygon", "coordinates": [ [ [ -71.6775328, -33.3652988 ], [ -71.6776492, -33.3653625 ], [ -71.677724, -33.3652671 ], [ -71.6776076, -33.365203399999984 ], [ -71.6775328, -33.3652988 ] ] ] } },
{ "type": "Feature", "properties": { "osm_id": "way/1385998285", "name": null, "source": "OpenStreetMap/Overpass", "building": "house", "feature_type": "building", "nearest_transect_id": "T31", "erosion_rate_m_per_year": 1.424, "distance_to_shoreline_m": 46.3, "years_to_impact": 32.5, "risk_level": "bajo", "risk_explanation": "Impacto estimado después de 30 años", "horizon_years": 30, "exposed_length_m": null, "exposed_area_m2": 0.0 }, "geometry": { "type": "Polygon", "coordinates": [ [ [ -71.6774173, -33.3651365 ], [ -71.6773555, -33.3651026 ], [ -71.6773307, -33.3651342 ], [ -71.677275, -33.3651038 ], [ -71.6772191, -33.365175 ], [ -71.677336700000012, -33.3652393 ], [ -71.6774173, -33.3651365 ] ] ] } },
{ "type": "Feature", "properties": { "osm_id": "way/1384206148", "name": null, "source": "OpenStreetMap/Overpass", "building": "house", "feature_type": "building", "nearest_transect_id": "T37", "erosion_rate_m_per_year": 0.143, "distance_to_shoreline_m": 340.0, "years_to_impact": 2373.5, "risk_level": "bajo", "risk_explanation": "Impacto estimado después de 30 años", "horizon_years": 30, "exposed_length_m": null, "exposed_area_m2": 0.0 }, "geometry": { "type": "Polygon", "coordinates": [ [ [ -71.6827727, -33.3679782 ], [ -71.6828553, -33.368024799999986 ], [ -71.6829299, -33.3679326 ], [ -71.6828473, -33.367886 ], [ -71.6827727, -33.3679782 ] ] ] } },
{ "type": "Feature", "properties": { "osm_id": "way/1382693250", "name": null, "source": "OpenStreetMap/Overpass", "building": "house", "feature_type": "building", "nearest_transect_id": "T37", "erosion_rate_m_per_year": 0.143, "distance_to_shoreline_m": 298.5, "years_to_impact": 2083.9, "risk_level": "bajo", "risk_explanation": "Impacto estimado después de 30 años", "horizon_years": 30, "exposed_length_m": null, "exposed_area_m2": 0.0 }, "geometry": { "type": "Polygon", "coordinates": [ [ [ -71.682153, -33.3677823 ], [ -71.6820574, -33.3679005 ], [ -71.6821281, -33.3679404 ], [ -71.6822237, -33.3678221 ], [ -71.682153, -33.3677823 ] ] ] } },
{ "type": "Feature", "properties": { "osm_id": "way/1382693256", "name": null, "source": "OpenStreetMap/Overpass", "building": "house", "feature_type": "building", "nearest_transect_id": "T37", "erosion_rate_m_per_year": 0.143, "distance_to_shoreline_m": 334.0, "years_to_impact": 2331.5, "risk_level": "bajo", "risk_explanation": "Impacto estimado después de 30 años", "horizon_years": 30, "exposed_length_m": null, "exposed_area_m2": 0.0 }, "geometry": { "type": "Polygon", "coordinates": [ [ [ -71.6829533, -33.36776 ], [ -71.682879500000013, -33.3678512 ], [ -71.6829559, -33.3678943 ], [ -71.6830297, -33.3678031 ], [ -71.6829533, -33.36776 ] ] ] } },
{ "type": "Feature", "properties": { "osm_id": "way/1382693249", "name": null, "source": "OpenStreetMap/Overpass", "building": "house", "feature_type": "building", "nearest_transect_id": "T37", "erosion_rate_m_per_year": 0.143, "distance_to_shoreline_m": 288.2, "years_to_impact": 2011.8, "risk_level": "bajo", "risk_explanation": "Impacto estimado después de 30 años", "horizon_years": 30, "exposed_length_m": null, "exposed_area_m2": 0.0 }, "geometry": { "type": "Polygon", "coordinates": [ [ [ -71.6820031, -33.3677351 ], [ -71.6819246, -33.3678322 ], [ -71.6819896, -33.367868799999989 ], [ -71.6820681, -33.367771699999984 ], [ -71.6820031, -33.3677351 ] ] ] } },
{ "type": "Feature", "properties": { "osm_id": "way/1382693254", "name": null, "source": "OpenStreetMap/Overpass", "building": "house", "feature_type": "building", "nearest_transect_id": "T37", "erosion_rate_m_per_year": 0.143, "distance_to_shoreline_m": 307.6, "years_to_impact": 2147.5, "risk_level": "bajo", "risk_explanation": "Impacto estimado después de 30 años", "horizon_years": 30, "exposed_length_m": null, "exposed_area_m2": 0.0 }, "geometry": { "type": "Polygon", "coordinates": [ [ [ -71.6825123, -33.3677675 ], [ -71.6826528, -33.3678468 ], [ -71.682721, -33.3677625 ], [ -71.6825804, -33.3676832 ], [ -71.6825123, -33.3677675 ] ] ] } },
{ "type": "Feature", "properties": { "osm_id": "way/1384206147", "name": null, "source": "OpenStreetMap/Overpass", "building": "house", "feature_type": "building", "nearest_transect_id": "T37", "erosion_rate_m_per_year": 0.143, "distance_to_shoreline_m": 323.9, "years_to_impact": 2261.3, "risk_level": "bajo", "risk_explanation": "Impacto estimado después de 30 años", "horizon_years": 30, "exposed_length_m": null, "exposed_area_m2": 0.0 }, "geometry": { "type": "Polygon", "coordinates": [ [ [ -71.6829427, -33.3676993 ], [ -71.6830632, -33.3677672 ], [ -71.6831314, -33.3676829 ], [ -71.683010900000014, -33.3676149 ], [ -71.6829427, -33.3676993 ] ] ] } },
{ "type": "Feature", "properties": { "osm_id": "way/1412654993", "name": null, "source": "OpenStreetMap/Overpass", "building": "house", "feature_type": "building", "nearest_transect_id": "T37", "erosion_rate_m_per_year": 0.143, "distance_to_shoreline_m": 284.8, "years_to_impact": 1988.5, "risk_level": "bajo", "risk_explanation": "Impacto estimado después de 30 años", "horizon_years": 30, "exposed_length_m": null, "exposed_area_m2": 0.0 }, "geometry": { "type": "Polygon", "coordinates": [ [ [ -71.6822297, -33.3676144 ], [ -71.6821592, -33.3677017 ], [ -71.6822438, -33.3677493 ], [ -71.682272700000013, -33.3677135 ], [ -71.6822914, -33.3677241 ], [ -71.682333, -33.3676726 ], [ -71.6822297, -33.3676144 ] ] ] } },
{ "type": "Feature", "properties": { "osm_id": "way/1384206045", "name": null, "source": "OpenStreetMap/Overpass", "building": "house", "feature_type": "building", "nearest_transect_id": "T37", "erosion_rate_m_per_year": 0.143, "distance_to_shoreline_m": 271.0, "years_to_impact": 1891.9, "risk_level": "bajo", "risk_explanation": "Impacto estimado después de 30 años", "horizon_years": 30, "exposed_length_m": null, "exposed_area_m2": 0.0 }, "geometry": { "type": "Polygon", "coordinates": [ [ [ -71.6819755, -33.367670199999985 ], [ -71.6818723, -33.3676121 ], [ -71.6818148, -33.3676834 ], [ -71.6819179, -33.3677415 ], [ -71.6819755, -33.367670199999985 ] ] ] } },
{ "type": "Feature", "properties": { "osm_id": "way/1382693253", "name": null, "source": "OpenStreetMap/Overpass", "building": "house", "feature_type": "building", "nearest_transect_id": "T37", "erosion_rate_m_per_year": 0.143, "distance_to_shoreline_m": 302.9, "years_to_impact": 2114.9, "risk_level": "bajo", "risk_explanation": "Impacto estimado después de 30 años", "horizon_years": 30, "exposed_length_m": null, "exposed_area_m2": 0.0 }, "geometry": { "type": "Polygon", "coordinates": [ [ [ -71.6826211, -33.3676559 ], [ -71.6827708, -33.3677404 ], [ -71.6828375, -33.367657899999983 ], [ -71.6826877, -33.3675735 ], [ -71.6826211, -33.3676559 ] ] ] } },
{ "type": "Feature", "properties": { "osm_id": "way/1412654992", "name": null, "source": "OpenStreetMap/Overpass", "building": "house", "feature_type": "building", "nearest_transect_id": "T37", "erosion_rate_m_per_year": 0.143, "distance_to_shoreline_m": 264.0, "years_to_impact": 1843.1, "risk_level": "bajo", "risk_explanation": "Impacto estimado después de 30 años", "horizon_years": 30, "exposed_length_m": null, "exposed_area_m2": 0.0 }, "geometry": { "type": "Polygon", "coordinates": [ [ [ -71.6820038, -33.3674977 ], [ -71.6819648, -33.367546 ], [ -71.6820187, -33.3675763 ], [ -71.6819789, -33.3676256 ], [ -71.6820437, -33.367662 ], [ -71.682122400000011, -33.3675645 ], [ -71.6820038, -33.3674977 ] ] ] } },
{ "type": "Feature", "properties": { "osm_id": "way/1384206172", "name": null, "source": "OpenStreetMap/Overpass", "building": "house", "feature_type": "building", "nearest_transect_id": "T37", "erosion_rate_m_per_year": 0.143, "distance_to_shoreline_m": 276.5, "years_to_impact": 1930.5, "risk_level": "bajo", "risk_explanation": "Impacto estimado después de 30 años", "horizon_years": 30, "exposed_length_m": null, "exposed_area_m2": 0.0 }, "geometry": { "type": "Polygon", "coordinates": [ [ [ -71.6824125, -33.3675768 ], [ -71.6822846, -33.3675047 ], [ -71.6822312, -33.3675709 ], [ -71.682359100000014, -33.3676429 ], [ -71.6824125, -33.3675768 ] ] ] } },
{ "type": "Feature", "properties": { "osm_id": "way/1384206146", "name": null, "source": "OpenStreetMap/Overpass", "building": "house", "feature_type": "building", "nearest_transect_id": "T37", "erosion_rate_m_per_year": 0.143, "distance_to_shoreline_m": 318.6, "years_to_impact": 2224.3, "risk_level": "bajo", "risk_explanation": "Impacto estimado después de 30 años", "horizon_years": 30, "exposed_length_m": null, "exposed_area_m2": 0.0 }, "geometry": { "type": "Polygon", "coordinates": [ [ [ -71.683061, -33.367567099999988 ], [ -71.6831437, -33.367613799999987 ], [ -71.6832237, -33.3675148 ], [ -71.683141, -33.3674682 ], [ -71.683061, -33.367567099999988 ] ] ] } },
{ "type": "Feature", "properties": { "osm_id": "way/1382693252", "name": null, "source": "OpenStreetMap/Overpass", "building": "house", "feature_type": "building", "nearest_transect_id": "T37", "erosion_rate_m_per_year": 0.143, "distance_to_shoreline_m": 298.3, "years_to_impact": 2082.6, "risk_level": "bajo", "risk_explanation": "Impacto estimado después de 30 años", "horizon_years": 30, "exposed_length_m": null, "exposed_area_m2": 0.0 }, "geometry": { "type": "Polygon", "coordinates": [ [ [ -71.6827207, -33.3675391 ], [ -71.6828433, -33.3676082 ], [ -71.6828961, -33.3675429 ], [ -71.6827735, -33.3674738 ], [ -71.6827207, -33.3675391 ] ] ] } },
{ "type": "Feature", "properties": { "osm_id": "way/1385998370", "name": null, "source": "OpenStreetMap/Overpass", "building": "house", "feature_type": "building", "nearest_transect_id": "T37", "erosion_rate_m_per_year": 0.143, "distance_to_shoreline_m": 271.0, "years_to_impact": 1892.2, "risk_level": "bajo", "risk_explanation": "Impacto estimado después de 30 años", "horizon_years": 30, "exposed_length_m": null, "exposed_area_m2": 0.0 }, "geometry": { "type": "Polygon", "coordinates": [ [ [ -71.6825234, -33.3674488 ], [ -71.6824088, -33.367384199999989 ], [ -71.6823397, -33.3674697 ], [ -71.6824543, -33.36753430000001 ], [ -71.6825234, -33.3674488 ] ] ] } },
{ "type": "Feature", "properties": { "osm_id": "way/1412654991", "name": null, "source": "OpenStreetMap/Overpass", "building": "house", "feature_type": "building", "nearest_transect_id": "T37", "erosion_rate_m_per_year": 0.143, "distance_to_shoreline_m": 256.0, "years_to_impact": 1787.2, "risk_level": "bajo", "risk_explanation": "Impacto estimado después de 30 años", "horizon_years": 30, "exposed_length_m": null, "exposed_area_m2": 0.0 }, "geometry": { "type": "Polygon", "coordinates": [ [ [ -71.682171, -33.3674346 ], [ -71.6820835, -33.3673853 ], [ -71.6820162, -33.3674688 ], [ -71.6821036, -33.367518 ], [ -71.682171, -33.3674346 ] ] ] } },
{ "type": "Feature", "properties": { "osm_id": "way/1382693251", "name": null, "source": "OpenStreetMap/Overpass", "building": "house", "feature_type": "building", "nearest_transect_id": "T37", "erosion_rate_m_per_year": 0.143, "distance_to_shoreline_m": 292.5, "years_to_impact": 2041.9, "risk_level": "bajo", "risk_explanation": "Impacto estimado después de 30 años", "horizon_years": 30, "exposed_length_m": null, "exposed_area_m2": 0.0 }, "geometry": { "type": "Polygon", "coordinates": [ [ [ -71.6828014, -33.3674284 ], [ -71.6829117, -33.367490599999989 ], [ -71.682971, -33.3674172 ], [ -71.6828607, -33.3673551 ], [ -71.6828014, -33.3674284 ] ] ] } },
{ "type": "Feature", "properties": { "osm_id": "way/1412654989", "name": null, "source": "OpenStreetMap/Overpass", "building": "house", "feature_type": "building", "nearest_transect_id": "T37", "erosion_rate_m_per_year": 0.143, "distance_to_shoreline_m": 266.4, "years_to_impact": 1860.1, "risk_level": "bajo", "risk_explanation": "Impacto estimado después de 30 años", "horizon_years": 30, "exposed_length_m": null, "exposed_area_m2": 0.0 }, "geometry": { "type": "Polygon", "coordinates": [ [ [ -71.6825031, -33.367281 ], [ -71.682439, -33.3673604 ], [ -71.682506, -33.3673982 ], [ -71.6825194, -33.3673816 ], [ -71.6825511, -33.3673995 ], [ -71.6826019, -33.3673366 ], [ -71.6825031, -33.367281 ] ] ] } },
{ "type": "Feature", "properties": { "osm_id": "way/1412654990", "name": null, "source": "OpenStreetMap/Overpass", "building": "house", "feature_type": "building", "nearest_transect_id": "T37", "erosion_rate_m_per_year": 0.143, "distance_to_shoreline_m": 249.2, "years_to_impact": 1739.7, "risk_level": "bajo", "risk_explanation": "Impacto estimado después de 30 años", "horizon_years": 30, "exposed_length_m": null, "exposed_area_m2": 0.0 }, "geometry": { "type": "Polygon", "coordinates": [ [ [ -71.6822958, -33.367339800000011 ], [ -71.6821767, -33.3672727 ], [ -71.6821287, -33.3673322 ], [ -71.6822478, -33.3673993 ], [ -71.6822958, -33.367339800000011 ] ] ] } },
{ "type": "Feature", "properties": { "osm_id": "way/1385998328", "name": null, "source": "OpenStreetMap/Overpass", "building": "house", "feature_type": "building", "nearest_transect_id": "T38", "erosion_rate_m_per_year": -0.1, "distance_to_shoreline_m": 287.1, "years_to_impact": null, "risk_level": "bajo", "risk_explanation": "Sin avance erosivo positivo medido", "horizon_years": 30, "exposed_length_m": null, "exposed_area_m2": 0.0 }, "geometry": { "type": "Polygon", "coordinates": [ [ [ -71.683051, -33.3673221 ], [ -71.6830867, -33.3673422 ], [ -71.6831289, -33.36729 ], [ -71.6829835, -33.3672079 ], [ -71.6829051, -33.3673048 ], [ -71.6829673, -33.3673399 ], [ -71.6829768, -33.3673282 ], [ -71.6830243, -33.3673551 ], [ -71.683051, -33.3673221 ] ] ] } },
{ "type": "Feature", "properties": { "osm_id": "way/1412654988", "name": null, "source": "OpenStreetMap/Overpass", "building": "house", "feature_type": "building", "nearest_transect_id": "T37", "erosion_rate_m_per_year": 0.143, "distance_to_shoreline_m": 246.6, "years_to_impact": 1721.6, "risk_level": "bajo", "risk_explanation": "Impacto estimado después de 30 años", "horizon_years": 30, "exposed_length_m": null, "exposed_area_m2": 0.0 }, "geometry": { "type": "Polygon", "coordinates": [ [ [ -71.6823298, -33.367163699999985 ], [ -71.6822572, -33.3672537 ], [ -71.682360300000013, -33.3673117 ], [ -71.6824329, -33.36722180000001 ], [ -71.6823298, -33.367163699999985 ] ] ] } },
{ "type": "Feature", "properties": { "osm_id": "way/1412654986", "name": null, "source": "OpenStreetMap/Overpass", "building": "house", "feature_type": "building", "nearest_transect_id": "T37", "erosion_rate_m_per_year": 0.143, "distance_to_shoreline_m": 256.1, "years_to_impact": 1787.7, "risk_level": "bajo", "risk_explanation": "Impacto estimado después de 30 años", "horizon_years": 30, "exposed_length_m": null, "exposed_area_m2": 0.0 }, "geometry": { "type": "Polygon", "coordinates": [ [ [ -71.6826684, -33.367246299999984 ], [ -71.6827045, -33.3672016 ], [ -71.6826829, -33.3671895 ], [ -71.6827139, -33.3671511 ], [ -71.68262270000001, -33.3670997 ], [ -71.6826057, -33.3671207 ], [ -71.682593, -33.3671136 ], [ -71.6825536, -33.3671624 ], [ -71.6825663, -33.3671696 ], [ -71.6825178, -33.3672296 ], [ -71.6825905, -33.367270499999989 ], [ -71.6826283, -33.3672237 ], [ -71.6826684, -33.367246299999984 ] ] ] } },
{ "type": "Feature", "properties": { "osm_id": "way/1412654983", "name": null, "source": "OpenStreetMap/Overpass", "building": "house", "feature_type": "building", "nearest_transect_id": "T37", "erosion_rate_m_per_year": 0.143, "distance_to_shoreline_m": 217.6, "years_to_impact": 1518.8, "risk_level": "bajo", "risk_explanation": "Impacto estimado después de 30 años", "horizon_years": 30, "exposed_length_m": null, "exposed_area_m2": 0.0 }, "geometry": { "type": "Polygon", "coordinates": [ [ [ -71.6818583, -33.3670924 ], [ -71.6818315, -33.3671254 ], [ -71.6818477, -33.3671346 ], [ -71.6818149, -33.3671751 ], [ -71.6818909, -33.367218099999988 ], [ -71.6819175, -33.3671854 ], [ -71.6819431, -33.3671999 ], [ -71.6819762, -33.3671591 ], [ -71.6818583, -33.3670924 ] ] ] } },
{ "type": "Feature", "properties": { "osm_id": "way/1412654987", "name": null, "source": "OpenStreetMap/Overpass", "building": "house", "feature_type": "building", "nearest_transect_id": "T37", "erosion_rate_m_per_year": 0.143, "distance_to_shoreline_m": 236.6, "years_to_impact": 1651.5, "risk_level": "bajo", "risk_explanation": "Impacto estimado después de 30 años", "horizon_years": 30, "exposed_length_m": null, "exposed_area_m2": 0.0 }, "geometry": { "type": "Polygon", "coordinates": [ [ [ -71.6824621, -33.3670499 ], [ -71.6824427, -33.3670738 ], [ -71.6823685, -33.367032 ], [ -71.6823243, -33.367086799999989 ], [ -71.682398500000019, -33.3671286 ], [ -71.6823893, -33.36714 ], [ -71.682452, -33.3671753 ], [ -71.6825248, -33.3670851 ], [ -71.6824621, -33.3670499 ] ] ] } },
{ "type": "Feature", "properties": { "osm_id": "way/1385998329", "name": null, "source": "OpenStreetMap/Overpass", "building": "house", "feature_type": "building", "nearest_transect_id": "T37", "erosion_rate_m_per_year": 0.143, "distance_to_shoreline_m": 208.5, "years_to_impact": 1455.3, "risk_level": "bajo", "risk_explanation": "Impacto estimado después de 30 años", "horizon_years": 30, "exposed_length_m": null, "exposed_area_m2": 0.0 }, "geometry": { "type": "Polygon", "coordinates": [ [ [ -71.681985800000021, -33.366984799999983 ], [ -71.6820681, -33.3670314 ], [ -71.6821303, -33.3669548 ], [ -71.682048, -33.3669082 ], [ -71.681985800000021, -33.366984799999983 ] ] ] } },
{ "type": "Feature", "properties": { "osm_id": "way/1412654985", "name": null, "source": "OpenStreetMap/Overpass", "building": "house", "feature_type": "building", "nearest_transect_id": "T37", "erosion_rate_m_per_year": 0.143, "distance_to_shoreline_m": 197.1, "years_to_impact": 1376.1, "risk_level": "bajo", "risk_explanation": "Impacto estimado después de 30 años", "horizon_years": 30, "exposed_length_m": null, "exposed_area_m2": 0.0 }, "geometry": { "type": "Polygon", "coordinates": [ [ [ -71.6819082, -33.366860699999989 ], [ -71.6818051, -33.3669874 ], [ -71.6818966, -33.3670394 ], [ -71.6819997, -33.3669127 ], [ -71.6819082, -33.366860699999989 ] ] ] } },
{ "type": "Feature", "properties": { "osm_id": "way/104015218", "name": null, "source": "OpenStreetMap/Overpass", "building": "yes", "feature_type": "building", "nearest_transect_id": "T38", "erosion_rate_m_per_year": -0.1, "distance_to_shoreline_m": 155.6, "years_to_impact": null, "risk_level": "bajo", "risk_explanation": "Sin avance erosivo positivo medido", "horizon_years": 30, "exposed_length_m": null, "exposed_area_m2": 0.0 }, "geometry": { "type": "Polygon", "coordinates": [ [ [ -71.6828656, -33.365259899999984 ], [ -71.6828068, -33.3653184 ], [ -71.6827216, -33.3652587 ], [ -71.6826112, -33.365368599999989 ], [ -71.6826905, -33.3654243 ], [ -71.6826616, -33.365453 ], [ -71.6827591, -33.3655213 ], [ -71.6828297, -33.3654511 ], [ -71.6827915, -33.3654243 ], [ -71.6828284, -33.3653877 ], [ -71.6828691, -33.3654162 ], [ -71.6829598, -33.3653259 ], [ -71.6828656, -33.365259899999984 ] ] ] } },
{ "type": "Feature", "properties": { "osm_id": "way/1295991508", "name": null, "source": "OpenStreetMap/Overpass", "building": "apartments", "feature_type": "building", "nearest_transect_id": "T38", "erosion_rate_m_per_year": -0.1, "distance_to_shoreline_m": 60.9, "years_to_impact": null, "risk_level": "bajo", "risk_explanation": "Sin avance erosivo positivo medido", "horizon_years": 30, "exposed_length_m": null, "exposed_area_m2": 0.0 }, "geometry": { "type": "Polygon", "coordinates": [ [ [ -71.6815836, -33.3651479 ], [ -71.6816168, -33.3651882 ], [ -71.6815986, -33.3652724 ], [ -71.6816608, -33.3653665 ], [ -71.6818345, -33.3654354 ], [ -71.6819675, -33.3652751 ], [ -71.6820232, -33.3651981 ], [ -71.6821273, -33.3650629 ], [ -71.6820168, -33.3650082 ], [ -71.6819514, -33.3649348 ], [ -71.6819278, -33.3648694 ], [ -71.6818881, -33.3648435 ], [ -71.6818442, -33.3648354 ], [ -71.6815836, -33.3651479 ] ] ] } },
{ "type": "Feature", "properties": { "osm_id": "way/622737201", "name": null, "source": "OpenStreetMap/Overpass", "building": "apartments", "feature_type": "building", "nearest_transect_id": "T37", "erosion_rate_m_per_year": 0.143, "distance_to_shoreline_m": 109.7, "years_to_impact": 766.1, "risk_level": "bajo", "risk_explanation": "Impacto estimado después de 30 años", "horizon_years": 30, "exposed_length_m": null, "exposed_area_m2": 0.0 }, "geometry": { "type": "Polygon", "coordinates": [ [ [ -71.6821785, -33.364645699999983 ], [ -71.6821054, -33.3645912 ], [ -71.6820718, -33.3645703 ], [ -71.6820402, -33.364587700000016 ], [ -71.6819592, -33.364656699999976 ], [ -71.6820008, -33.3646769 ], [ -71.6819764, -33.3646976 ], [ -71.6819968, -33.364715 ], [ -71.6819509, -33.3647517 ], [ -71.6820886, -33.364922099999987 ], [ -71.6821336, -33.3649878 ], [ -71.682229, -33.365027 ], [ -71.6824492, -33.3648336 ], [ -71.682406, -33.3648049 ], [ -71.6821785, -33.364645699999983 ] ] ] } },
{ "type": "Feature", "properties": { "osm_id": "way/622737200", "name": null, "source": "OpenStreetMap/Overpass", "building": "apartments", "feature_type": "building", "nearest_transect_id": "T37", "erosion_rate_m_per_year": 0.143, "distance_to_shoreline_m": 134.0, "years_to_impact": 935.1, "risk_level": "bajo", "risk_explanation": "Impacto estimado después de 30 años", "horizon_years": 30, "exposed_length_m": null, "exposed_area_m2": 0.0 }, "geometry": { "type": "Polygon", "coordinates": [ [ [ -71.6824148, -33.3645207 ], [ -71.6823876, -33.3645285 ], [ -71.6823152, -33.3644414 ], [ -71.6822924, -33.3644498 ], [ -71.6822669, -33.3644229 ], [ -71.6821412, -33.3645065 ], [ -71.6822164, -33.364609 ], [ -71.6821785, -33.364645699999983 ], [ -71.682406, -33.3648049 ], [ -71.6825585, -33.3646967 ], [ -71.6824148, -33.3645207 ] ] ] } },
{ "type": "Feature", "properties": { "osm_id": "way/1382693257", "name": null, "source": "OpenStreetMap/Overpass", "building": "house", "feature_type": "building", "nearest_transect_id": "T37", "erosion_rate_m_per_year": 0.143, "distance_to_shoreline_m": 393.1, "years_to_impact": 2744.4, "risk_level": "bajo", "risk_explanation": "Impacto estimado después de 30 años", "horizon_years": 30, "exposed_length_m": null, "exposed_area_m2": 0.0 }, "geometry": { "type": "Polygon", "coordinates": [ [ [ -71.6833938, -33.3681523 ], [ -71.6833247, -33.3682377 ], [ -71.6834126, -33.3682872 ], [ -71.6834816, -33.3682018 ], [ -71.6833938, -33.3681523 ] ] ] } },
{ "type": "Feature", "properties": { "osm_id": "way/1385998369", "name": null, "source": "OpenStreetMap/Overpass", "building": "house", "feature_type": "building", "nearest_transect_id": "T37", "erosion_rate_m_per_year": 0.143, "distance_to_shoreline_m": 373.9, "years_to_impact": 2610.3, "risk_level": "bajo", "risk_explanation": "Impacto estimado después de 30 años", "horizon_years": 30, "exposed_length_m": null, "exposed_area_m2": 0.0 }, "geometry": { "type": "Polygon", "coordinates": [ [ [ -71.683212, -33.3680476 ], [ -71.6831356, -33.3681181 ], [ -71.6832107, -33.3681749 ], [ -71.6832872, -33.3681044 ], [ -71.683212, -33.3680476 ] ] ] } },
{ "type": "Feature", "properties": { "osm_id": "way/1385998376", "name": null, "source": "OpenStreetMap/Overpass", "building": "house", "feature_type": "building", "nearest_transect_id": "T37", "erosion_rate_m_per_year": 0.143, "distance_to_shoreline_m": 385.3, "years_to_impact": 2689.6, "risk_level": "bajo", "risk_explanation": "Impacto estimado después de 30 años", "horizon_years": 30, "exposed_length_m": null, "exposed_area_m2": 0.0 }, "geometry": { "type": "Polygon", "coordinates": [ [ [ -71.6835673, -33.3680895 ], [ -71.6834815, -33.3680094 ], [ -71.6834106, -33.3680624 ], [ -71.6834964, -33.3681425 ], [ -71.6835673, -33.3680895 ] ] ] } },
{ "type": "Feature", "properties": { "osm_id": "way/1385998366", "name": null, "source": "OpenStreetMap/Overpass", "building": "house", "feature_type": "building", "nearest_transect_id": "T37", "erosion_rate_m_per_year": 0.143, "distance_to_shoreline_m": 355.3, "years_to_impact": 2480.6, "risk_level": "bajo", "risk_explanation": "Impacto estimado después de 30 años", "horizon_years": 30, "exposed_length_m": null, "exposed_area_m2": 0.0 }, "geometry": { "type": "Polygon", "coordinates": [ [ [ -71.6834321, -33.3678218 ], [ -71.6833314, -33.367765 ], [ -71.6832777, -33.3678314 ], [ -71.6833784, -33.3678882 ], [ -71.6834321, -33.3678218 ] ] ] } },
{ "type": "Feature", "properties": { "osm_id": "way/427890588", "name": null, "source": "OpenStreetMap/Overpass", "building": "yes", "feature_type": "building", "nearest_transect_id": "T38", "erosion_rate_m_per_year": -0.1, "distance_to_shoreline_m": 463.0, "years_to_impact": null, "risk_level": "bajo", "risk_explanation": "Sin avance erosivo positivo medido", "horizon_years": 30, "exposed_length_m": null, "exposed_area_m2": 0.0 }, "geometry": { "type": "Polygon", "coordinates": [ [ [ -71.6859353, -33.366934399999984 ], [ -71.6859802, -33.366919 ], [ -71.6859634, -33.3668849 ], [ -71.6860276, -33.3668627 ], [ -71.6860114, -33.3668299 ], [ -71.6860698, -33.3668098 ], [ -71.6860338, -33.3667369 ], [ -71.6860767, -33.3667221 ], [ -71.6859841, -33.3665344 ], [ -71.6859386, -33.3665501 ], [ -71.6859039, -33.3664798 ], [ -71.6858281, -33.3665058 ], [ -71.6858073, -33.3664636 ], [ -71.685748, -33.3664841 ], [ -71.6857359, -33.3664597 ], [ -71.6857061, -33.36647 ], [ -71.6859353, -33.366934399999984 ] ] ] } },
{ "type": "Feature", "properties": { "osm_id": "way/104015204", "name": null, "source": "OpenStreetMap/Overpass", "building": "yes", "feature_type": "building", "nearest_transect_id": "T38", "erosion_rate_m_per_year": -0.1, "distance_to_shoreline_m": 471.5, "years_to_impact": null, "risk_level": "bajo", "risk_explanation": "Sin avance erosivo positivo medido", "horizon_years": 30, "exposed_length_m": null, "exposed_area_m2": 0.0 }, "geometry": { "type": "Polygon", "coordinates": [ [ [ -71.685911500000017, -33.3663449 ], [ -71.6859599, -33.3663483 ], [ -71.6859636, -33.3663115 ], [ -71.6860329, -33.3663163 ], [ -71.6860364, -33.3662809 ], [ -71.6860993, -33.3662853 ], [ -71.6861071, -33.3662067 ], [ -71.6861534, -33.3662099 ], [ -71.6861736, -33.36600760000001 ], [ -71.68612450000002, -33.366004199999985 ], [ -71.6861321, -33.3659284 ], [ -71.6860504, -33.365922699999985 ], [ -71.686055, -33.3658772 ], [ -71.685991, -33.365872800000012 ], [ -71.6859936, -33.3658465 ], [ -71.6859615, -33.3658443 ], [ -71.685911500000017, -33.3663449 ] ] ] } },
{ "type": "Feature", "properties": { "osm_id": "way/104015223", "name": null, "source": "OpenStreetMap/Overpass", "building": "yes", "feature_type": "building", "nearest_transect_id": "T38", "erosion_rate_m_per_year": -0.1, "distance_to_shoreline_m": 472.6, "years_to_impact": null, "risk_level": "bajo", "risk_explanation": "Sin avance erosivo positivo medido", "horizon_years": 30, "exposed_length_m": null, "exposed_area_m2": 0.0 }, "geometry": { "type": "Polygon", "coordinates": [ [ [ -71.6859938, -33.3657009 ], [ -71.6860418, -33.3657073 ], [ -71.6860488, -33.3656708 ], [ -71.6861174, -33.36568 ], [ -71.6861241, -33.3656449 ], [ -71.6861864, -33.3656532 ], [ -71.6862013, -33.3655753 ], [ -71.6862472, -33.3655815 ], [ -71.6862855, -33.365381 ], [ -71.6862369, -33.3653745 ], [ -71.6862513, -33.3652994 ], [ -71.686170300000015, -33.3652886 ], [ -71.6861789, -33.3652435 ], [ -71.6861156, -33.3652351 ], [ -71.6861205, -33.3652091 ], [ -71.6860887, -33.3652048 ], [ -71.6859938, -33.3657009 ] ] ] } },
{ "type": "Feature", "properties": { "osm_id": "way/104015222", "name": null, "source": "OpenStreetMap/Overpass", "building": "yes", "feature_type": "building", "nearest_transect_id": "T38", "erosion_rate_m_per_year": -0.1, "distance_to_shoreline_m": 457.0, "years_to_impact": null, "risk_level": "bajo", "risk_explanation": "Sin avance erosivo positivo medido", "horizon_years": 30, "exposed_length_m": null, "exposed_area_m2": 0.0 }, "geometry": { "type": "Polygon", "coordinates": [ [ [ -71.684503, -33.3623378 ], [ -71.684525100000016, -33.3624491 ], [ -71.6846203, -33.3624406 ], [ -71.6845983, -33.3623222 ], [ -71.684503, -33.3623378 ] ] ] } },
{ "type": "Feature", "properties": { "osm_id": "way/104015215", "name": null, "source": "OpenStreetMap/Overpass", "building": "yes", "feature_type": "building", "nearest_transect_id": "T38", "erosion_rate_m_per_year": -0.1, "distance_to_shoreline_m": 474.2, "years_to_impact": null, "risk_level": "bajo", "risk_explanation": "Sin avance erosivo positivo medido", "horizon_years": 30, "exposed_length_m": null, "exposed_area_m2": 0.0 }, "geometry": { "type": "Polygon", "coordinates": [ [ [ -71.6846395, -33.3621697 ], [ -71.6846474, -33.362217 ], [ -71.6846299, -33.3622221 ], [ -71.6846514, -33.3622924 ], [ -71.6846912, -33.3622918 ], [ -71.684722, -33.3623999 ], [ -71.684904, -33.3623811 ], [ -71.6848589, -33.3621375 ], [ -71.6846395, -33.3621697 ] ] ] } },
{ "type": "Feature", "properties": { "osm_id": "way/1237970850", "name": "Salón del Reino de los Testigos de Jehová", "source": "OpenStreetMap/Overpass", "building": "yes", "feature_type": "building", "nearest_transect_id": "T28", "erosion_rate_m_per_year": 1.851, "distance_to_shoreline_m": 595.1, "years_to_impact": 321.5, "risk_level": "bajo", "risk_explanation": "Impacto estimado después de 30 años", "horizon_years": 30, "exposed_length_m": null, "exposed_area_m2": 0.0 }, "geometry": { "type": "Polygon", "coordinates": [ [ [ -71.6729707, -33.3694425 ], [ -71.6729602, -33.3695389 ], [ -71.673174300000014, -33.3695551 ], [ -71.6731812, -33.3694913 ], [ -71.6731431, -33.3694884 ], [ -71.6731466, -33.369455699999989 ], [ -71.6729707, -33.3694425 ] ] ] } },
{ "type": "Feature", "properties": { "osm_id": "way/1237970844", "name": null, "source": "OpenStreetMap/Overpass", "building": "apartments", "feature_type": "building", "nearest_transect_id": "T29", "erosion_rate_m_per_year": 1.716, "distance_to_shoreline_m": 535.3, "years_to_impact": 311.9, "risk_level": "bajo", "risk_explanation": "Impacto estimado después de 30 años", "horizon_years": 30, "exposed_length_m": null, "exposed_area_m2": 0.0 }, "geometry": { "type": "Polygon", "coordinates": [ [ [ -71.6749277, -33.3693615 ], [ -71.6743351, -33.3694963 ], [ -71.674369, -33.3696002 ], [ -71.6749617, -33.3694655 ], [ -71.6749277, -33.3693615 ] ] ] } },
{ "type": "Feature", "properties": { "osm_id": "way/1237970843", "name": null, "source": "OpenStreetMap/Overpass", "building": "apartments", "feature_type": "building", "nearest_transect_id": "T29", "erosion_rate_m_per_year": 1.716, "distance_to_shoreline_m": 527.5, "years_to_impact": 307.3, "risk_level": "bajo", "risk_explanation": "Impacto estimado después de 30 años", "horizon_years": 30, "exposed_length_m": null, "exposed_area_m2": 0.0 }, "geometry": { "type": "Polygon", "coordinates": [ [ [ -71.6738964, -33.369104900000011 ], [ -71.6741204, -33.3695824 ], [ -71.6742406, -33.3695431 ], [ -71.6740166, -33.3690655 ], [ -71.6738964, -33.369104900000011 ] ] ] } },
{ "type": "Feature", "properties": { "osm_id": "way/1237970846", "name": null, "source": "OpenStreetMap/Overpass", "building": "apartments", "feature_type": "building", "nearest_transect_id": "T29", "erosion_rate_m_per_year": 1.716, "distance_to_shoreline_m": 511.0, "years_to_impact": 297.7, "risk_level": "bajo", "risk_explanation": "Impacto estimado después de 30 años", "horizon_years": 30, "exposed_length_m": null, "exposed_area_m2": 0.0 }, "geometry": { "type": "Polygon", "coordinates": [ [ [ -71.6744128, -33.3690203 ], [ -71.674385900000019, -33.3690689 ], [ -71.6746209, -33.3691598 ], [ -71.6746478, -33.3691112 ], [ -71.6744128, -33.3690203 ] ] ] } },
{ "type": "Feature", "properties": { "osm_id": "way/1412654962", "name": null, "source": "OpenStreetMap/Overpass", "building": "house", "feature_type": "building", "nearest_transect_id": "T30", "erosion_rate_m_per_year": 1.581, "distance_to_shoreline_m": 432.8, "years_to_impact": 273.7, "risk_level": "bajo", "risk_explanation": "Impacto estimado después de 30 años", "horizon_years": 30, "exposed_length_m": null, "exposed_area_m2": 0.0 }, "geometry": { "type": "Polygon", "coordinates": [ [ [ -71.6767416, -33.3686369 ], [ -71.6767477, -33.3685896 ], [ -71.6767017, -33.3685854 ], [ -71.6766956, -33.3686327 ], [ -71.6765937, -33.3686235 ], [ -71.6765816, -33.3687173 ], [ -71.6766864, -33.3687268 ], [ -71.6766836, -33.3687484 ], [ -71.6767431, -33.3687538 ], [ -71.6767581, -33.3686384 ], [ -71.6767416, -33.3686369 ] ] ] } },
{ "type": "Feature", "properties": { "osm_id": "way/1412654961", "name": null, "source": "OpenStreetMap/Overpass", "building": "house", "feature_type": "building", "nearest_transect_id": "T30", "erosion_rate_m_per_year": 1.581, "distance_to_shoreline_m": 417.1, "years_to_impact": 263.8, "risk_level": "bajo", "risk_explanation": "Impacto estimado después de 30 años", "horizon_years": 30, "exposed_length_m": null, "exposed_area_m2": 0.0 }, "geometry": { "type": "Polygon", "coordinates": [ [ [ -71.6767935, -33.3684529 ], [ -71.6766554, -33.3684404 ], [ -71.6766434, -33.3685332 ], [ -71.6767815, -33.3685457 ], [ -71.6767935, -33.3684529 ] ] ] } },
{ "type": "Feature", "properties": { "osm_id": "way/1384244293", "name": null, "source": "OpenStreetMap/Overpass", "building": "house", "feature_type": "building", "nearest_transect_id": "T29", "erosion_rate_m_per_year": 1.716, "distance_to_shoreline_m": 444.8, "years_to_impact": 259.2, "risk_level": "bajo", "risk_explanation": "Impacto estimado después de 30 años", "horizon_years": 30, "exposed_length_m": null, "exposed_area_m2": 0.0 }, "geometry": { "type": "Polygon", "coordinates": [ [ [ -71.6742575, -33.3683749 ], [ -71.6742475, -33.3684684 ], [ -71.6743816, -33.3684784 ], [ -71.6743916, -33.3683849 ], [ -71.6742575, -33.3683749 ] ] ] } },
{ "type": "Feature", "properties": { "osm_id": "way/1384244296", "name": null, "source": "OpenStreetMap/Overpass", "building": "house", "feature_type": "building", "nearest_transect_id": "T28", "erosion_rate_m_per_year": 1.851, "distance_to_shoreline_m": 444.4, "years_to_impact": 240.1, "risk_level": "bajo", "risk_explanation": "Impacto estimado después de 30 años", "horizon_years": 30, "exposed_length_m": null, "exposed_area_m2": 0.0 }, "geometry": { "type": "Polygon", "coordinates": [ [ [ -71.6741021, -33.3683229 ], [ -71.6740865, -33.3684684 ], [ -71.6741977, -33.368476699999988 ], [ -71.6742133, -33.3683312 ], [ -71.6741021, -33.3683229 ] ] ] } },
{ "type": "Feature", "properties": { "osm_id": "way/1412654960", "name": null, "source": "OpenStreetMap/Overpass", "building": "house", "feature_type": "building", "nearest_transect_id": "T30", "erosion_rate_m_per_year": 1.581, "distance_to_shoreline_m": 405.8, "years_to_impact": 256.6, "risk_level": "bajo", "risk_explanation": "Impacto estimado después de 30 años", "horizon_years": 30, "exposed_length_m": null, "exposed_area_m2": 0.0 }, "geometry": { "type": "Polygon", "coordinates": [ [ [ -71.6768082, -33.3683511 ], [ -71.6766809, -33.3683396 ], [ -71.6766716, -33.368411 ], [ -71.6767989, -33.3684225 ], [ -71.6768082, -33.3683511 ] ] ] } },
{ "type": "Feature", "properties": { "osm_id": "way/1384244303", "name": "Unión Comunal Juntas de Vecino de Algarrobo", "source": "OpenStreetMap/Overpass", "building": "house", "feature_type": "building", "nearest_transect_id": "T27", "erosion_rate_m_per_year": 1.986, "distance_to_shoreline_m": 485.4, "years_to_impact": 244.3, "risk_level": "bajo", "risk_explanation": "Impacto estimado después de 30 años", "horizon_years": 30, "exposed_length_m": null, "exposed_area_m2": 0.0 }, "geometry": { "type": "Polygon", "coordinates": [ [ [ -71.6727454, -33.3682396 ], [ -71.672567, -33.3682256 ], [ -71.672553, -33.3683502 ], [ -71.6727313, -33.3683642 ], [ -71.6727454, -33.3682396 ] ] ] } },
{ "type": "Feature", "properties": { "osm_id": "way/1382693240", "name": null, "source": "OpenStreetMap/Overpass", "building": "house", "feature_type": "building", "nearest_transect_id": "T32", "erosion_rate_m_per_year": 1.235, "distance_to_shoreline_m": 404.3, "years_to_impact": 327.3, "risk_level": "bajo", "risk_explanation": "Impacto estimado después de 30 años", "horizon_years": 30, "exposed_length_m": null, "exposed_area_m2": 0.0 }, "geometry": { "type": "Polygon", "coordinates": [ [ [ -71.6776773, -33.3684527 ], [ -71.6776668, -33.3685327 ], [ -71.6778174, -33.368546499999979 ], [ -71.6778279, -33.3684665 ], [ -71.6778193, -33.3684657 ], [ -71.677824, -33.3684296 ], [ -71.6777578, -33.3684236 ], [ -71.6777531, -33.3684596 ], [ -71.6776773, -33.3684527 ] ] ] } },
{ "type": "Feature", "properties": { "osm_id": "way/1382693237", "name": null, "source": "OpenStreetMap/Overpass", "building": "house", "feature_type": "building", "nearest_transect_id": "T32", "erosion_rate_m_per_year": 1.235, "distance_to_shoreline_m": 403.5, "years_to_impact": 326.7, "risk_level": "bajo", "risk_explanation": "Impacto estimado después de 30 años", "horizon_years": 30, "exposed_length_m": null, "exposed_area_m2": 0.0 }, "geometry": { "type": "Polygon", "coordinates": [ [ [ -71.6771161, -33.368372299999983 ], [ -71.677106, -33.3684505 ], [ -71.6772273, -33.3684614 ], [ -71.6772375, -33.3683833 ], [ -71.6771161, -33.368372299999983 ] ] ] } },
{ "type": "Feature", "properties": { "osm_id": "way/1382665240", "name": null, "source": "OpenStreetMap/Overpass", "building": "house", "feature_type": "building", "nearest_transect_id": "T32", "erosion_rate_m_per_year": 1.235, "distance_to_shoreline_m": 372.3, "years_to_impact": 301.4, "risk_level": "bajo", "risk_explanation": "Impacto estimado después de 30 años", "horizon_years": 30, "exposed_length_m": null, "exposed_area_m2": 0.0 }, "geometry": { "type": "Polygon", "coordinates": [ [ [ -71.6779184, -33.3681387 ], [ -71.6779053, -33.3682399 ], [ -71.6780586, -33.3682537 ], [ -71.6780716, -33.3681525 ], [ -71.6779184, -33.3681387 ] ] ] } },
{ "type": "Feature", "properties": { "osm_id": "way/1382665241", "name": null, "source": "OpenStreetMap/Overpass", "building": "house", "feature_type": "building", "nearest_transect_id": "T32", "erosion_rate_m_per_year": 1.235, "distance_to_shoreline_m": 369.5, "years_to_impact": 299.1, "risk_level": "bajo", "risk_explanation": "Impacto estimado después de 30 años", "horizon_years": 30, "exposed_length_m": null, "exposed_area_m2": 0.0 }, "geometry": { "type": "Polygon", "coordinates": [ [ [ -71.6777608, -33.368109599999983 ], [ -71.6777444, -33.3682365 ], [ -71.6778608, -33.368247 ], [ -71.677877200000012, -33.3681201 ], [ -71.6777608, -33.368109599999983 ] ] ] } },
{ "type": "Feature", "properties": { "osm_id": "way/1382665243", "name": null, "source": "OpenStreetMap/Overpass", "building": "house", "feature_type": "building", "nearest_transect_id": "T32", "erosion_rate_m_per_year": 1.235, "distance_to_shoreline_m": 373.1, "years_to_impact": 302.1, "risk_level": "bajo", "risk_explanation": "Impacto estimado después de 30 años", "horizon_years": 30, "exposed_length_m": null, "exposed_area_m2": 0.0 }, "geometry": { "type": "Polygon", "coordinates": [ [ [ -71.6773442, -33.3681163 ], [ -71.6773313, -33.3682164 ], [ -71.6774726, -33.3682291 ], [ -71.6774856, -33.368129 ], [ -71.6773442, -33.3681163 ] ] ] } },
{ "type": "Feature", "properties": { "osm_id": "way/1382665242", "name": null, "source": "OpenStreetMap/Overpass", "building": "house", "feature_type": "building", "nearest_transect_id": "T32", "erosion_rate_m_per_year": 1.235, "distance_to_shoreline_m": 365.9, "years_to_impact": 296.3, "risk_level": "bajo", "risk_explanation": "Impacto estimado después de 30 años", "horizon_years": 30, "exposed_length_m": null, "exposed_area_m2": 0.0 }, "geometry": { "type": "Polygon", "coordinates": [ [ [ -71.6776032, -33.3680687 ], [ -71.6775835, -33.368222 ], [ -71.6776683, -33.3682296 ], [ -71.6776881, -33.3680764 ], [ -71.6776032, -33.3680687 ] ] ] } },
{ "type": "Feature", "properties": { "osm_id": "way/1384206077", "name": null, "source": "OpenStreetMap/Overpass", "building": "house", "feature_type": "building", "nearest_transect_id": "T32", "erosion_rate_m_per_year": 1.235, "distance_to_shoreline_m": 371.2, "years_to_impact": 300.5, "risk_level": "bajo", "risk_explanation": "Impacto estimado después de 30 años", "horizon_years": 30, "exposed_length_m": null, "exposed_area_m2": 0.0 }, "geometry": { "type": "Polygon", "coordinates": [ [ [ -71.6771526, -33.3680826 ], [ -71.677138200000016, -33.368194 ], [ -71.6772425, -33.3682034 ], [ -71.6772569, -33.3680921 ], [ -71.6771526, -33.3680826 ] ] ] } },
{ "type": "Feature", "properties": { "osm_id": "way/1412655003", "name": null, "source": "OpenStreetMap/Overpass", "building": "house", "feature_type": "building", "nearest_transect_id": "T32", "erosion_rate_m_per_year": 1.235, "distance_to_shoreline_m": 361.2, "years_to_impact": 292.5, "risk_level": "bajo", "risk_explanation": "Impacto estimado después de 30 años", "horizon_years": 30, "exposed_length_m": null, "exposed_area_m2": 0.0 }, "geometry": { "type": "Polygon", "coordinates": [ [ [ -71.677244700000017, -33.3680011 ], [ -71.6772342, -33.368081799999985 ], [ -71.6772773, -33.3680857 ], [ -71.6772759, -33.368096799999982 ], [ -71.6773824, -33.3681065 ], [ -71.6773944, -33.3680148 ], [ -71.677244700000017, -33.3680011 ] ] ] } },
{ "type": "Feature", "properties": { "osm_id": "way/1382693383", "name": null, "source": "OpenStreetMap/Overpass", "building": "house", "feature_type": "building", "nearest_transect_id": "T32", "erosion_rate_m_per_year": 1.235, "distance_to_shoreline_m": 346.7, "years_to_impact": 280.7, "risk_level": "bajo", "risk_explanation": "Impacto estimado después de 30 años", "horizon_years": 30, "exposed_length_m": null, "exposed_area_m2": 0.0 }, "geometry": { "type": "Polygon", "coordinates": [ [ [ -71.6779594, -33.3679085 ], [ -71.6779429, -33.3680394 ], [ -71.6780805, -33.3680516 ], [ -71.6780971, -33.3679207 ], [ -71.6779594, -33.3679085 ] ] ] } },
{ "type": "Feature", "properties": { "osm_id": "way/1382693382", "name": null, "source": "OpenStreetMap/Overpass", "building": "house", "feature_type": "building", "nearest_transect_id": "T32", "erosion_rate_m_per_year": 1.235, "distance_to_shoreline_m": 344.7, "years_to_impact": 279.1, "risk_level": "bajo", "risk_explanation": "Impacto estimado después de 30 años", "horizon_years": 30, "exposed_length_m": null, "exposed_area_m2": 0.0 }, "geometry": { "type": "Polygon", "coordinates": [ [ [ -71.6777647, -33.3678866 ], [ -71.6777471, -33.368026 ], [ -71.6778796, -33.3680377 ], [ -71.677897300000012, -33.3678983 ], [ -71.6777647, -33.3678866 ] ] ] } },
{ "type": "Feature", "properties": { "osm_id": "way/1384244292", "name": null, "source": "OpenStreetMap/Overpass", "building": "house", "feature_type": "building", "nearest_transect_id": "T28", "erosion_rate_m_per_year": 1.851, "distance_to_shoreline_m": 430.4, "years_to_impact": 232.5, "risk_level": "bajo", "risk_explanation": "Impacto estimado después de 30 años", "horizon_years": 30, "exposed_length_m": null, "exposed_area_m2": 0.0 }, "geometry": { "type": "Polygon", "coordinates": [ [ [ -71.6740601, -33.3681609 ], [ -71.6740067, -33.3681569 ], [ -71.6739967, -33.3682505 ], [ -71.6740805, -33.3682568 ], [ -71.6740906, -33.3681632 ], [ -71.6740601, -33.3681609 ] ] ] } },
{ "type": "Feature", "properties": { "osm_id": "way/1384244312", "name": null, "source": "OpenStreetMap/Overpass", "building": "house", "feature_type": "building", "nearest_transect_id": "T29", "erosion_rate_m_per_year": 1.716, "distance_to_shoreline_m": 413.4, "years_to_impact": 240.9, "risk_level": "bajo", "risk_explanation": "Impacto estimado después de 30 años", "horizon_years": 30, "exposed_length_m": null, "exposed_area_m2": 0.0 }, "geometry": { "type": "Polygon", "coordinates": [ [ [ -71.6747095, -33.3681873 ], [ -71.6745882, -33.3681425 ], [ -71.6745505, -33.3682136 ], [ -71.6746719, -33.3682584 ], [ -71.6747095, -33.3681873 ] ] ] } },
{ "type": "Feature", "properties": { "osm_id": "way/1384244315", "name": null, "source": "OpenStreetMap/Overpass", "building": "house", "feature_type": "building", "nearest_transect_id": "T29", "erosion_rate_m_per_year": 1.716, "distance_to_shoreline_m": 414.3, "years_to_impact": 241.4, "risk_level": "bajo", "risk_explanation": "Impacto estimado después de 30 años", "horizon_years": 30, "exposed_length_m": null, "exposed_area_m2": 0.0 }, "geometry": { "type": "Polygon", "coordinates": [ [ [ -71.6743838, -33.368112399999987 ], [ -71.6743684, -33.368256399999986 ], [ -71.6744627, -33.3682634 ], [ -71.6744781, -33.3681195 ], [ -71.6743838, -33.368112399999987 ] ] ] } },
{ "type": "Feature", "properties": { "osm_id": "way/1384244314", "name": null, "source": "OpenStreetMap/Overpass", "building": "house", "feature_type": "building", "nearest_transect_id": "T28", "erosion_rate_m_per_year": 1.851, "distance_to_shoreline_m": 417.7, "years_to_impact": 225.6, "risk_level": "bajo", "risk_explanation": "Impacto estimado después de 30 años", "horizon_years": 30, "exposed_length_m": null, "exposed_area_m2": 0.0 }, "geometry": { "type": "Polygon", "coordinates": [ [ [ -71.6741579, -33.3680922 ], [ -71.6741449, -33.368214099999989 ], [ -71.6742927, -33.3682252 ], [ -71.6743058, -33.3681033 ], [ -71.6741579, -33.3680922 ] ] ] } },
{ "type": "Feature", "properties": { "osm_id": "way/1384244291", "name": null, "source": "OpenStreetMap/Overpass", "building": "house", "feature_type": "building", "nearest_transect_id": "T28", "erosion_rate_m_per_year": 1.851, "distance_to_shoreline_m": 424.9, "years_to_impact": 229.5, "risk_level": "bajo", "risk_explanation": "Impacto estimado después de 30 años", "horizon_years": 30, "exposed_length_m": null, "exposed_area_m2": 0.0 }, "geometry": { "type": "Polygon", "coordinates": [ [ [ -71.6740662, -33.368104099999989 ], [ -71.6739048, -33.3680921 ], [ -71.6738958, -33.3681762 ], [ -71.6739833, -33.368182799999985 ], [ -71.6739862, -33.368155399999985 ], [ -71.6740067, -33.3681569 ], [ -71.6740601, -33.3681609 ], [ -71.6740662, -33.368104099999989 ] ] ] } },
{ "type": "Feature", "properties": { "osm_id": "way/1384244313", "name": null, "source": "OpenStreetMap/Overpass", "building": "house", "feature_type": "building", "nearest_transect_id": "T28", "erosion_rate_m_per_year": 1.851, "distance_to_shoreline_m": 426.3, "years_to_impact": 230.3, "risk_level": "bajo", "risk_explanation": "Impacto estimado después de 30 años", "horizon_years": 30, "exposed_length_m": null, "exposed_area_m2": 0.0 }, "geometry": { "type": "Polygon", "coordinates": [ [ [ -71.6737314, -33.3680422 ], [ -71.673718400000013, -33.3681637 ], [ -71.6738314, -33.368172199999989 ], [ -71.6738445, -33.3680506 ], [ -71.6737314, -33.3680422 ] ] ] } },
{ "type": "Feature", "properties": { "osm_id": "way/1382693379", "name": null, "source": "OpenStreetMap/Overpass", "building": "house", "feature_type": "building", "nearest_transect_id": "T30", "erosion_rate_m_per_year": 1.581, "distance_to_shoreline_m": 368.5, "years_to_impact": 233.0, "risk_level": "bajo", "risk_explanation": "Impacto estimado después de 30 años", "horizon_years": 30, "exposed_length_m": null, "exposed_area_m2": 0.0 }, "geometry": { "type": "Polygon", "coordinates": [ [ [ -71.6767564, -33.3680071 ], [ -71.6767386, -33.3681458 ], [ -71.676836, -33.3681546 ], [ -71.6768539, -33.3680159 ], [ -71.6767564, -33.3680071 ] ] ] } },
{ "type": "Feature", "properties": { "osm_id": "way/1382693378", "name": null, "source": "OpenStreetMap/Overpass", "building": "house", "feature_type": "building", "nearest_transect_id": "T30", "erosion_rate_m_per_year": 1.581, "distance_to_shoreline_m": 365.6, "years_to_impact": 231.2, "risk_level": "bajo", "risk_explanation": "Impacto estimado después de 30 años", "horizon_years": 30, "exposed_length_m": null, "exposed_area_m2": 0.0 }, "geometry": { "type": "Polygon", "coordinates": [ [ [ -71.6765124, -33.36796 ], [ -71.6764931, -33.36811 ], [ -71.6766039, -33.3681199 ], [ -71.6766232, -33.36797 ], [ -71.6765124, -33.36796 ] ] ] } },
{ "type": "Feature", "properties": { "osm_id": "way/1384206093", "name": null, "source": "OpenStreetMap/Overpass", "building": "house", "feature_type": "building", "nearest_transect_id": "T30", "erosion_rate_m_per_year": 1.581, "distance_to_shoreline_m": 347.0, "years_to_impact": 219.5, "risk_level": "bajo", "risk_explanation": "Impacto estimado después de 30 años", "horizon_years": 30, "exposed_length_m": null, "exposed_area_m2": 0.0 }, "geometry": { "type": "Polygon", "coordinates": [ [ [ -71.6768742, -33.367822 ], [ -71.676695, -33.3678059 ], [ -71.6766828, -33.367900699999986 ], [ -71.6768619, -33.3679168 ], [ -71.6768742, -33.367822 ] ] ] } },
{ "type": "Feature", "properties": { "osm_id": "way/1385998274", "name": null, "source": "OpenStreetMap/Overpass", "building": "house", "feature_type": "building", "nearest_transect_id": "T29", "erosion_rate_m_per_year": 1.716, "distance_to_shoreline_m": 374.6, "years_to_impact": 218.3, "risk_level": "bajo", "risk_explanation": "Impacto estimado después de 30 años", "horizon_years": 30, "exposed_length_m": null, "exposed_area_m2": 0.0 }, "geometry": { "type": "Polygon", "coordinates": [ [ [ -71.6744964, -33.3679032 ], [ -71.6745845, -33.3679097 ], [ -71.6745889, -33.3678683 ], [ -71.6746545, -33.3678731 ], [ -71.6746628, -33.3677943 ], [ -71.674509, -33.367783 ], [ -71.6744964, -33.3679032 ] ] ] } },
{ "type": "Feature", "properties": { "osm_id": "way/1384244290", "name": null, "source": "OpenStreetMap/Overpass", "building": "house", "feature_type": "building", "nearest_transect_id": "T28", "erosion_rate_m_per_year": 1.851, "distance_to_shoreline_m": 378.1, "years_to_impact": 204.3, "risk_level": "bajo", "risk_explanation": "Impacto estimado después de 30 años", "horizon_years": 30, "exposed_length_m": null, "exposed_area_m2": 0.0 }, "geometry": { "type": "Polygon", "coordinates": [ [ [ -71.6744717, -33.3678953 ], [ -71.6744775, -33.3678412 ], [ -71.6744609, -33.3678399 ], [ -71.6744681, -33.3677728 ], [ -71.6743743, -33.3677659 ], [ -71.6743615, -33.3678871 ], [ -71.6744717, -33.3678953 ] ] ] } },
{ "type": "Feature", "properties": { "osm_id": "way/1384244309", "name": null, "source": "OpenStreetMap/Overpass", "building": "house", "feature_type": "building", "nearest_transect_id": "T28", "erosion_rate_m_per_year": 1.851, "distance_to_shoreline_m": 381.9, "years_to_impact": 206.3, "risk_level": "bajo", "risk_explanation": "Impacto estimado después de 30 años", "horizon_years": 30, "exposed_length_m": null, "exposed_area_m2": 0.0 }, "geometry": { "type": "Polygon", "coordinates": [ [ [ -71.6741554, -33.3678723 ], [ -71.6742495, -33.3678792 ], [ -71.6742631, -33.3677507 ], [ -71.674169, -33.3677437 ], [ -71.6741554, -33.3678723 ] ] ] } },
{ "type": "Feature", "properties": { "osm_id": "way/1384244310", "name": null, "source": "OpenStreetMap/Overpass", "building": "house", "feature_type": "building", "nearest_transect_id": "T28", "erosion_rate_m_per_year": 1.851, "distance_to_shoreline_m": 392.6, "years_to_impact": 212.1, "risk_level": "bajo", "risk_explanation": "Impacto estimado después de 30 años", "horizon_years": 30, "exposed_length_m": null, "exposed_area_m2": 0.0 }, "geometry": { "type": "Polygon", "coordinates": [ [ [ -71.6737746, -33.3677299 ], [ -71.67376, -33.367868 ], [ -71.6738714, -33.3678763 ], [ -71.673886, -33.3677381 ], [ -71.6737746, -33.3677299 ] ] ] } },
{ "type": "Feature", "properties": { "osm_id": "way/1384244311", "name": null, "source": "OpenStreetMap/Overpass", "building": "house", "feature_type": "building", "nearest_transect_id": "T28", "erosion_rate_m_per_year": 1.851, "distance_to_shoreline_m": 388.1, "years_to_impact": 209.6, "risk_level": "bajo", "risk_explanation": "Impacto estimado después de 30 años", "horizon_years": 30, "exposed_length_m": null, "exposed_area_m2": 0.0 }, "geometry": { "type": "Polygon", "coordinates": [ [ [ -71.6739438, -33.3677407 ], [ -71.6739317, -33.3678544 ], [ -71.6740409, -33.3678624 ], [ -71.674053, -33.3677488 ], [ -71.6739438, -33.3677407 ] ] ] } },
{ "type": "Feature", "properties": { "osm_id": "way/1384244305", "name": "Café Edelweiss", "source": "OpenStreetMap/Overpass", "building": "house", "feature_type": "building", "nearest_transect_id": "T27", "erosion_rate_m_per_year": 1.986, "distance_to_shoreline_m": 401.8, "years_to_impact": 202.2, "risk_level": "bajo", "risk_explanation": "Impacto estimado después de 30 años", "horizon_years": 30, "exposed_length_m": null, "exposed_area_m2": 0.0 }, "geometry": { "type": "Polygon", "coordinates": [ [ [ -71.6732793, -33.3676455 ], [ -71.6732666, -33.3678046 ], [ -71.6733804, -33.3678109 ], [ -71.6733932, -33.3676519 ], [ -71.6732793, -33.3676455 ] ] ] } },
{ "type": "Feature", "properties": { "osm_id": "way/1412655001", "name": null, "source": "OpenStreetMap/Overpass", "building": "house", "feature_type": "building", "nearest_transect_id": "T30", "erosion_rate_m_per_year": 1.581, "distance_to_shoreline_m": 329.6, "years_to_impact": 208.4, "risk_level": "bajo", "risk_explanation": "Impacto estimado después de 30 años", "horizon_years": 30, "exposed_length_m": null, "exposed_area_m2": 0.0 }, "geometry": { "type": "Polygon", "coordinates": [ [ [ -71.6768936, -33.3676645 ], [ -71.6767158, -33.3676485 ], [ -71.6767029, -33.3677479 ], [ -71.6768807, -33.3677639 ], [ -71.6768936, -33.3676645 ] ] ] } },
{ "type": "Feature", "properties": { "osm_id": "way/1412654999", "name": null, "source": "OpenStreetMap/Overpass", "building": "house", "feature_type": "building", "nearest_transect_id": "T30", "erosion_rate_m_per_year": 1.581, "distance_to_shoreline_m": 324.8, "years_to_impact": 205.4, "risk_level": "bajo", "risk_explanation": "Impacto estimado después de 30 años", "horizon_years": 30, "exposed_length_m": null, "exposed_area_m2": 0.0 }, "geometry": { "type": "Polygon", "coordinates": [ [ [ -71.6766217, -33.3675998 ], [ -71.6765414, -33.3675925 ], [ -71.676537, -33.3676268 ], [ -71.6764301, -33.3676172 ], [ -71.67642, -33.3676955 ], [ -71.6766071, -33.3677124 ], [ -71.6766217, -33.3675998 ] ] ] } },
{ "type": "Feature", "properties": { "osm_id": "way/1384244295", "name": null, "source": "OpenStreetMap/Overpass", "building": "house", "feature_type": "building", "nearest_transect_id": "T28", "erosion_rate_m_per_year": 1.851, "distance_to_shoreline_m": 355.7, "years_to_impact": 192.1, "risk_level": "bajo", "risk_explanation": "Impacto estimado después de 30 años", "horizon_years": 30, "exposed_length_m": null, "exposed_area_m2": 0.0 }, "geometry": { "type": "Polygon", "coordinates": [ [ [ -71.6742135, -33.3675161 ], [ -71.6742052, -33.3675936 ], [ -71.6743438, -33.367604 ], [ -71.6743521, -33.3675264 ], [ -71.6742135, -33.3675161 ] ] ] } },
{ "type": "Feature", "properties": { "osm_id": "way/1153388537", "name": null, "source": "OpenStreetMap/Overpass", "building": "civic", "feature_type": "building", "nearest_transect_id": "T28", "erosion_rate_m_per_year": 1.851, "distance_to_shoreline_m": 359.2, "years_to_impact": 194.0, "risk_level": "bajo", "risk_explanation": "Impacto estimado después de 30 años", "horizon_years": 30, "exposed_length_m": null, "exposed_area_m2": 0.0 }, "geometry": { "type": "Polygon", "coordinates": [ [ [ -71.673808, -33.367461899999988 ], [ -71.6737922, -33.3676095 ], [ -71.6740781, -33.3676309 ], [ -71.674094, -33.3674834 ], [ -71.673808, -33.367461899999988 ] ] ] } },
{ "type": "Feature", "properties": { "osm_id": "way/1412655000", "name": null, "source": "OpenStreetMap/Overpass", "building": "house", "feature_type": "building", "nearest_transect_id": "T30", "erosion_rate_m_per_year": 1.581, "distance_to_shoreline_m": 309.8, "years_to_impact": 195.9, "risk_level": "bajo", "risk_explanation": "Impacto estimado después de 30 años", "horizon_years": 30, "exposed_length_m": null, "exposed_area_m2": 0.0 }, "geometry": { "type": "Polygon", "coordinates": [ [ [ -71.6768159, -33.367477 ], [ -71.6768016, -33.367588 ], [ -71.6769026, -33.3675971 ], [ -71.6769169, -33.3674861 ], [ -71.6768159, -33.367477 ] ] ] } },
{ "type": "Feature", "properties": { "osm_id": "way/1384244304", "name": null, "source": "OpenStreetMap/Overpass", "building": "house", "feature_type": "building", "nearest_transect_id": "T27", "erosion_rate_m_per_year": 1.986, "distance_to_shoreline_m": 380.6, "years_to_impact": 191.6, "risk_level": "bajo", "risk_explanation": "Impacto estimado después de 30 años", "horizon_years": 30, "exposed_length_m": null, "exposed_area_m2": 0.0 }, "geometry": { "type": "Polygon", "coordinates": [ [ [ -71.6733245, -33.3674469 ], [ -71.6733161, -33.3675516 ], [ -71.6734062, -33.3675567 ], [ -71.6734146, -33.367452 ], [ -71.6733245, -33.3674469 ] ] ] } },
{ "type": "Feature", "properties": { "osm_id": "way/1385998306", "name": null, "source": "OpenStreetMap/Overpass", "building": "house", "feature_type": "building", "nearest_transect_id": "T31", "erosion_rate_m_per_year": 1.424, "distance_to_shoreline_m": 290.7, "years_to_impact": 204.1, "risk_level": "bajo", "risk_explanation": "Impacto estimado después de 30 años", "horizon_years": 30, "exposed_length_m": null, "exposed_area_m2": 0.0 }, "geometry": { "type": "Polygon", "coordinates": [ [ [ -71.6768182, -33.367392100000018 ], [ -71.6768136, -33.3674277 ], [ -71.6769089, -33.3674363 ], [ -71.6769154, -33.3673858 ], [ -71.676935, -33.3673876 ], [ -71.6769436, -33.3673206 ], [ -71.6768906, -33.3673158 ], [ -71.6768918, -33.3673062 ], [ -71.6767433, -33.367292899999988 ], [ -71.6767289, -33.3674048 ], [ -71.6767801, -33.3674094 ], [ -71.6767828, -33.3673889 ], [ -71.6768182, -33.367392100000018 ] ] ] } },
{ "type": "Feature", "properties": { "osm_id": "way/1382693377", "name": null, "source": "OpenStreetMap/Overpass", "building": "house", "feature_type": "building", "nearest_transect_id": "T30", "erosion_rate_m_per_year": 1.581, "distance_to_shoreline_m": 290.1, "years_to_impact": 183.5, "risk_level": "bajo", "risk_explanation": "Impacto estimado después de 30 años", "horizon_years": 30, "exposed_length_m": null, "exposed_area_m2": 0.0 }, "geometry": { "type": "Polygon", "coordinates": [ [ [ -71.6765049, -33.3672788 ], [ -71.6764905, -33.3673909 ], [ -71.676641, -33.3674044 ], [ -71.6766554, -33.3672923 ], [ -71.6765049, -33.3672788 ] ] ] } },
{ "type": "Feature", "properties": { "osm_id": "way/1385998282", "name": null, "source": "OpenStreetMap/Overpass", "building": "house", "feature_type": "building", "nearest_transect_id": "T31", "erosion_rate_m_per_year": 1.424, "distance_to_shoreline_m": 272.4, "years_to_impact": 191.2, "risk_level": "bajo", "risk_explanation": "Impacto estimado después de 30 años", "horizon_years": 30, "exposed_length_m": null, "exposed_area_m2": 0.0 }, "geometry": { "type": "Polygon", "coordinates": [ [ [ -71.6769639, -33.3671492 ], [ -71.676868, -33.3671406 ], [ -71.6768627, -33.3671815 ], [ -71.6768066, -33.3671764 ], [ -71.6768117, -33.367137200000016 ], [ -71.6767617, -33.3671327 ], [ -71.6767471, -33.3672462 ], [ -71.6769491, -33.3672643 ], [ -71.6769639, -33.3671492 ] ] ] } },
{ "type": "Feature", "properties": { "osm_id": "way/1412654998", "name": null, "source": "OpenStreetMap/Overpass", "building": "house", "feature_type": "building", "nearest_transect_id": "T30", "erosion_rate_m_per_year": 1.581, "distance_to_shoreline_m": 270.0, "years_to_impact": 170.8, "risk_level": "bajo", "risk_explanation": "Impacto estimado después de 30 años", "horizon_years": 30, "exposed_length_m": null, "exposed_area_m2": 0.0 }, "geometry": { "type": "Polygon", "coordinates": [ [ [ -71.6766629, -33.3671091 ], [ -71.6765454, -33.3670986 ], [ -71.6765325, -33.3671989 ], [ -71.67665, -33.367209499999987 ], [ -71.6766629, -33.3671091 ] ] ] } },
{ "type": "Feature", "properties": { "osm_id": "way/1153388536", "name": null, "source": "OpenStreetMap/Overpass", "building": "civic", "feature_type": "building", "nearest_transect_id": "T27", "erosion_rate_m_per_year": 1.986, "distance_to_shoreline_m": 330.6, "years_to_impact": 166.4, "risk_level": "bajo", "risk_explanation": "Impacto estimado después de 30 años", "horizon_years": 30, "exposed_length_m": null, "exposed_area_m2": 0.0 }, "geometry": { "type": "Polygon", "coordinates": [ [ [ -71.6730459, -33.3669715 ], [ -71.6732789, -33.3672396 ], [ -71.6734336, -33.3671458 ], [ -71.673354, -33.3670542 ], [ -71.6733093, -33.367081300000017 ], [ -71.673216100000019, -33.366974 ], [ -71.6732524, -33.366952 ], [ -71.6731922, -33.3668828 ], [ -71.6730459, -33.3669715 ] ] ] } },
{ "type": "Feature", "properties": { "osm_id": "way/1384244297", "name": null, "source": "OpenStreetMap/Overpass", "building": "house", "feature_type": "building", "nearest_transect_id": "T24", "erosion_rate_m_per_year": 2.314, "distance_to_shoreline_m": 424.6, "years_to_impact": 183.5, "risk_level": "bajo", "risk_explanation": "Impacto estimado después de 30 años", "horizon_years": 30, "exposed_length_m": null, "exposed_area_m2": 0.0 }, "geometry": { "type": "Polygon", "coordinates": [ [ [ -71.6709268, -33.3668827 ], [ -71.6707954, -33.366828400000017 ], [ -71.6707432, -33.3669166 ], [ -71.6708746, -33.3669709 ], [ -71.6709268, -33.3668827 ] ] ] } },
{ "type": "Feature", "properties": { "osm_id": "way/1385998281", "name": null, "source": "OpenStreetMap/Overpass", "building": "house", "feature_type": "building", "nearest_transect_id": "T30", "erosion_rate_m_per_year": 1.581, "distance_to_shoreline_m": 234.5, "years_to_impact": 148.3, "risk_level": "bajo", "risk_explanation": "Impacto estimado después de 30 años", "horizon_years": 30, "exposed_length_m": null, "exposed_area_m2": 0.0 }, "geometry": { "type": "Polygon", "coordinates": [ [ [ -71.6765696, -33.3667794 ], [ -71.6765556, -33.36687040000001 ], [ -71.67668, -33.3668837 ], [ -71.676683, -33.3668643 ], [ -71.6767678, -33.3668734 ], [ -71.6767788, -33.3668018 ], [ -71.6765696, -33.3667794 ] ] ] } },
{ "type": "Feature", "properties": { "osm_id": "way/1385998287", "name": null, "source": "OpenStreetMap/Overpass", "building": "house", "feature_type": "building", "nearest_transect_id": "T31", "erosion_rate_m_per_year": 1.424, "distance_to_shoreline_m": 221.0, "years_to_impact": 155.1, "risk_level": "bajo", "risk_explanation": "Impacto estimado después de 30 años", "horizon_years": 30, "exposed_length_m": null, "exposed_area_m2": 0.0 }, "geometry": { "type": "Polygon", "coordinates": [ [ [ -71.6768067, -33.3667496 ], [ -71.6768881, -33.366762599999987 ], [ -71.6769072, -33.3666792 ], [ -71.6768257, -33.3666662 ], [ -71.6768067, -33.3667496 ] ] ] } },
{ "type": "Feature", "properties": { "osm_id": "way/1385998313", "name": null, "source": "OpenStreetMap/Overpass", "building": "house", "feature_type": "building", "nearest_transect_id": "T30", "erosion_rate_m_per_year": 1.581, "distance_to_shoreline_m": 210.4, "years_to_impact": 133.0, "risk_level": "bajo", "risk_explanation": "Impacto estimado después de 30 años", "horizon_years": 30, "exposed_length_m": null, "exposed_area_m2": 0.0 }, "geometry": { "type": "Polygon", "coordinates": [ [ [ -71.6766169, -33.3665632 ], [ -71.6765984, -33.3667071 ], [ -71.6766926, -33.366715599999985 ], [ -71.6767111, -33.3665716 ], [ -71.6766169, -33.3665632 ] ] ] } },
{ "type": "Feature", "properties": { "osm_id": "way/1385998308", "name": null, "source": "OpenStreetMap/Overpass", "building": "house", "feature_type": "building", "nearest_transect_id": "T35", "erosion_rate_m_per_year": 0.63, "distance_to_shoreline_m": 196.7, "years_to_impact": 312.4, "risk_level": "bajo", "risk_explanation": "Impacto estimado después de 30 años", "horizon_years": 30, "exposed_length_m": null, "exposed_area_m2": 0.0 }, "geometry": { "type": "Polygon", "coordinates": [ [ [ -71.6779828, -33.3665793 ], [ -71.6778979, -33.3666886 ], [ -71.6779975, -33.366742499999987 ], [ -71.6780303, -33.3667003 ], [ -71.6780575, -33.366715 ], [ -71.678144, -33.366603499999982 ], [ -71.6780526, -33.3665541 ], [ -71.6780182, -33.3665985 ], [ -71.6779828, -33.3665793 ] ] ] } },
{ "type": "Feature", "properties": { "osm_id": "way/1385998288", "name": null, "source": "OpenStreetMap/Overpass", "building": "house", "feature_type": "building", "nearest_transect_id": "T31", "erosion_rate_m_per_year": 1.424, "distance_to_shoreline_m": 209.4, "years_to_impact": 147.0, "risk_level": "bajo", "risk_explanation": "Impacto estimado después de 30 años", "horizon_years": 30, "exposed_length_m": null, "exposed_area_m2": 0.0 }, "geometry": { "type": "Polygon", "coordinates": [ [ [ -71.6770882, -33.3666003 ], [ -71.6768495, -33.3665622 ], [ -71.6768257, -33.3666662 ], [ -71.6769072, -33.3666792 ], [ -71.6770644, -33.3667043 ], [ -71.6770882, -33.3666003 ] ] ] } },
{ "type": "Feature", "properties": { "osm_id": "way/1385998296", "name": null, "source": "OpenStreetMap/Overpass", "building": "house", "feature_type": "building", "nearest_transect_id": "T32", "erosion_rate_m_per_year": 1.235, "distance_to_shoreline_m": 194.9, "years_to_impact": 157.8, "risk_level": "bajo", "risk_explanation": "Impacto estimado después de 30 años", "horizon_years": 30, "exposed_length_m": null, "exposed_area_m2": 0.0 }, "geometry": { "type": "Polygon", "coordinates": [ [ [ -71.6778791, -33.3665863 ], [ -71.6777074, -33.3665291 ], [ -71.677658600000015, -33.3666315 ], [ -71.677830200000017, -33.3666886 ], [ -71.6778791, -33.3665863 ] ] ] } },
{ "type": "Feature", "properties": { "osm_id": "way/1385998286", "name": null, "source": "OpenStreetMap/Overpass", "building": "house", "feature_type": "building", "nearest_transect_id": "T32", "erosion_rate_m_per_year": 1.235, "distance_to_shoreline_m": 176.3, "years_to_impact": 142.7, "risk_level": "bajo", "risk_explanation": "Impacto estimado después de 30 años", "horizon_years": 30, "exposed_length_m": null, "exposed_area_m2": 0.0 }, "geometry": { "type": "Polygon", "coordinates": [ [ [ -71.6776651, -33.366417 ], [ -71.6775404, -33.3663498 ], [ -71.6774829, -33.3664243 ], [ -71.6776076, -33.3664915 ], [ -71.6776651, -33.366417 ] ] ] } },
{ "type": "Feature", "properties": { "osm_id": "way/1385998302", "name": null, "source": "OpenStreetMap/Overpass", "building": "house", "feature_type": "building", "nearest_transect_id": "T35", "erosion_rate_m_per_year": 0.63, "distance_to_shoreline_m": 153.2, "years_to_impact": 243.3, "risk_level": "bajo", "risk_explanation": "Impacto estimado después de 30 años", "horizon_years": 30, "exposed_length_m": null, "exposed_area_m2": 0.0 }, "geometry": { "type": "Polygon", "coordinates": [ [ [ -71.6780102, -33.3661634 ], [ -71.6779536, -33.3662356 ], [ -71.6780579, -33.3662926 ], [ -71.6781145, -33.366220500000011 ], [ -71.6780102, -33.3661634 ] ] ] } },
{ "type": "Feature", "properties": { "osm_id": "way/1385998301", "name": null, "source": "OpenStreetMap/Overpass", "building": "house", "feature_type": "building", "nearest_transect_id": "T32", "erosion_rate_m_per_year": 1.235, "distance_to_shoreline_m": 143.0, "years_to_impact": 115.8, "risk_level": "bajo", "risk_explanation": "Impacto estimado después de 30 años", "horizon_years": 30, "exposed_length_m": null, "exposed_area_m2": 0.0 }, "geometry": { "type": "Polygon", "coordinates": [ [ [ -71.6778918, -33.3660712 ], [ -71.677845, -33.366130899999987 ], [ -71.677868, -33.3661434 ], [ -71.677855, -33.36616 ], [ -71.6779227, -33.366197 ], [ -71.6779824, -33.3661208 ], [ -71.6778918, -33.3660712 ] ] ] } },
{ "type": "Feature", "properties": { "osm_id": "way/1385998299", "name": null, "source": "OpenStreetMap/Overpass", "building": "house", "feature_type": "building", "nearest_transect_id": "T35", "erosion_rate_m_per_year": 0.63, "distance_to_shoreline_m": 141.8, "years_to_impact": 225.1, "risk_level": "bajo", "risk_explanation": "Impacto estimado después de 30 años", "horizon_years": 30, "exposed_length_m": null, "exposed_area_m2": 0.0 }, "geometry": { "type": "Polygon", "coordinates": [ [ [ -71.6780649, -33.366115799999989 ], [ -71.6781662, -33.3661712 ], [ -71.6782145, -33.3661095 ], [ -71.6781132, -33.3660541 ], [ -71.6780649, -33.366115799999989 ] ] ] } },
{ "type": "Feature", "properties": { "osm_id": "way/1385998289", "name": null, "source": "OpenStreetMap/Overpass", "building": "house", "feature_type": "building", "nearest_transect_id": "T31", "erosion_rate_m_per_year": 1.424, "distance_to_shoreline_m": 149.2, "years_to_impact": 104.7, "risk_level": "bajo", "risk_explanation": "Impacto estimado después de 30 años", "horizon_years": 30, "exposed_length_m": null, "exposed_area_m2": 0.0 }, "geometry": { "type": "Polygon", "coordinates": [ [ [ -71.6769746, -33.3660306 ], [ -71.676917, -33.3661041 ], [ -71.6770704, -33.3661881 ], [ -71.6771087, -33.3661393 ], [ -71.6770799, -33.3661235 ], [ -71.677136, -33.366052 ], [ -71.6770691, -33.36601550000001 ], [ -71.67703250000001, -33.3660623 ], [ -71.6769746, -33.3660306 ] ] ] } },
{ "type": "Feature", "properties": { "osm_id": "way/1385998297", "name": null, "source": "OpenStreetMap/Overpass", "building": "house", "feature_type": "building", "nearest_transect_id": "T32", "erosion_rate_m_per_year": 1.235, "distance_to_shoreline_m": 134.0, "years_to_impact": 108.5, "risk_level": "bajo", "risk_explanation": "Impacto estimado después de 30 años", "horizon_years": 30, "exposed_length_m": null, "exposed_area_m2": 0.0 }, "geometry": { "type": "Polygon", "coordinates": [ [ [ -71.6777444, -33.3659812 ], [ -71.6776612, -33.366087199999988 ], [ -71.6777603, -33.366141399999989 ], [ -71.6777967, -33.366095 ], [ -71.6777788, -33.3660852 ], [ -71.6778255, -33.3660256 ], [ -71.6777444, -33.3659812 ] ] ] } },
{ "type": "Feature", "properties": { "osm_id": "way/1385998300", "name": null, "source": "OpenStreetMap/Overpass", "building": "house", "feature_type": "building", "nearest_transect_id": "T32", "erosion_rate_m_per_year": 1.235, "distance_to_shoreline_m": 132.1, "years_to_impact": 106.9, "risk_level": "bajo", "risk_explanation": "Impacto estimado después de 30 años", "horizon_years": 30, "exposed_length_m": null, "exposed_area_m2": 0.0 }, "geometry": { "type": "Polygon", "coordinates": [ [ [ -71.6780152, -33.3661175 ], [ -71.678085, -33.3660284 ], [ -71.6779846, -33.3659734 ], [ -71.6779147, -33.3660625 ], [ -71.6780152, -33.3661175 ] ] ] } },
{ "type": "Feature", "properties": { "osm_id": "way/195841876", "name": "Lider Express", "source": "OpenStreetMap/Overpass", "building": "supermarket", "feature_type": "building", "nearest_transect_id": "T24", "erosion_rate_m_per_year": 2.314, "distance_to_shoreline_m": 688.5, "years_to_impact": 297.6, "risk_level": "bajo", "risk_explanation": "Impacto estimado después de 30 años", "horizon_years": 30, "exposed_length_m": null, "exposed_area_m2": 0.0 }, "geometry": { "type": "Polygon", "coordinates": [ [ [ -71.6693657, -33.3689213 ], [ -71.6687591, -33.3686519 ], [ -71.6686788, -33.3687781 ], [ -71.6692549, -33.369034 ], [ -71.6690667, -33.3693296 ], [ -71.669126, -33.369356 ], [ -71.6690213, -33.369509 ], [ -71.6692889, -33.3697155 ], [ -71.6696142, -33.3695421 ], [ -71.6698818, -33.3691505 ], [ -71.6693657, -33.3689213 ] ] ] } },
{ "type": "Feature", "properties": { "osm_id": "way/1042325193", "name": "Centro de Encuentro y Rehabilitación", "source": "OpenStreetMap/Overpass", "building": "yes", "feature_type": "building", "nearest_transect_id": "T07", "erosion_rate_m_per_year": 0.111, "distance_to_shoreline_m": 890.7, "years_to_impact": 8038.2, "risk_level": "bajo", "risk_explanation": "Impacto estimado después de 30 años", "horizon_years": 30, "exposed_length_m": null, "exposed_area_m2": 0.0 }, "geometry": { "type": "Polygon", "coordinates": [ [ [ -71.6629045, -33.3685219 ], [ -71.6629133, -33.36852540000001 ], [ -71.6629361, -33.3685137 ], [ -71.6629423, -33.3685012 ], [ -71.662951100000015, -33.3684234 ], [ -71.6629718, -33.3684195 ], [ -71.6629842, -33.3683979 ], [ -71.6629847, -33.3683798 ], [ -71.6630256, -33.3683318 ], [ -71.6630318, -33.3682995 ], [ -71.6630033, -33.3682783 ], [ -71.663037500000016, -33.3682351 ], [ -71.662994500000011, -33.3682105 ], [ -71.6629283, -33.3682869 ], [ -71.6629071, -33.3682761 ], [ -71.6628885, -33.368388399999986 ], [ -71.662772700000019, -33.3685236 ], [ -71.6627975, -33.368537 ], [ -71.6628047, -33.3685262 ], [ -71.6628944, -33.3685712 ], [ -71.6629045, -33.3685219 ] ] ] } },
{ "type": "Feature", "properties": { "osm_id": "way/1384244298", "name": null, "source": "OpenStreetMap/Overpass", "building": "house", "feature_type": "building", "nearest_transect_id": "T24", "erosion_rate_m_per_year": 2.314, "distance_to_shoreline_m": 495.0, "years_to_impact": 214.0, "risk_level": "bajo", "risk_explanation": "Impacto estimado después de 30 años", "horizon_years": 30, "exposed_length_m": null, "exposed_area_m2": 0.0 }, "geometry": { "type": "Polygon", "coordinates": [ [ [ -71.670445, -33.3673765 ], [ -71.6703702, -33.367345199999988 ], [ -71.6703397, -33.3673961 ], [ -71.6702818, -33.367371899999988 ], [ -71.6702483, -33.36742790000001 ], [ -71.6703811, -33.3674833 ], [ -71.670445, -33.3673765 ] ] ] } },
{ "type": "Feature", "properties": { "osm_id": "way/1385998273", "name": null, "source": "OpenStreetMap/Overpass", "building": "house", "feature_type": "building", "nearest_transect_id": "T24", "erosion_rate_m_per_year": 2.314, "distance_to_shoreline_m": 453.5, "years_to_impact": 196.0, "risk_level": "bajo", "risk_explanation": "Impacto estimado después de 30 años", "horizon_years": 30, "exposed_length_m": null, "exposed_area_m2": 0.0 }, "geometry": { "type": "Polygon", "coordinates": [ [ [ -71.6706958, -33.3670673 ], [ -71.6706428, -33.3670444 ], [ -71.6706329, -33.3670604 ], [ -71.6705477, -33.3670234 ], [ -71.6704957, -33.367107 ], [ -71.6706339, -33.3671669 ], [ -71.6706958, -33.3670673 ] ] ] } },
{ "type": "Feature", "properties": { "osm_id": "way/1385998272", "name": null, "source": "OpenStreetMap/Overpass", "building": "house", "feature_type": "building", "nearest_transect_id": "T24", "erosion_rate_m_per_year": 2.314, "distance_to_shoreline_m": 452.5, "years_to_impact": 195.6, "risk_level": "bajo", "risk_explanation": "Impacto estimado después de 30 años", "horizon_years": 30, "exposed_length_m": null, "exposed_area_m2": 0.0 }, "geometry": { "type": "Polygon", "coordinates": [ [ [ -71.6705477, -33.3670234 ], [ -71.6705705, -33.3669868 ], [ -71.6703931, -33.3669099 ], [ -71.6703184, -33.36703 ], [ -71.6704957, -33.367107 ], [ -71.6705477, -33.3670234 ] ] ] } },
{ "type": "Feature", "properties": { "osm_id": "way/1384244306", "name": null, "source": "OpenStreetMap/Overpass", "building": "house", "feature_type": "building", "nearest_transect_id": "T24", "erosion_rate_m_per_year": 2.314, "distance_to_shoreline_m": 390.8, "years_to_impact": 168.9, "risk_level": "bajo", "risk_explanation": "Impacto estimado después de 30 años", "horizon_years": 30, "exposed_length_m": null, "exposed_area_m2": 0.0 }, "geometry": { "type": "Polygon", "coordinates": [ [ [ -71.670655, -33.3663727 ], [ -71.6705873, -33.3664746 ], [ -71.6706721, -33.3665139 ], [ -71.6707398, -33.366412 ], [ -71.670655, -33.3663727 ] ] ] } },
{ "type": "Feature", "properties": { "osm_id": "way/453435650", "name": "CESFAM Algarrobo", "source": "OpenStreetMap/Overpass", "building": "hospital", "feature_type": "building", "nearest_transect_id": "T23", "erosion_rate_m_per_year": 2.368, "distance_to_shoreline_m": 460.1, "years_to_impact": 194.3, "risk_level": "bajo", "risk_explanation": "Impacto estimado después de 30 años", "horizon_years": 30, "exposed_length_m": null, "exposed_area_m2": 0.0 }, "geometry": { "type": "Polygon", "coordinates": [ [ [ -71.6689615, -33.3658528 ], [ -71.6681995, -33.3660843 ], [ -71.6682643, -33.3662331 ], [ -71.6690263, -33.3660016 ], [ -71.6689615, -33.3658528 ] ] ] } },
{ "type": "Feature", "properties": { "osm_id": "way/453435649", "name": null, "source": "OpenStreetMap/Overpass", "building": "church", "feature_type": "building", "nearest_transect_id": "T23", "erosion_rate_m_per_year": 2.368, "distance_to_shoreline_m": 304.9, "years_to_impact": 128.8, "risk_level": "bajo", "risk_explanation": "Impacto estimado después de 30 años", "horizon_years": 30, "exposed_length_m": null, "exposed_area_m2": 0.0 }, "geometry": { "type": "Polygon", "coordinates": [ [ [ -71.6706294, -33.3653652 ], [ -71.6704132, -33.3656246 ], [ -71.6705532, -33.365706 ], [ -71.6707695, -33.3654467 ], [ -71.6706294, -33.3653652 ] ] ] } },
{ "type": "Feature", "properties": { "osm_id": "way/1237970853", "name": null, "source": "OpenStreetMap/Overpass", "building": "civic", "feature_type": "building", "nearest_transect_id": "T22", "erosion_rate_m_per_year": 2.205, "distance_to_shoreline_m": 443.1, "years_to_impact": 200.9, "risk_level": "bajo", "risk_explanation": "Impacto estimado después de 30 años", "horizon_years": 30, "exposed_length_m": null, "exposed_area_m2": 0.0 }, "geometry": { "type": "Polygon", "coordinates": [ [ [ -71.6684308, -33.3651918 ], [ -71.6683535, -33.3653261 ], [ -71.6686166, -33.3654318 ], [ -71.6686939, -33.365297499999983 ], [ -71.6684308, -33.3651918 ] ] ] } },
{ "type": "Feature", "properties": { "osm_id": "way/453435651", "name": "Maritim", "source": "OpenStreetMap/Overpass", "building": "apartments", "feature_type": "building", "nearest_transect_id": "T21", "erosion_rate_m_per_year": 2.043, "distance_to_shoreline_m": 172.8, "years_to_impact": 84.6, "risk_level": "bajo", "risk_explanation": "Impacto estimado después de 30 años", "horizon_years": 30, "exposed_length_m": null, "exposed_area_m2": 0.0 }, "geometry": { "type": "Polygon", "coordinates": [ [ [ -71.6703665, -33.362944 ], [ -71.6703594, -33.362916099999985 ], [ -71.6703255, -33.3629221 ], [ -71.6703322, -33.3629482 ], [ -71.6702885, -33.362956 ], [ -71.670413, -33.3634465 ], [ -71.6705515, -33.363422 ], [ -71.6704275, -33.3629332 ], [ -71.6703665, -33.362944 ] ] ] } },
{ "type": "Feature", "properties": { "osm_id": "way/1384244308", "name": null, "source": "OpenStreetMap/Overpass", "building": "house", "feature_type": "building", "nearest_transect_id": "T24", "erosion_rate_m_per_year": 2.314, "distance_to_shoreline_m": 379.9, "years_to_impact": 164.2, "risk_level": "bajo", "risk_explanation": "Impacto estimado después de 30 años", "horizon_years": 30, "exposed_length_m": null, "exposed_area_m2": 0.0 }, "geometry": { "type": "Polygon", "coordinates": [ [ [ -71.6710129, -33.3665057 ], [ -71.6709431, -33.3666346 ], [ -71.6710684, -33.3666819 ], [ -71.6711532, -33.3665253 ], [ -71.6711002, -33.366505299999986 ], [ -71.6710852, -33.366533 ], [ -71.6710129, -33.3665057 ] ] ] } },
{ "type": "Feature", "properties": { "osm_id": "way/1384244294", "name": null, "source": "OpenStreetMap/Overpass", "building": "house", "feature_type": "building", "nearest_transect_id": "T27", "erosion_rate_m_per_year": 1.986, "distance_to_shoreline_m": 260.5, "years_to_impact": 131.1, "risk_level": "bajo", "risk_explanation": "Impacto estimado después de 30 años", "horizon_years": 30, "exposed_length_m": null, "exposed_area_m2": 0.0 }, "geometry": { "type": "Polygon", "coordinates": [ [ [ -71.6738896, -33.3665173 ], [ -71.6738753, -33.3666506 ], [ -71.6741292, -33.3666695 ], [ -71.6741435, -33.3665363 ], [ -71.6738896, -33.3665173 ] ] ] } },
{ "type": "Feature", "properties": { "osm_id": "way/1384244307", "name": null, "source": "OpenStreetMap/Overpass", "building": "house", "feature_type": "building", "nearest_transect_id": "T24", "erosion_rate_m_per_year": 2.314, "distance_to_shoreline_m": 386.1, "years_to_impact": 166.9, "risk_level": "bajo", "risk_explanation": "Impacto estimado después de 30 años", "horizon_years": 30, "exposed_length_m": null, "exposed_area_m2": 0.0 }, "geometry": { "type": "Polygon", "coordinates": [ [ [ -71.6708068, -33.3664225 ], [ -71.6707533, -33.3665133 ], [ -71.6709061, -33.3665762 ], [ -71.6709597, -33.3664854 ], [ -71.6708068, -33.3664225 ] ] ] } },
{ "type": "Feature", "properties": { "osm_id": "way/1384244302", "name": null, "source": "OpenStreetMap/Overpass", "building": "house", "feature_type": "building", "nearest_transect_id": "T24", "erosion_rate_m_per_year": 2.314, "distance_to_shoreline_m": 358.8, "years_to_impact": 155.1, "risk_level": "bajo", "risk_explanation": "Impacto estimado después de 30 años", "horizon_years": 30, "exposed_length_m": null, "exposed_area_m2": 0.0 }, "geometry": { "type": "Polygon", "coordinates": [ [ [ -71.6710623, -33.3664417 ], [ -71.6711624, -33.3664809 ], [ -71.6712388, -33.3663448 ], [ -71.6711388, -33.3663056 ], [ -71.6710623, -33.3664417 ] ] ] } },
{ "type": "Feature", "properties": { "osm_id": "way/1384244289", "name": null, "source": "OpenStreetMap/Overpass", "building": "house", "feature_type": "building", "nearest_transect_id": "T24", "erosion_rate_m_per_year": 2.314, "distance_to_shoreline_m": 365.0, "years_to_impact": 157.8, "risk_level": "bajo", "risk_explanation": "Impacto estimado después de 30 años", "horizon_years": 30, "exposed_length_m": null, "exposed_area_m2": 0.0 }, "geometry": { "type": "Polygon", "coordinates": [ [ [ -71.6709574, -33.366271199999986 ], [ -71.6709088, -33.3663577 ], [ -71.6709517, -33.3663745 ], [ -71.6709423, -33.3663913 ], [ -71.6709929, -33.3664111 ], [ -71.6710509, -33.3663078 ], [ -71.6709574, -33.366271199999986 ] ] ] } },
{ "type": "Feature", "properties": { "osm_id": "way/1384244299", "name": "Hospital Veterinario Algarrobo", "source": "OpenStreetMap/Overpass", "building": "house", "feature_type": "building", "nearest_transect_id": "T24", "erosion_rate_m_per_year": 2.314, "distance_to_shoreline_m": 305.3, "years_to_impact": 132.0, "risk_level": "bajo", "risk_explanation": "Impacto estimado después de 30 años", "horizon_years": 30, "exposed_length_m": null, "exposed_area_m2": 0.0 }, "geometry": { "type": "Polygon", "coordinates": [ [ [ -71.6718508, -33.3661063 ], [ -71.6716672, -33.3660446 ], [ -71.6715934, -33.3661976 ], [ -71.6717769, -33.3662594 ], [ -71.6718508, -33.3661063 ] ] ] } },
{ "type": "Feature", "properties": { "osm_id": "way/1384244300", "name": null, "source": "OpenStreetMap/Overpass", "building": "house", "feature_type": "building", "nearest_transect_id": "T24", "erosion_rate_m_per_year": 2.314, "distance_to_shoreline_m": 309.4, "years_to_impact": 133.7, "risk_level": "bajo", "risk_explanation": "Impacto estimado después de 30 años", "horizon_years": 30, "exposed_length_m": null, "exposed_area_m2": 0.0 }, "geometry": { "type": "Polygon", "coordinates": [ [ [ -71.6714856, -33.3661155 ], [ -71.671572, -33.3661449 ], [ -71.6716288, -33.366028 ], [ -71.6715425, -33.3659987 ], [ -71.6714856, -33.3661155 ] ] ] } },
{ "type": "Feature", "properties": { "osm_id": "way/1384244301", "name": null, "source": "OpenStreetMap/Overpass", "building": "house", "feature_type": "building", "nearest_transect_id": "T24", "erosion_rate_m_per_year": 2.314, "distance_to_shoreline_m": 308.4, "years_to_impact": 133.3, "risk_level": "bajo", "risk_explanation": "Impacto estimado después de 30 años", "horizon_years": 30, "exposed_length_m": null, "exposed_area_m2": 0.0 }, "geometry": { "type": "Polygon", "coordinates": [ [ [ -71.6714544, -33.3659388 ], [ -71.6713873, -33.3660765 ], [ -71.6714747, -33.3661062 ], [ -71.6715418, -33.3659685 ], [ -71.6714544, -33.3659388 ] ] ] } },
{ "type": "Feature", "properties": { "osm_id": "way/1153388534", "name": "Edificio P41", "source": "OpenStreetMap/Overpass", "building": "apartments", "feature_type": "building", "nearest_transect_id": "T27", "erosion_rate_m_per_year": 1.986, "distance_to_shoreline_m": 84.9, "years_to_impact": 42.7, "risk_level": "bajo", "risk_explanation": "Impacto estimado después de 30 años", "horizon_years": 30, "exposed_length_m": null, "exposed_area_m2": 0.0 }, "geometry": { "type": "Polygon", "coordinates": [ [ [ -71.6741724, -33.364826 ], [ -71.6741166, -33.3649251 ], [ -71.6747002, -33.365154 ], [ -71.674756, -33.3650548 ], [ -71.6741724, -33.364826 ] ] ] } },
{ "type": "Feature", "properties": { "osm_id": "way/1474001969", "name": "Edificio Bahía", "source": "OpenStreetMap/Overpass", "building": "apartments", "feature_type": "building", "nearest_transect_id": "T22", "erosion_rate_m_per_year": 2.205, "distance_to_shoreline_m": 138.9, "years_to_impact": 63.0, "risk_level": "bajo", "risk_explanation": "Impacto estimado después de 30 años", "horizon_years": 30, "exposed_length_m": null, "exposed_area_m2": 0.0 }, "geometry": { "type": "Polygon", "coordinates": [ [ [ -71.67128, -33.363667 ], [ -71.6712926, -33.3636543 ], [ -71.6711785, -33.3635751 ], [ -71.6712164, -33.363537 ], [ -71.6711416, -33.363485 ], [ -71.6710473, -33.3635797 ], [ -71.6711259, -33.3636343 ], [ -71.671109, -33.3636513 ], [ -71.6711821, -33.363702 ], [ -71.6711635, -33.3637207 ], [ -71.6711929, -33.3637411 ], [ -71.6711712, -33.363762800000011 ], [ -71.6712198, -33.3637965 ], [ -71.6712448, -33.3637714 ], [ -71.6712712, -33.3637897 ], [ -71.671347, -33.3637135 ], [ -71.67128, -33.363667 ] ] ] } },
{ "type": "Feature", "properties": { "osm_id": "way/453435652", "name": "Maritim", "source": "OpenStreetMap/Overpass", "building": "apartments", "feature_type": "building", "nearest_transect_id": "T11", "erosion_rate_m_per_year": 0.651, "distance_to_shoreline_m": 195.3, "years_to_impact": 299.8, "risk_level": "bajo", "risk_explanation": "Impacto estimado después de 30 años", "horizon_years": 30, "exposed_length_m": null, "exposed_area_m2": 0.0 }, "geometry": { "type": "Polygon", "coordinates": [ [ [ -71.6699312, -33.3621994 ], [ -71.6699461, -33.3621738 ], [ -71.669915, -33.3621611 ], [ -71.669901, -33.3621851 ], [ -71.6698609, -33.3621687 ], [ -71.6695972, -33.3626192 ], [ -71.669724400000021, -33.3626711 ], [ -71.6699872, -33.3622223 ], [ -71.6699312, -33.3621994 ] ] ] } },
{ "type": "Feature", "properties": { "osm_id": "way/453435659", "name": null, "source": "OpenStreetMap/Overpass", "building": "apartments", "feature_type": "building", "nearest_transect_id": "T07", "erosion_rate_m_per_year": 0.111, "distance_to_shoreline_m": 163.1, "years_to_impact": 1472.3, "risk_level": "bajo", "risk_explanation": "Impacto estimado después de 30 años", "horizon_years": 30, "exposed_length_m": null, "exposed_area_m2": 0.0 }, "geometry": { "type": "Polygon", "coordinates": [ [ [ -71.6660212, -33.3621275 ], [ -71.6659811, -33.3622366 ], [ -71.6660585, -33.3622564 ], [ -71.666066700000016, -33.3622341 ], [ -71.6661845, -33.3622642 ], [ -71.6661659, -33.362315 ], [ -71.6662452, -33.3623353 ], [ -71.6662619, -33.3622897 ], [ -71.6663803, -33.36232 ], [ -71.6663701, -33.3623478 ], [ -71.6664651, -33.3623721 ], [ -71.666509, -33.36225240000001 ], [ -71.6660212, -33.3621275 ] ] ] } },
{ "type": "Feature", "properties": { "osm_id": "way/453435653", "name": "Edificio Don Carlos", "source": "OpenStreetMap/Overpass", "building": "apartments", "feature_type": "building", "nearest_transect_id": "T20", "erosion_rate_m_per_year": 1.881, "distance_to_shoreline_m": 170.3, "years_to_impact": 90.5, "risk_level": "bajo", "risk_explanation": "Impacto estimado después de 30 años", "horizon_years": 30, "exposed_length_m": null, "exposed_area_m2": 0.0 }, "geometry": { "type": "Polygon", "coordinates": [ [ [ -71.6693691, -33.361986 ], [ -71.6692082, -33.3622801 ], [ -71.6693401, -33.362330399999983 ], [ -71.669501, -33.3620363 ], [ -71.6693691, -33.361986 ] ] ] } },
{ "type": "Feature", "properties": { "osm_id": "way/1474001977", "name": null, "source": "OpenStreetMap/Overpass", "building": "commercial", "feature_type": "building", "nearest_transect_id": "T20", "erosion_rate_m_per_year": 1.881, "distance_to_shoreline_m": 123.6, "years_to_impact": 65.7, "risk_level": "bajo", "risk_explanation": "Impacto estimado después de 30 años", "horizon_years": 30, "exposed_length_m": null, "exposed_area_m2": 0.0 }, "geometry": { "type": "Polygon", "coordinates": [ [ [ -71.6706069, -33.3619714 ], [ -71.6705697, -33.3620353 ], [ -71.6705115, -33.362133 ], [ -71.6706442, -33.3621881 ], [ -71.670739, -33.362024899999987 ], [ -71.6706069, -33.3619714 ] ] ] } },
{ "type": "Feature", "properties": { "osm_id": "way/1474001978", "name": null, "source": "OpenStreetMap/Overpass", "building": "commercial", "feature_type": "building", "nearest_transect_id": "T20", "erosion_rate_m_per_year": 1.881, "distance_to_shoreline_m": 139.4, "years_to_impact": 74.1, "risk_level": "bajo", "risk_explanation": "Impacto estimado después de 30 años", "horizon_years": 30, "exposed_length_m": null, "exposed_area_m2": 0.0 }, "geometry": { "type": "Polygon", "coordinates": [ [ [ -71.6703873, -33.3619594 ], [ -71.6703291, -33.3620571 ], [ -71.6705115, -33.362133 ], [ -71.6705697, -33.3620353 ], [ -71.6703873, -33.3619594 ] ] ] } },
{ "type": "Feature", "properties": { "osm_id": "way/453435661", "name": null, "source": "OpenStreetMap/Overpass", "building": "apartments", "feature_type": "building", "nearest_transect_id": "T08", "erosion_rate_m_per_year": 0.246, "distance_to_shoreline_m": 127.1, "years_to_impact": 516.6, "risk_level": "bajo", "risk_explanation": "Impacto estimado después de 30 años", "horizon_years": 30, "exposed_length_m": null, "exposed_area_m2": 0.0 }, "geometry": { "type": "Polygon", "coordinates": [ [ [ -71.6668624, -33.361911 ], [ -71.666824, -33.3620334 ], [ -71.6669899, -33.3620697 ], [ -71.6670283, -33.3619473 ], [ -71.6668624, -33.361911 ] ] ] } },
{ "type": "Feature", "properties": { "osm_id": "way/453435654", "name": "Brisas de Cantabria", "source": "OpenStreetMap/Overpass", "building": "hotel", "feature_type": "building", "nearest_transect_id": "T10", "erosion_rate_m_per_year": 0.516, "distance_to_shoreline_m": 133.2, "years_to_impact": 258.0, "risk_level": "bajo", "risk_explanation": "Impacto estimado después de 30 años", "horizon_years": 30, "exposed_length_m": null, "exposed_area_m2": 0.0 }, "geometry": { "type": "Polygon", "coordinates": [ [ [ -71.6690584, -33.361902600000022 ], [ -71.6690927, -33.3619158 ], [ -71.6691518, -33.3618093 ], [ -71.6689614, -33.3617357 ], [ -71.6688021, -33.3620228 ], [ -71.6689582, -33.3620832 ], [ -71.6690584, -33.361902600000022 ] ] ] } },
{ "type": "Feature", "properties": { "osm_id": "way/1362987957", "name": "La Casa del Cerro", "source": "OpenStreetMap/Overpass", "building": "house", "feature_type": "building", "nearest_transect_id": "T09", "erosion_rate_m_per_year": 0.381, "distance_to_shoreline_m": 101.5, "years_to_impact": 266.2, "risk_level": "bajo", "risk_explanation": "Impacto estimado después de 30 años", "horizon_years": 30, "exposed_length_m": null, "exposed_area_m2": 0.0 }, "geometry": { "type": "Polygon", "coordinates": [ [ [ -71.6672192, -33.3617 ], [ -71.667177, -33.361764 ], [ -71.6673376, -33.3618378 ], [ -71.6673216, -33.361862 ], [ -71.6673552, -33.3618775 ], [ -71.6674133, -33.3617893 ], [ -71.6672192, -33.3617 ] ] ] } },
{ "type": "Feature", "properties": { "osm_id": "way/453435662", "name": null, "source": "OpenStreetMap/Overpass", "building": "apartments", "feature_type": "building", "nearest_transect_id": "T08", "erosion_rate_m_per_year": 0.246, "distance_to_shoreline_m": 98.9, "years_to_impact": 402.3, "risk_level": "bajo", "risk_explanation": "Impacto estimado después de 30 años", "horizon_years": 30, "exposed_length_m": null, "exposed_area_m2": 0.0 }, "geometry": { "type": "Polygon", "coordinates": [ [ [ -71.6669401, -33.3616616 ], [ -71.6668996, -33.3618308 ], [ -71.6670809, -33.361861 ], [ -71.6671213, -33.3616918 ], [ -71.6669401, -33.3616616 ] ] ] } },
{ "type": "Feature", "properties": { "osm_id": "way/1474001976", "name": "Mall Chino", "source": "OpenStreetMap/Overpass", "building": "commercial", "feature_type": "building", "nearest_transect_id": "T19", "erosion_rate_m_per_year": 1.732, "distance_to_shoreline_m": 120.4, "years_to_impact": 69.5, "risk_level": "bajo", "risk_explanation": "Impacto estimado después de 30 años", "horizon_years": 30, "exposed_length_m": null, "exposed_area_m2": 0.0 }, "geometry": { "type": "Polygon", "coordinates": [ [ [ -71.6693134, -33.3616264 ], [ -71.6696476, -33.3617705 ], [ -71.6697363, -33.3616216 ], [ -71.6694046, -33.3614814 ], [ -71.6693134, -33.3616264 ] ] ] } },
{ "type": "Feature", "properties": { "osm_id": "way/678687157", "name": "Caleta de Pescadores Algarrobo", "source": "OpenStreetMap/Overpass", "building": "yes", "feature_type": "building", "nearest_transect_id": "T23", "erosion_rate_m_per_year": 2.368, "distance_to_shoreline_m": 8.2, "years_to_impact": 3.4, "risk_level": "critico", "risk_explanation": "Impacto estimado en menos de 10 años", "horizon_years": 30, "exposed_length_m": null, "exposed_area_m2": 921.7 }, "geometry": { "type": "Polygon", "coordinates": [ [ [ -71.6729046, -33.3634513 ], [ -71.6728069, -33.3634024 ], [ -71.6727092, -33.363323799999989 ], [ -71.6726293, -33.3632585 ], [ -71.6725973, -33.363243599999983 ], [ -71.6725757, -33.363227 ], [ -71.6724549, -33.363336799999985 ], [ -71.6729725, -33.3636851 ], [ -71.6730382, -33.3635887 ], [ -71.6729046, -33.3634513 ] ] ] } },
{ "type": "Feature", "properties": { "osm_id": "way/678684091", "name": null, "source": "OpenStreetMap/Overpass", "building": "yes", "feature_type": "building", "nearest_transect_id": "T20", "erosion_rate_m_per_year": 1.881, "distance_to_shoreline_m": 35.3, "years_to_impact": 18.8, "risk_level": "moderado", "risk_explanation": "Impacto estimado entre 10 y 30 años", "horizon_years": 30, "exposed_length_m": null, "exposed_area_m2": 58.2 }, "geometry": { "type": "Polygon", "coordinates": [ [ [ -71.6715803, -33.3616956 ], [ -71.6715659, -33.36176 ], [ -71.6716551, -33.3617674 ], [ -71.6716529, -33.3616929 ], [ -71.6715803, -33.3616956 ] ] ] } },
{ "type": "Feature", "properties": { "osm_id": "way/453435655", "name": "Capitanía de Puerto Algarrobo", "source": "OpenStreetMap/Overpass", "building": "yes", "feature_type": "building", "nearest_transect_id": "T15", "erosion_rate_m_per_year": 1.192, "distance_to_shoreline_m": 104.8, "years_to_impact": 88.0, "risk_level": "bajo", "risk_explanation": "Impacto estimado después de 30 años", "horizon_years": 30, "exposed_length_m": null, "exposed_area_m2": 0.0 }, "geometry": { "type": "Polygon", "coordinates": [ [ [ -71.6707677, -33.3611582 ], [ -71.6706743, -33.3613207 ], [ -71.6707597, -33.361355 ], [ -71.6707702, -33.36133670000001 ], [ -71.6708425, -33.3613657 ], [ -71.6708695, -33.3613187 ], [ -71.6708091, -33.3612945 ], [ -71.670865, -33.3611972 ], [ -71.6707677, -33.3611582 ] ] ] } },
{ "type": "Feature", "properties": { "osm_id": "way/453435656", "name": null, "source": "OpenStreetMap/Overpass", "building": "apartments", "feature_type": "building", "nearest_transect_id": "T17", "erosion_rate_m_per_year": 1.462, "distance_to_shoreline_m": 80.3, "years_to_impact": 54.9, "risk_level": "bajo", "risk_explanation": "Impacto estimado después de 30 años", "horizon_years": 30, "exposed_length_m": null, "exposed_area_m2": 0.0 }, "geometry": { "type": "Polygon", "coordinates": [ [ [ -71.6711303, -33.3607697 ], [ -71.6710547, -33.3608228 ], [ -71.6711332, -33.3609008 ], [ -71.6712088, -33.3608476 ], [ -71.6711303, -33.3607697 ] ] ] } },
{ "type": "Feature", "properties": { "osm_id": "way/678685015", "name": null, "source": "OpenStreetMap/Overpass", "building": "yes", "feature_type": "building", "nearest_transect_id": "T18", "erosion_rate_m_per_year": 1.597, "distance_to_shoreline_m": 52.7, "years_to_impact": 33.0, "risk_level": "bajo", "risk_explanation": "Impacto estimado después de 30 años", "horizon_years": 30, "exposed_length_m": null, "exposed_area_m2": 0.0 }, "geometry": { "type": "Polygon", "coordinates": [ [ [ -71.6714327, -33.3608193 ], [ -71.6715302, -33.360761 ], [ -71.671475, -33.3607057 ], [ -71.6713521, -33.3607658 ], [ -71.6714327, -33.3608193 ] ] ] } },
{ "type": "Feature", "properties": { "osm_id": "way/453435657", "name": "Edificio Pacífico", "source": "OpenStreetMap/Overpass", "building": "apartments", "feature_type": "building", "nearest_transect_id": "T18", "erosion_rate_m_per_year": 1.597, "distance_to_shoreline_m": 76.8, "years_to_impact": 48.1, "risk_level": "bajo", "risk_explanation": "Impacto estimado después de 30 años", "horizon_years": 30, "exposed_length_m": null, "exposed_area_m2": 0.0 }, "geometry": { "type": "Polygon", "coordinates": [ [ [ -71.6710176, -33.3606774 ], [ -71.6709505, -33.360738 ], [ -71.67104, -33.3608072 ], [ -71.6711071, -33.3607467 ], [ -71.6710176, -33.3606774 ] ] ] } },
{ "type": "Feature", "properties": { "osm_id": "way/453435658", "name": null, "source": "OpenStreetMap/Overpass", "building": "apartments", "feature_type": "building", "nearest_transect_id": "T15", "erosion_rate_m_per_year": 1.192, "distance_to_shoreline_m": 76.1, "years_to_impact": 63.8, "risk_level": "bajo", "risk_explanation": "Impacto estimado después de 30 años", "horizon_years": 30, "exposed_length_m": null, "exposed_area_m2": 0.0 }, "geometry": { "type": "Polygon", "coordinates": [ [ [ -71.6708891, -33.3606057 ], [ -71.6708339, -33.3606742 ], [ -71.6709352, -33.3607311 ], [ -71.6709903, -33.3606626 ], [ -71.6708891, -33.3606057 ] ] ] } },
{ "type": "Feature", "properties": { "osm_id": "way/678685017", "name": null, "source": "OpenStreetMap/Overpass", "building": "yes", "feature_type": "building", "nearest_transect_id": "T16", "erosion_rate_m_per_year": 1.327, "distance_to_shoreline_m": 52.0, "years_to_impact": 39.2, "risk_level": "bajo", "risk_explanation": "Impacto estimado después de 30 años", "horizon_years": 30, "exposed_length_m": null, "exposed_area_m2": 0.0 }, "geometry": { "type": "Polygon", "coordinates": [ [ [ -71.671234, -33.360525 ], [ -71.6711788, -33.3605772 ], [ -71.6712689, -33.3606386 ], [ -71.6713167, -33.3605849 ], [ -71.671234, -33.360525 ] ] ] } },
{ "type": "Feature", "properties": { "osm_id": "way/678685019", "name": null, "source": "OpenStreetMap/Overpass", "building": "yes", "feature_type": "building", "nearest_transect_id": "T15", "erosion_rate_m_per_year": 1.192, "distance_to_shoreline_m": 49.5, "years_to_impact": 41.6, "risk_level": "bajo", "risk_explanation": "Impacto estimado después de 30 años", "horizon_years": 30, "exposed_length_m": null, "exposed_area_m2": 0.0 }, "geometry": { "type": "Polygon", "coordinates": [ [ [ -71.6709903, -33.3603936 ], [ -71.6709568, -33.360463399999986 ], [ -71.6710543, -33.3604961 ], [ -71.6710878, -33.3604263 ], [ -71.6709903, -33.3603936 ] ] ] } },
{ "type": "Feature", "properties": { "osm_id": "way/453435677", "name": "Edificio Madrid", "source": "OpenStreetMap/Overpass", "building": "apartments", "feature_type": "building", "nearest_transect_id": "T11", "erosion_rate_m_per_year": 0.651, "distance_to_shoreline_m": 92.9, "years_to_impact": 142.6, "risk_level": "bajo", "risk_explanation": "Impacto estimado después de 30 años", "horizon_years": 30, "exposed_length_m": null, "exposed_area_m2": 0.0 }, "geometry": { "type": "Polygon", "coordinates": [ [ [ -71.6690964, -33.361327 ], [ -71.6690052, -33.361472 ], [ -71.6691481, -33.3615347 ], [ -71.6692393, -33.361389699999989 ], [ -71.6690964, -33.361327 ] ] ] } },
{ "type": "Feature", "properties": { "osm_id": "way/675578035", "name": null, "source": "OpenStreetMap/Overpass", "building": "yes", "feature_type": "building", "nearest_transect_id": "T08", "erosion_rate_m_per_year": 0.246, "distance_to_shoreline_m": 44.2, "years_to_impact": 179.7, "risk_level": "bajo", "risk_explanation": "Impacto estimado después de 30 años", "horizon_years": 30, "exposed_length_m": null, "exposed_area_m2": 0.0 }, "geometry": { "type": "Polygon", "coordinates": [ [ [ -71.6670718, -33.3613468 ], [ -71.6670694, -33.361368700000014 ], [ -71.6671556, -33.3613754 ], [ -71.667158, -33.3613536 ], [ -71.6672663, -33.361362 ], [ -71.6673083, -33.3612981 ], [ -71.6673198, -33.3611938 ], [ -71.6670799, -33.3611752 ], [ -71.6670746, -33.3612232 ], [ -71.6669958, -33.3612171 ], [ -71.6669822, -33.3613399 ], [ -71.6670718, -33.3613468 ] ] ] } },
{ "type": "Feature", "properties": { "osm_id": "way/453435678", "name": "Edificio del Mar", "source": "OpenStreetMap/Overpass", "building": "apartments", "feature_type": "building", "nearest_transect_id": "T10", "erosion_rate_m_per_year": 0.516, "distance_to_shoreline_m": 63.6, "years_to_impact": 123.1, "risk_level": "bajo", "risk_explanation": "Impacto estimado después de 30 años", "horizon_years": 30, "exposed_length_m": null, "exposed_area_m2": 0.0 }, "geometry": { "type": "Polygon", "coordinates": [ [ [ -71.6688396, -33.361215 ], [ -71.6686683, -33.3611434 ], [ -71.668563400000011, -33.361318699999984 ], [ -71.6687067, -33.3613786 ], [ -71.6687271, -33.3613445 ], [ -71.668755, -33.3613562 ], [ -71.6688396, -33.361215 ] ] ] } },
{ "type": "Feature", "properties": { "osm_id": "way/453435674", "name": "Edificio Flamingo", "source": "OpenStreetMap/Overpass", "building": "apartments", "feature_type": "building", "nearest_transect_id": "T10", "erosion_rate_m_per_year": 0.516, "distance_to_shoreline_m": 56.6, "years_to_impact": 109.7, "risk_level": "bajo", "risk_explanation": "Impacto estimado después de 30 años", "horizon_years": 30, "exposed_length_m": null, "exposed_area_m2": 0.0 }, "geometry": { "type": "Polygon", "coordinates": [ [ [ -71.6685, -33.3611003 ], [ -71.6684121, -33.3612563 ], [ -71.6685189, -33.3612983 ], [ -71.6686068, -33.3611423 ], [ -71.6685, -33.3611003 ] ] ] } },
{ "type": "Feature", "properties": { "osm_id": "way/1474001964", "name": null, "source": "OpenStreetMap/Overpass", "building": "house", "feature_type": "building", "nearest_transect_id": "T08", "erosion_rate_m_per_year": 0.246, "distance_to_shoreline_m": 30.7, "years_to_impact": 124.7, "risk_level": "bajo", "risk_explanation": "Impacto estimado después de 30 años", "horizon_years": 30, "exposed_length_m": null, "exposed_area_m2": 0.0 }, "geometry": { "type": "Polygon", "coordinates": [ [ [ -71.6668691, -33.3610383 ], [ -71.6668244, -33.3612683 ], [ -71.6667832, -33.3612623 ], [ -71.6667725, -33.3613153 ], [ -71.6669558, -33.3613467 ], [ -71.667005, -33.3610674 ], [ -71.6668691, -33.3610383 ] ] ] } },
{ "type": "Feature", "properties": { "osm_id": "way/1474001963", "name": null, "source": "OpenStreetMap/Overpass", "building": "house", "feature_type": "building", "nearest_transect_id": "T09", "erosion_rate_m_per_year": 0.381, "distance_to_shoreline_m": 34.4, "years_to_impact": 90.3, "risk_level": "bajo", "risk_explanation": "Impacto estimado después de 30 años", "horizon_years": 30, "exposed_length_m": null, "exposed_area_m2": 0.0 }, "geometry": { "type": "Polygon", "coordinates": [ [ [ -71.6674142, -33.3610934 ], [ -71.6674143, -33.3612892 ], [ -71.667549, -33.3612892 ], [ -71.667549, -33.3611682 ], [ -71.6675705, -33.3611682 ], [ -71.6675705, -33.3611266 ], [ -71.6675325, -33.3611266 ], [ -71.6675325, -33.3610934 ], [ -71.6674142, -33.3610934 ] ] ] } },
{ "type": "Feature", "properties": { "osm_id": "way/1474001965", "name": null, "source": "OpenStreetMap/Overpass", "building": "house", "feature_type": "building", "nearest_transect_id": "T08", "erosion_rate_m_per_year": 0.246, "distance_to_shoreline_m": 31.1, "years_to_impact": 126.6, "risk_level": "bajo", "risk_explanation": "Impacto estimado después de 30 años", "horizon_years": 30, "exposed_length_m": null, "exposed_area_m2": 0.0 }, "geometry": { "type": "Polygon", "coordinates": [ [ [ -71.6666101, -33.3612895 ], [ -71.6667633, -33.3613133 ], [ -71.6667793, -33.3612262 ], [ -71.6667969, -33.3612285 ], [ -71.6668172, -33.3611351 ], [ -71.6667942, -33.3611294 ], [ -71.6668064, -33.3610468 ], [ -71.6666584, -33.3610195 ], [ -71.6666101, -33.3612895 ] ] ] } },
{ "type": "Feature", "properties": { "osm_id": "way/453435683", "name": "Edificio La Sirena", "source": "OpenStreetMap/Overpass", "building": "apartments", "feature_type": "building", "nearest_transect_id": "T12", "erosion_rate_m_per_year": 0.786, "distance_to_shoreline_m": 97.4, "years_to_impact": 123.9, "risk_level": "bajo", "risk_explanation": "Impacto estimado después de 30 años", "horizon_years": 30, "exposed_length_m": null, "exposed_area_m2": 0.0 }, "geometry": { "type": "Polygon", "coordinates": [ [ [ -71.669859, -33.3610349 ], [ -71.6697642, -33.3612065 ], [ -71.6699424, -33.3612751 ], [ -71.6700371, -33.3611036 ], [ -71.669859, -33.3610349 ] ] ] } },
{ "type": "Feature", "properties": { "osm_id": "way/1474001962", "name": null, "source": "OpenStreetMap/Overpass", "building": "house", "feature_type": "building", "nearest_transect_id": "T09", "erosion_rate_m_per_year": 0.381, "distance_to_shoreline_m": 31.5, "years_to_impact": 82.6, "risk_level": "bajo", "risk_explanation": "Impacto estimado después de 30 años", "horizon_years": 30, "exposed_length_m": null, "exposed_area_m2": 0.0 }, "geometry": { "type": "Polygon", "coordinates": [ [ [ -71.6675776, -33.3610715 ], [ -71.6675958, -33.3612075 ], [ -71.667729, -33.3611951 ], [ -71.6677108, -33.3610591 ], [ -71.6675776, -33.3610715 ] ] ] } },
{ "type": "Feature", "properties": { "osm_id": "way/678685567", "name": null, "source": "OpenStreetMap/Overpass", "building": "commercial", "feature_type": "building", "nearest_transect_id": "T07", "erosion_rate_m_per_year": 0.111, "distance_to_shoreline_m": 26.3, "years_to_impact": 237.1, "risk_level": "bajo", "risk_explanation": "Impacto estimado después de 30 años", "horizon_years": 30, "exposed_length_m": null, "exposed_area_m2": 0.0 }, "geometry": { "type": "Polygon", "coordinates": [ [ [ -71.6664985, -33.3612289 ], [ -71.66649, -33.361253399999988 ], [ -71.6666101, -33.3612895 ], [ -71.6666584, -33.3610195 ], [ -71.6666646, -33.3609847 ], [ -71.6665891, -33.3609676 ], [ -71.6664985, -33.3612289 ] ] ] } },
{ "type": "Feature", "properties": { "osm_id": "way/1474001961", "name": null, "source": "OpenStreetMap/Overpass", "building": "house", "feature_type": "building", "nearest_transect_id": "T09", "erosion_rate_m_per_year": 0.381, "distance_to_shoreline_m": 31.5, "years_to_impact": 82.7, "risk_level": "bajo", "risk_explanation": "Impacto estimado después de 30 años", "horizon_years": 30, "exposed_length_m": null, "exposed_area_m2": 0.0 }, "geometry": { "type": "Polygon", "coordinates": [ [ [ -71.6677703, -33.3610511 ], [ -71.6677658, -33.3611437 ], [ -71.6679337, -33.3611493 ], [ -71.6679346, -33.3611296 ], [ -71.667955400000011, -33.3611303 ], [ -71.6679589, -33.3610574 ], [ -71.6677703, -33.3610511 ] ] ] } },
{ "type": "Feature", "properties": { "osm_id": "way/1474001960", "name": null, "source": "OpenStreetMap/Overpass", "building": "house", "feature_type": "building", "nearest_transect_id": "T10", "erosion_rate_m_per_year": 0.516, "distance_to_shoreline_m": 29.1, "years_to_impact": 56.4, "risk_level": "bajo", "risk_explanation": "Impacto estimado después de 30 años", "horizon_years": 30, "exposed_length_m": null, "exposed_area_m2": 0.0 }, "geometry": { "type": "Polygon", "coordinates": [ [ [ -71.668126, -33.361042799999986 ], [ -71.6681063, -33.3609756 ], [ -71.667974, -33.3610092 ], [ -71.6680053, -33.3611645 ], [ -71.6680858, -33.361157 ], [ -71.6680482, -33.3610607 ], [ -71.668126, -33.361042799999986 ] ] ] } },
{ "type": "Feature", "properties": { "osm_id": "way/453435673", "name": null, "source": "OpenStreetMap/Overpass", "building": "yes", "feature_type": "building", "nearest_transect_id": "T07", "erosion_rate_m_per_year": 0.111, "distance_to_shoreline_m": 24.7, "years_to_impact": 222.9, "risk_level": "bajo", "risk_explanation": "Impacto estimado después de 30 años", "horizon_years": 30, "exposed_length_m": null, "exposed_area_m2": 0.0 }, "geometry": { "type": "Polygon", "coordinates": [ [ [ -71.6662916, -33.360897 ], [ -71.6662099, -33.3611415 ], [ -71.6664985, -33.3612289 ], [ -71.6665891, -33.3609676 ], [ -71.6662916, -33.360897 ] ] ] } },
{ "type": "Feature", "properties": { "osm_id": "way/453435676", "name": null, "source": "OpenStreetMap/Overpass", "building": "apartments", "feature_type": "building", "nearest_transect_id": "T10", "erosion_rate_m_per_year": 0.516, "distance_to_shoreline_m": 30.2, "years_to_impact": 58.5, "risk_level": "bajo", "risk_explanation": "Impacto estimado después de 30 años", "horizon_years": 30, "exposed_length_m": null, "exposed_area_m2": 0.0 }, "geometry": { "type": "Polygon", "coordinates": [ [ [ -71.6681979, -33.3609572 ], [ -71.6682458, -33.361148 ], [ -71.6683498, -33.3611298 ], [ -71.6683019, -33.360939 ], [ -71.6681979, -33.3609572 ] ] ] } },
{ "type": "Feature", "properties": { "osm_id": "way/453435679", "name": "Edificio Juan Guiloff", "source": "OpenStreetMap/Overpass", "building": "apartments", "feature_type": "building", "nearest_transect_id": "T11", "erosion_rate_m_per_year": 0.651, "distance_to_shoreline_m": 29.4, "years_to_impact": 45.2, "risk_level": "bajo", "risk_explanation": "Impacto estimado después de 30 años", "horizon_years": 30, "exposed_length_m": null, "exposed_area_m2": 0.0 }, "geometry": { "type": "Polygon", "coordinates": [ [ [ -71.6688696, -33.3611002 ], [ -71.6687583, -33.3608135 ], [ -71.6686188, -33.3608571 ], [ -71.6687167, -33.361098 ], [ -71.6688213, -33.3611696 ], [ -71.6689192, -33.3611159 ], [ -71.6688696, -33.3611002 ] ] ] } },
{ "type": "Feature", "properties": { "osm_id": "way/678685569", "name": null, "source": "OpenStreetMap/Overpass", "building": "yes", "feature_type": "building", "nearest_transect_id": "T07", "erosion_rate_m_per_year": 0.111, "distance_to_shoreline_m": 24.7, "years_to_impact": 222.9, "risk_level": "bajo", "risk_explanation": "Impacto estimado después de 30 años", "horizon_years": 30, "exposed_length_m": null, "exposed_area_m2": 0.0 }, "geometry": { "type": "Polygon", "coordinates": [ [ [ -71.6658082, -33.3607955 ], [ -71.6657871, -33.3608012 ], [ -71.6657696, -33.3608147 ], [ -71.6657261, -33.3610089 ], [ -71.6661169, -33.3611347 ], [ -71.6661263, -33.36111240000001 ], [ -71.6662099, -33.3611415 ], [ -71.6662916, -33.360897 ], [ -71.6658082, -33.3607955 ] ] ] } },
{ "type": "Feature", "properties": { "osm_id": "way/453435675", "name": null, "source": "OpenStreetMap/Overpass", "building": "apartments", "feature_type": "building", "nearest_transect_id": "T10", "erosion_rate_m_per_year": 0.516, "distance_to_shoreline_m": 33.0, "years_to_impact": 63.9, "risk_level": "bajo", "risk_explanation": "Impacto estimado después de 30 años", "horizon_years": 30, "exposed_length_m": null, "exposed_area_m2": 0.0 }, "geometry": { "type": "Polygon", "coordinates": [ [ [ -71.6684776, -33.36106620000001 ], [ -71.6685753, -33.36104 ], [ -71.6685101, -33.3608707 ], [ -71.6684124, -33.3608969 ], [ -71.6684776, -33.36106620000001 ] ] ] } },
{ "type": "Feature", "properties": { "osm_id": "way/453435680", "name": "Edificio Doña Marta", "source": "OpenStreetMap/Overpass", "building": "apartments", "feature_type": "building", "nearest_transect_id": "T11", "erosion_rate_m_per_year": 0.651, "distance_to_shoreline_m": 27.9, "years_to_impact": 42.8, "risk_level": "bajo", "risk_explanation": "Impacto estimado después de 30 años", "horizon_years": 30, "exposed_length_m": null, "exposed_area_m2": 0.0 }, "geometry": { "type": "Polygon", "coordinates": [ [ [ -71.6688332, -33.3607843 ], [ -71.6689277, -33.360995199999984 ], [ -71.6690241, -33.360965 ], [ -71.6689296, -33.360754099999987 ], [ -71.6688332, -33.3607843 ] ] ] } },
{ "type": "Feature", "properties": { "osm_id": "way/453435681", "name": "Edificio Paso de Mar", "source": "OpenStreetMap/Overpass", "building": "apartments", "feature_type": "building", "nearest_transect_id": "T11", "erosion_rate_m_per_year": 0.651, "distance_to_shoreline_m": 30.0, "years_to_impact": 46.1, "risk_level": "bajo", "risk_explanation": "Impacto estimado después de 30 años", "horizon_years": 30, "exposed_length_m": null, "exposed_area_m2": 0.0 }, "geometry": { "type": "Polygon", "coordinates": [ [ [ -71.6691204, -33.3607115 ], [ -71.6690829, -33.3607048 ], [ -71.6690493, -33.3607171 ], [ -71.6690319, -33.3607384 ], [ -71.6691097, -33.3609243 ], [ -71.6692009, -33.3609019 ], [ -71.6691204, -33.3607115 ] ] ] } },
{ "type": "Feature", "properties": { "osm_id": "way/453440161", "name": "Edificio Las Cadenas", "source": "OpenStreetMap/Overpass", "building": "apartments", "feature_type": "building", "nearest_transect_id": "T05", "erosion_rate_m_per_year": -0.159, "distance_to_shoreline_m": 75.0, "years_to_impact": null, "risk_level": "bajo", "risk_explanation": "Sin avance erosivo positivo medido", "horizon_years": 30, "exposed_length_m": null, "exposed_area_m2": 0.0 }, "geometry": { "type": "Polygon", "coordinates": [ [ [ -71.6647532, -33.3607635 ], [ -71.6648041, -33.360786 ], [ -71.6648176, -33.3608375 ], [ -71.6647907, -33.36088 ], [ -71.6648524, -33.3609472 ], [ -71.6649195, -33.3608733 ], [ -71.6649275, -33.360788199999988 ], [ -71.6649088, -33.360721 ], [ -71.6648202, -33.3606538 ], [ -71.6647237, -33.3606583 ], [ -71.6646191, -33.3607098 ], [ -71.6646969, -33.360786 ], [ -71.6647532, -33.3607635 ] ] ] } },
{ "type": "Feature", "properties": { "osm_id": "way/453435682", "name": "Edificio El Sol", "source": "OpenStreetMap/Overpass", "building": "apartments", "feature_type": "building", "nearest_transect_id": "T12", "erosion_rate_m_per_year": 0.786, "distance_to_shoreline_m": 35.0, "years_to_impact": 44.5, "risk_level": "bajo", "risk_explanation": "Impacto estimado después de 30 años", "horizon_years": 30, "exposed_length_m": null, "exposed_area_m2": 0.0 }, "geometry": { "type": "Polygon", "coordinates": [ [ [ -71.6693204, -33.3606419 ], [ -71.6692304, -33.3606667 ], [ -71.6693166, -33.3608845 ], [ -71.6694066, -33.3608596 ], [ -71.6693204, -33.3606419 ] ] ] } },
{ "type": "Feature", "properties": { "osm_id": "way/678685024", "name": "12A", "source": "OpenStreetMap/Overpass", "building": "yes", "feature_type": "building", "nearest_transect_id": "T12", "erosion_rate_m_per_year": 0.786, "distance_to_shoreline_m": 28.7, "years_to_impact": 36.5, "risk_level": "bajo", "risk_explanation": "Impacto estimado después de 30 años", "horizon_years": 30, "exposed_length_m": null, "exposed_area_m2": 0.0 }, "geometry": { "type": "Polygon", "coordinates": [ [ [ -71.6693748, -33.3605 ], [ -71.6693927, -33.3605399 ], [ -71.6694601, -33.3605223 ], [ -71.6694446, -33.3604811 ], [ -71.6693748, -33.3605 ] ] ] } },
{ "type": "Feature", "properties": { "osm_id": "way/453440163", "name": null, "source": "OpenStreetMap/Overpass", "building": "apartments", "feature_type": "building", "nearest_transect_id": "T05", "erosion_rate_m_per_year": -0.159, "distance_to_shoreline_m": 58.1, "years_to_impact": null, "risk_level": "bajo", "risk_explanation": "Sin avance erosivo positivo medido", "horizon_years": 30, "exposed_length_m": null, "exposed_area_m2": 0.0 }, "geometry": { "type": "Polygon", "coordinates": [ [ [ -71.6644907, -33.3603152 ], [ -71.6647399, -33.3605976 ], [ -71.6648544, -33.360527199999986 ], [ -71.6646052, -33.3602448 ], [ -71.6644907, -33.3603152 ] ] ] } },
{ "type": "Feature", "properties": { "osm_id": "way/453440162", "name": "Edificio Algarrobo", "source": "OpenStreetMap/Overpass", "building": "apartments", "feature_type": "building", "nearest_transect_id": "T05", "erosion_rate_m_per_year": -0.159, "distance_to_shoreline_m": 52.6, "years_to_impact": null, "risk_level": "bajo", "risk_explanation": "Sin avance erosivo positivo medido", "horizon_years": 30, "exposed_length_m": null, "exposed_area_m2": 0.0 }, "geometry": { "type": "Polygon", "coordinates": [ [ [ -71.6644907, -33.3603152 ], [ -71.6646052, -33.3602448 ], [ -71.6646566, -33.360213199999983 ], [ -71.664562, -33.3601042 ], [ -71.6642495, -33.3602933 ], [ -71.6645946, -33.3606911 ], [ -71.6647399, -33.3605976 ], [ -71.6644907, -33.3603152 ] ] ] } },
{ "type": "Feature", "properties": { "osm_id": "way/678686061", "name": null, "source": "OpenStreetMap/Overpass", "building": "yes", "feature_type": "building", "nearest_transect_id": "T05", "erosion_rate_m_per_year": -0.159, "distance_to_shoreline_m": 27.2, "years_to_impact": null, "risk_level": "bajo", "risk_explanation": "Sin avance erosivo positivo medido", "horizon_years": 30, "exposed_length_m": null, "exposed_area_m2": 0.0 }, "geometry": { "type": "Polygon", "coordinates": [ [ [ -71.6651474, -33.36032 ], [ -71.6651003, -33.3603506 ], [ -71.665154, -33.3604083 ], [ -71.665201100000019, -33.3603777 ], [ -71.6651474, -33.36032 ] ] ] } },
{ "type": "Feature", "properties": { "osm_id": "way/678685022", "name": null, "source": "OpenStreetMap/Overpass", "building": "yes", "feature_type": "building", "nearest_transect_id": "T14", "erosion_rate_m_per_year": 1.057, "distance_to_shoreline_m": 37.4, "years_to_impact": 35.4, "risk_level": "bajo", "risk_explanation": "Impacto estimado después de 30 años", "horizon_years": 30, "exposed_length_m": null, "exposed_area_m2": 0.0 }, "geometry": { "type": "Polygon", "coordinates": [ [ [ -71.6704006, -33.360330199999986 ], [ -71.6704026, -33.3603867 ], [ -71.6704959, -33.3603905 ], [ -71.6704981, -33.3603302 ], [ -71.6704006, -33.360330199999986 ] ] ] } },
{ "type": "Feature", "properties": { "osm_id": "way/1153388518", "name": null, "source": "OpenStreetMap/Overpass", "building": "yes", "feature_type": "building", "nearest_transect_id": "T04", "erosion_rate_m_per_year": -0.276, "distance_to_shoreline_m": 23.8, "years_to_impact": null, "risk_level": "bajo", "risk_explanation": "Sin avance erosivo positivo medido", "horizon_years": 30, "exposed_length_m": null, "exposed_area_m2": 0.0 }, "geometry": { "type": "Polygon", "coordinates": [ [ [ -71.6647992, -33.35991 ], [ -71.664752, -33.3599405 ], [ -71.6648058, -33.3599983 ], [ -71.6648528, -33.3599677 ], [ -71.6647992, -33.35991 ] ] ] } },
{ "type": "Feature", "properties": { "osm_id": "way/678686393", "name": "Iglesia Nuestra Señora de La Candelaria", "source": "OpenStreetMap/Overpass", "building": "yes", "feature_type": "building", "nearest_transect_id": "T02", "erosion_rate_m_per_year": -0.492, "distance_to_shoreline_m": 130.1, "years_to_impact": null, "risk_level": "bajo", "risk_explanation": "Sin avance erosivo positivo medido", "horizon_years": 30, "exposed_length_m": null, "exposed_area_m2": 0.0 }, "geometry": { "type": "Polygon", "coordinates": [ [ [ -71.6629364, -33.3596132 ], [ -71.6628267, -33.3595888 ], [ -71.6627702, -33.3597565 ], [ -71.6627626, -33.3598234 ], [ -71.6628466, -33.3598397 ], [ -71.6630076, -33.3598709 ], [ -71.6630357, -33.3597678 ], [ -71.6629011, -33.3597391 ], [ -71.6629364, -33.3596132 ] ] ] } },
{ "type": "Feature", "properties": { "osm_id": "way/453440165", "name": "Edificio Costanera", "source": "OpenStreetMap/Overpass", "building": "apartments", "feature_type": "building", "nearest_transect_id": "T02", "erosion_rate_m_per_year": -0.492, "distance_to_shoreline_m": 66.9, "years_to_impact": null, "risk_level": "bajo", "risk_explanation": "Sin avance erosivo positivo medido", "horizon_years": 30, "exposed_length_m": null, "exposed_area_m2": 0.0 }, "geometry": { "type": "Polygon", "coordinates": [ [ [ -71.663945, -33.3595681 ], [ -71.6637689, -33.3594485 ], [ -71.6636748, -33.3595452 ], [ -71.6638109, -33.3596376 ], [ -71.6638175, -33.3596919 ], [ -71.6637915, -33.3596942 ], [ -71.6638232, -33.3599557 ], [ -71.6639748, -33.3599429 ], [ -71.663945700000014, -33.3597036 ], [ -71.6638456, -33.3597121 ], [ -71.6638434, -33.3596934 ], [ -71.663959, -33.3596836 ], [ -71.663945, -33.3595681 ] ] ] } },
{ "type": "Feature", "properties": { "osm_id": "way/1160950196", "name": null, "source": "OpenStreetMap/Overpass", "building": "apartments", "feature_type": "building", "nearest_transect_id": "T04", "erosion_rate_m_per_year": -0.276, "distance_to_shoreline_m": 201.7, "years_to_impact": null, "risk_level": "bajo", "risk_explanation": "Sin avance erosivo positivo medido", "horizon_years": 30, "exposed_length_m": null, "exposed_area_m2": 0.0 }, "geometry": { "type": "Polygon", "coordinates": [ [ [ -71.6613786, -33.3594643 ], [ -71.661478300000013, -33.3595373 ], [ -71.6615319, -33.3594863 ], [ -71.661544, -33.3594952 ], [ -71.6617012, -33.3593455 ], [ -71.661683, -33.3593321 ], [ -71.6617509, -33.3592674 ], [ -71.6616573, -33.3591988 ], [ -71.6613786, -33.3594643 ] ] ] } },
{ "type": "Feature", "properties": { "osm_id": "way/1225201682", "name": null, "source": "OpenStreetMap/Overpass", "building": "house", "feature_type": "building", "nearest_transect_id": "T01", "erosion_rate_m_per_year": -0.6, "distance_to_shoreline_m": 90.5, "years_to_impact": null, "risk_level": "bajo", "risk_explanation": "Sin avance erosivo positivo medido", "horizon_years": 30, "exposed_length_m": null, "exposed_area_m2": 0.0 }, "geometry": { "type": "Polygon", "coordinates": [ [ [ -71.6630923, -33.3593675 ], [ -71.6631344, -33.3592845 ], [ -71.6630505, -33.3592549 ], [ -71.6630134, -33.359328299999987 ], [ -71.66292540000002, -33.359297199999986 ], [ -71.6629442, -33.3592602 ], [ -71.6627661, -33.3591972 ], [ -71.6627131, -33.3593018 ], [ -71.6627689, -33.3593216 ], [ -71.6627466, -33.3593655 ], [ -71.6628386, -33.359398 ], [ -71.6628476, -33.3593802 ], [ -71.6629252, -33.3594077 ], [ -71.6629364, -33.3593857 ], [ -71.6629987, -33.3594078 ], [ -71.6629745, -33.3594556 ], [ -71.6630166, -33.3594705 ], [ -71.6630386, -33.3594271 ], [ -71.6630935, -33.3594465 ], [ -71.6631273, -33.3593799 ], [ -71.6630923, -33.3593675 ] ] ] } },
{ "type": "Feature", "properties": { "osm_id": "way/675577905", "name": "Casa de la Cultura", "source": "OpenStreetMap/Overpass", "building": "yes", "feature_type": "building", "nearest_transect_id": "T02", "erosion_rate_m_per_year": -0.492, "distance_to_shoreline_m": 21.3, "years_to_impact": null, "risk_level": "bajo", "risk_explanation": "Sin avance erosivo positivo medido", "horizon_years": 30, "exposed_length_m": null, "exposed_area_m2": 0.0 }, "geometry": { "type": "Polygon", "coordinates": [ [ [ -71.6641861, -33.3591964 ], [ -71.6640525, -33.3592826 ], [ -71.6642104, -33.3594399 ], [ -71.6643562, -33.3593283 ], [ -71.6641861, -33.3591964 ] ] ] } },
{ "type": "Feature", "properties": { "osm_id": "way/1225203605", "name": null, "source": "OpenStreetMap/Overpass", "building": "house", "feature_type": "building", "nearest_transect_id": "T01", "erosion_rate_m_per_year": -0.6, "distance_to_shoreline_m": 85.9, "years_to_impact": null, "risk_level": "bajo", "risk_explanation": "Sin avance erosivo positivo medido", "horizon_years": 30, "exposed_length_m": null, "exposed_area_m2": 0.0 }, "geometry": { "type": "Polygon", "coordinates": [ [ [ -71.6626871, -33.3589334 ], [ -71.6627874, -33.358989 ], [ -71.6627607, -33.3590226 ], [ -71.6628105, -33.3590502 ], [ -71.6629207, -33.3589113 ], [ -71.6627706, -33.3588283 ], [ -71.6626871, -33.3589334 ] ] ] } },
{ "type": "Feature", "properties": { "osm_id": "way/622737199", "name": null, "source": "OpenStreetMap/Overpass", "building": "house", "feature_type": "building", "nearest_transect_id": "T01", "erosion_rate_m_per_year": -0.6, "distance_to_shoreline_m": 135.1, "years_to_impact": null, "risk_level": "bajo", "risk_explanation": "Sin avance erosivo positivo medido", "horizon_years": 30, "exposed_length_m": null, "exposed_area_m2": 0.0 }, "geometry": { "type": "Polygon", "coordinates": [ [ [ -71.6621698, -33.3580994 ], [ -71.6620803, -33.358298099999985 ], [ -71.6622999, -33.3584186 ], [ -71.6624747, -33.3582166 ], [ -71.6624239, -33.358189399999986 ], [ -71.6622897, -33.358318499999989 ], [ -71.66218, -33.358259 ], [ -71.6622775, -33.358136799999983 ], [ -71.6621698, -33.3580994 ] ] ] } },
{ "type": "Feature", "properties": { "osm_id": "way/1242149509", "name": null, "source": "OpenStreetMap/Overpass", "building": "yes", "feature_type": "building", "nearest_transect_id": "T01", "erosion_rate_m_per_year": -0.6, "distance_to_shoreline_m": 186.7, "years_to_impact": null, "risk_level": "bajo", "risk_explanation": "Sin avance erosivo positivo medido", "horizon_years": 30, "exposed_length_m": null, "exposed_area_m2": 0.0 }, "geometry": { "type": "Polygon", "coordinates": [ [ [ -71.6617739, -33.3579618 ], [ -71.6618061, -33.3580243 ], [ -71.6618503, -33.3580085 ], [ -71.6618763, -33.3580591 ], [ -71.6619032, -33.3580495 ], [ -71.6619002, -33.3580775 ], [ -71.6619312, -33.35809 ], [ -71.6619713, -33.3580206 ], [ -71.6619151, -33.3579112 ], [ -71.6617739, -33.3579618 ] ] ] } },
{ "type": "Feature", "properties": { "osm_id": "way/1361535077", "name": "Casa Dominga", "source": "OpenStreetMap/Overpass", "building": "yes", "feature_type": "building", "nearest_transect_id": "T04", "erosion_rate_m_per_year": -0.276, "distance_to_shoreline_m": 421.6, "years_to_impact": null, "risk_level": "bajo", "risk_explanation": "Sin avance erosivo positivo medido", "horizon_years": 30, "exposed_length_m": null, "exposed_area_m2": 0.0 }, "geometry": { "type": "Polygon", "coordinates": [ [ [ -71.6593783, -33.357698799999987 ], [ -71.6593257, -33.3576629 ], [ -71.6592871, -33.3576459 ], [ -71.6592056, -33.3576387 ], [ -71.6591865, -33.3576747 ], [ -71.659227, -33.3576907 ], [ -71.6592093, -33.357724700000013 ], [ -71.6591746, -33.3577118 ], [ -71.6591465, -33.35775790000001 ], [ -71.6592486, -33.3578052 ], [ -71.6592173, -33.3578511 ], [ -71.6593053, -33.3578941 ], [ -71.6594276, -33.3577337 ], [ -71.6593783, -33.357698799999987 ] ] ] } }
]
}
