{
"type": "FeatureCollection",
"name": "buildings_osm_caleta_portales",
"crs": { "type": "name", "properties": { "name": "urn:ogc:def:crs:OGC:1.3:CRS84" } },
"features": [
{ "type": "Feature", "properties": { "osm_id": "way/382308824", "name": null, "source": "OpenStreetMap/Overpass", "building": "yes" }, "geometry": { "type": "Polygon", "coordinates": [ [ [ -71.5998537, -33.0377331 ], [ -71.599847575799373, -33.037749467470185 ], [ -71.599910847474604, -33.037748152236617 ], [ -71.5998537, -33.0377331 ] ] ] } },
{ "type": "Feature", "properties": { "osm_id": "way/382322917", "name": null, "source": "OpenStreetMap/Overpass", "building": "yes" }, "geometry": { "type": "Polygon", "coordinates": [ [ [ -71.5962738, -33.0377225 ], [ -71.5961776, -33.0376894 ], [ -71.596110200028718, -33.037827156610945 ], [ -71.596223794936733, -33.037824795304154 ], [ -71.5962738, -33.0377225 ] ] ] } },
{ "type": "Feature", "properties": { "osm_id": "way/382322918", "name": null, "source": "OpenStreetMap/Overpass", "building": "yes" }, "geometry": { "type": "Polygon", "coordinates": [ [ [ -71.5960877, -33.0378266 ], [ -71.5957838, -33.0377212 ], [ -71.5957511, -33.0377876 ], [ -71.595879124708659, -33.037831959992829 ], [ -71.596087189558673, -33.037827634931503 ], [ -71.5960877, -33.0378266 ] ] ] } },
{ "type": "Feature", "properties": { "osm_id": "way/382322933", "name": null, "source": "OpenStreetMap/Overpass", "building": "yes" }, "geometry": { "type": "Polygon", "coordinates": [ [ [ -71.5957313, -33.0374903 ], [ -71.5956166, -33.0377492 ], [ -71.5957088, -33.0377779 ], [ -71.5958235, -33.037519 ], [ -71.5957313, -33.0374903 ] ] ] } },
{ "type": "Feature", "properties": { "osm_id": "way/355830464", "name": "Escuela Hernán Olguín", "source": "OpenStreetMap/Overpass", "building": "yes" }, "geometry": { "type": "Polygon", "coordinates": [ [ [ -71.5962944, -33.0377149 ], [ -71.5963544, -33.0375784 ], [ -71.5962615, -33.0375497 ], [ -71.5962015, -33.0376863 ], [ -71.5962944, -33.0377149 ] ] ] } },
{ "type": "Feature", "properties": { "osm_id": "way/382308820", "name": null, "source": "OpenStreetMap/Overpass", "building": "apartments" }, "geometry": { "type": "Polygon", "coordinates": [ [ [ -71.5985829, -33.0374399 ], [ -71.5988367, -33.0376725 ], [ -71.5989245, -33.0376052 ], [ -71.5986708, -33.0373726 ], [ -71.5985829, -33.0374399 ] ] ] } },
{ "type": "Feature", "properties": { "osm_id": "way/522097075", "name": "Edificio Los Navegantes", "source": "OpenStreetMap/Overpass", "building": "apartments" }, "geometry": { "type": "Polygon", "coordinates": [ [ [ -71.5969067, -33.0374484 ], [ -71.5969147, -33.0374308 ], [ -71.5967886, -33.0373904 ], [ -71.5967975, -33.0373708 ], [ -71.5966734, -33.037331 ], [ -71.5966471, -33.0373886 ], [ -71.5966289, -33.0373828 ], [ -71.5965742, -33.0375026 ], [ -71.5965966, -33.0375098 ], [ -71.5965846, -33.0375363 ], [ -71.5965683, -33.0375311 ], [ -71.5965287, -33.0376178 ], [ -71.5965514, -33.0376251 ], [ -71.5965311, -33.0376697 ], [ -71.596661, -33.0377114 ], [ -71.5966831, -33.037663 ], [ -71.5967039, -33.0376697 ], [ -71.5967335, -33.0376049 ], [ -71.5967176, -33.0375998 ], [ -71.5967398, -33.0375512 ], [ -71.5967047, -33.0375399 ], [ -71.5967159, -33.0375152 ], [ -71.5968727, -33.0375655 ], [ -71.5968778, -33.0375543 ], [ -71.5969197, -33.0375677 ], [ -71.5969422, -33.0375184 ], [ -71.5969565, -33.037523 ], [ -71.5969798, -33.0374718 ], [ -71.5969067, -33.0374484 ] ] ] } },
{ "type": "Feature", "properties": { "osm_id": "way/382322925", "name": null, "source": "OpenStreetMap/Overpass", "building": "yes" }, "geometry": { "type": "Polygon", "coordinates": [ [ [ -71.5958008, -33.0373776 ], [ -71.5957635, -33.0374559 ], [ -71.5962237, -33.0376098 ], [ -71.5962609, -33.0375315 ], [ -71.5958008, -33.0373776 ] ] ] } },
{ "type": "Feature", "properties": { "osm_id": "way/1079337111", "name": null, "source": "OpenStreetMap/Overpass", "building": "apartments" }, "geometry": { "type": "Polygon", "coordinates": [ [ [ -71.5986702, -33.0373568 ], [ -71.5989071, -33.0371769 ], [ -71.5988346, -33.0371097 ], [ -71.5985976, -33.0372896 ], [ -71.5986702, -33.0373568 ] ] ] } },
{ "type": "Feature", "properties": { "osm_id": "way/370314705", "name": null, "source": "OpenStreetMap/Overpass", "building": "yes" }, "geometry": { "type": "Polygon", "coordinates": [ [ [ -71.5999936, -33.0371377 ], [ -71.600002263976762, -33.037143539919086 ], [ -71.600001860674638, -33.037129814810584 ], [ -71.5999936, -33.0371377 ] ] ] } },
{ "type": "Feature", "properties": { "osm_id": "way/382322922", "name": null, "source": "OpenStreetMap/Overpass", "building": "yes" }, "geometry": { "type": "Polygon", "coordinates": [ [ [ -71.596339, -33.0369634 ], [ -71.5963687, -33.0369054 ], [ -71.596303, -33.0368818 ], [ -71.5962422, -33.0370009 ], [ -71.5963681, -33.0370461 ], [ -71.5963993, -33.0369851 ], [ -71.596339, -33.0369634 ] ] ] } },
{ "type": "Feature", "properties": { "osm_id": "way/382322931", "name": null, "source": "OpenStreetMap/Overpass", "building": "yes" }, "geometry": { "type": "Polygon", "coordinates": [ [ [ -71.5960494, -33.0368037 ], [ -71.595995, -33.0369229 ], [ -71.5961438, -33.0369707 ], [ -71.5961982, -33.0368515 ], [ -71.5960494, -33.0368037 ] ] ] } },
{ "type": "Feature", "properties": { "osm_id": "way/382322927", "name": null, "source": "OpenStreetMap/Overpass", "building": "apartments" }, "geometry": { "type": "Polygon", "coordinates": [ [ [ -71.5976073, -33.036764 ], [ -71.5975053, -33.0369477 ], [ -71.5976039, -33.0369861 ], [ -71.5977059, -33.0368025 ], [ -71.5976073, -33.036764 ] ] ] } },
{ "type": "Feature", "properties": { "osm_id": "way/355830478", "name": null, "source": "OpenStreetMap/Overpass", "building": "school" }, "geometry": { "type": "Polygon", "coordinates": [ [ [ -71.5946547, -33.036737 ], [ -71.5945891, -33.0368822 ], [ -71.5946929, -33.0369152 ], [ -71.5947189, -33.0368578 ], [ -71.5947671, -33.0368732 ], [ -71.5948068, -33.0367854 ], [ -71.5946547, -33.036737 ] ] ] } },
{ "type": "Feature", "properties": { "osm_id": "way/687247034", "name": "Edificio P", "source": "OpenStreetMap/Overpass", "building": "university" }, "geometry": { "type": "Polygon", "coordinates": [ [ [ -71.5941935, -33.0370263 ], [ -71.5943018, -33.0370651 ], [ -71.5943218, -33.0370257 ], [ -71.5943699, -33.0370429 ], [ -71.5944278, -33.0369292 ], [ -71.5943076, -33.0368862 ], [ -71.5943701, -33.0367635 ], [ -71.594436, -33.0367871 ], [ -71.5944707, -33.0367188 ], [ -71.5945068, -33.0366479 ], [ -71.5945941, -33.0366791 ], [ -71.5946315, -33.0366057 ], [ -71.5942751, -33.0364738 ], [ -71.5942134, -33.0365948 ], [ -71.5941666, -33.036684 ], [ -71.5941895, -33.0366922 ], [ -71.594111, -33.0368465 ], [ -71.594079, -33.0369095 ], [ -71.594061, -33.036903 ], [ -71.593967, -33.0370878 ], [ -71.5941322, -33.0371468 ], [ -71.5941578, -33.0370965 ], [ -71.5941935, -33.0370263 ] ] ] } },
{ "type": "Feature", "properties": { "osm_id": "way/1469923979", "name": null, "source": "OpenStreetMap/Overpass", "building": "warehouse" }, "geometry": { "type": "Polygon", "coordinates": [ [ [ -71.5995458, -33.0366313 ], [ -71.599527, -33.0366189 ], [ -71.5994161, -33.0367605 ], [ -71.5994333, -33.0367721 ], [ -71.5995458, -33.0366313 ] ] ] } },
{ "type": "Feature", "properties": { "osm_id": "way/382322930", "name": null, "source": "OpenStreetMap/Overpass", "building": "apartments" }, "geometry": { "type": "Polygon", "coordinates": [ [ [ -71.5977651, -33.0365705 ], [ -71.5976654, -33.0367485 ], [ -71.5977567, -33.0367844 ], [ -71.5978563, -33.0366064 ], [ -71.5977651, -33.0365705 ] ] ] } },
{ "type": "Feature", "properties": { "osm_id": "way/1278343073", "name": null, "source": "OpenStreetMap/Overpass", "building": "office" }, "geometry": { "type": "Polygon", "coordinates": [ [ [ -71.5952747, -33.0366136 ], [ -71.5952594, -33.0366402 ], [ -71.5953234, -33.0366662 ], [ -71.5954038, -33.0365269 ], [ -71.5953397, -33.0365009 ], [ -71.5952747, -33.0366136 ] ] ] } },
{ "type": "Feature", "properties": { "osm_id": "way/313489307", "name": null, "source": "OpenStreetMap/Overpass", "building": "yes" }, "geometry": { "type": "Polygon", "coordinates": [ [ [ -71.5941642, -33.036434 ], [ -71.5941025, -33.0365551 ], [ -71.5942134, -33.0365948 ], [ -71.5942751, -33.0364738 ], [ -71.5941642, -33.036434 ] ] ] } },
{ "type": "Feature", "properties": { "osm_id": "way/532640585", "name": "Edificio Matta", "source": "OpenStreetMap/Overpass", "building": "apartments" }, "geometry": { "type": "Polygon", "coordinates": [ [ [ -71.5922552, -33.0372958 ], [ -71.5922043, -33.0373985 ], [ -71.5926264, -33.0375454 ], [ -71.5926621, -33.0374733 ], [ -71.5923384, -33.0373606 ], [ -71.5923535, -33.03733 ], [ -71.5922552, -33.0372958 ] ] ] } },
{ "type": "Feature", "properties": { "osm_id": "way/687247040", "name": null, "source": "OpenStreetMap/Overpass", "building": "yes" }, "geometry": { "type": "Polygon", "coordinates": [ [ [ -71.5925397, -33.0366756 ], [ -71.5924847, -33.0367786 ], [ -71.5925477, -33.0368022 ], [ -71.5926026, -33.0366992 ], [ -71.5925397, -33.0366756 ] ] ] } },
{ "type": "Feature", "properties": { "osm_id": "way/687247039", "name": null, "source": "OpenStreetMap/Overpass", "building": "yes" }, "geometry": { "type": "Polygon", "coordinates": [ [ [ -71.5921884, -33.0365961 ], [ -71.5921575, -33.0366665 ], [ -71.5922995, -33.0367103 ], [ -71.5923304, -33.0366398 ], [ -71.5921884, -33.0365961 ] ] ] } },
{ "type": "Feature", "properties": { "osm_id": "way/687247041", "name": null, "source": "OpenStreetMap/Overpass", "building": "yes" }, "geometry": { "type": "Polygon", "coordinates": [ [ [ -71.5927021, -33.0365855 ], [ -71.5926009, -33.0365487 ], [ -71.5925511, -33.0366449 ], [ -71.5926751, -33.03669 ], [ -71.5927249, -33.0365938 ], [ -71.5927021, -33.0365855 ] ] ] } },
{ "type": "Feature", "properties": { "osm_id": "way/687247042", "name": null, "source": "OpenStreetMap/Overpass", "building": "yes" }, "geometry": { "type": "Polygon", "coordinates": [ [ [ -71.5926338, -33.0364852 ], [ -71.5926009, -33.0365487 ], [ -71.5927021, -33.0365855 ], [ -71.592735, -33.036522 ], [ -71.5926338, -33.0364852 ] ] ] } },
{ "type": "Feature", "properties": { "osm_id": "way/687247043", "name": null, "source": "OpenStreetMap/Overpass", "building": "house" }, "geometry": { "type": "Polygon", "coordinates": [ [ [ -71.5926624, -33.036484 ], [ -71.5927677, -33.0365176 ], [ -71.5927884, -33.0364718 ], [ -71.5926831, -33.0364383 ], [ -71.5926624, -33.036484 ] ] ] } },
{ "type": "Feature", "properties": { "osm_id": "way/555599251", "name": null, "source": "OpenStreetMap/Overpass", "building": "university" }, "geometry": { "type": "Polygon", "coordinates": [ [ [ -71.59311, -33.0360626 ], [ -71.5930248, -33.0360345 ], [ -71.5929786, -33.0361335 ], [ -71.5929681, -33.0361905 ], [ -71.5929366, -33.0362628 ], [ -71.5929279, -33.0362608 ], [ -71.5929162, -33.0362881 ], [ -71.5928753, -33.0362752 ], [ -71.5929068, -33.0362066 ], [ -71.5927834, -33.0361605 ], [ -71.5927328, -33.0362774 ], [ -71.5927462, -33.0362827 ], [ -71.5926949, -33.0363926 ], [ -71.5929182, -33.0364747 ], [ -71.59311, -33.0360626 ] ] ] } },
{ "type": "Feature", "properties": { "osm_id": "way/687247037", "name": null, "source": "OpenStreetMap/Overpass", "building": "yes" }, "geometry": { "type": "Polygon", "coordinates": [ [ [ -71.5933459, -33.03617 ], [ -71.5932931, -33.0362885 ], [ -71.5933773, -33.0363149 ], [ -71.5933949, -33.0362754 ], [ -71.5934107, -33.0362804 ], [ -71.5934459, -33.0362014 ], [ -71.5933459, -33.03617 ] ] ] } },
{ "type": "Feature", "properties": { "osm_id": "way/687247038", "name": null, "source": "OpenStreetMap/Overpass", "building": "house" }, "geometry": { "type": "Polygon", "coordinates": [ [ [ -71.5932185, -33.0361522 ], [ -71.5931612, -33.0362879 ], [ -71.5932376, -33.0363106 ], [ -71.5932874, -33.0361926 ], [ -71.5932634, -33.0361855 ], [ -71.5932709, -33.0361678 ], [ -71.5932185, -33.0361522 ] ] ] } },
{ "type": "Feature", "properties": { "osm_id": "way/313489308", "name": null, "source": "OpenStreetMap/Overpass", "building": "yes" }, "geometry": { "type": "Polygon", "coordinates": [ [ [ -71.5929008, -33.0359998 ], [ -71.5928663, -33.0360147 ], [ -71.5928325, -33.0360763 ], [ -71.5928185, -33.0361018 ], [ -71.5929118, -33.0361378 ], [ -71.5929232, -33.0361169 ], [ -71.5929786, -33.0361335 ], [ -71.5930248, -33.0360345 ], [ -71.5929008, -33.0359998 ] ] ] } },
{ "type": "Feature", "properties": { "osm_id": "way/605654832", "name": null, "source": "OpenStreetMap/Overpass", "building": "yes" }, "geometry": { "type": "Polygon", "coordinates": [ [ [ -71.5920581, -33.0378919 ], [ -71.591958, -33.0378589 ], [ -71.5919399, -33.0378999 ], [ -71.591974517282651, -33.03791312539191 ], [ -71.592048209066718, -33.037911593554675 ], [ -71.5920581, -33.0378919 ] ] ] } },
{ "type": "Feature", "properties": { "osm_id": "way/605654833", "name": null, "source": "OpenStreetMap/Overpass", "building": "yes" }, "geometry": { "type": "Polygon", "coordinates": [ [ [ -71.5919623, -33.0378517 ], [ -71.592056, -33.037883 ], [ -71.5920911, -33.0378116 ], [ -71.5920006, -33.0377786 ], [ -71.5919623, -33.0378517 ] ] ] } },
{ "type": "Feature", "properties": { "osm_id": "way/605654831", "name": "Parroquia Nuestra Señora De Lourdes", "source": "OpenStreetMap/Overpass", "building": "yes" }, "geometry": { "type": "Polygon", "coordinates": [ [ [ -71.5913623, -33.0374951 ], [ -71.5912729, -33.0376789 ], [ -71.5917317, -33.0378386 ], [ -71.5918168, -33.0376629 ], [ -71.5913623, -33.0374951 ] ] ] } },
{ "type": "Feature", "properties": { "osm_id": "way/605654829", "name": null, "source": "OpenStreetMap/Overpass", "building": "house" }, "geometry": { "type": "Polygon", "coordinates": [ [ [ -71.592269, -33.0376267 ], [ -71.5920875, -33.0375705 ], [ -71.5920455, -33.0376658 ], [ -71.5922271, -33.0377219 ], [ -71.592269, -33.0376267 ] ] ] } },
{ "type": "Feature", "properties": { "osm_id": "way/605654827", "name": "Snack Batton", "source": "OpenStreetMap/Overpass", "building": "yes" }, "geometry": { "type": "Polygon", "coordinates": [ [ [ -71.5918347, -33.037457 ], [ -71.5917824, -33.0375605 ], [ -71.5918401, -33.037574 ], [ -71.5918709, -33.0375672 ], [ -71.5919165, -33.037484 ], [ -71.5918347, -33.037457 ] ] ] } },
{ "type": "Feature", "properties": { "osm_id": "way/532640584", "name": "Edificio Alto Miramar", "source": "OpenStreetMap/Overpass", "building": "apartments" }, "geometry": { "type": "Polygon", "coordinates": [ [ [ -71.59219, -33.0369343 ], [ -71.5921794, -33.0369306 ], [ -71.5921908, -33.0369079 ], [ -71.5921769, -33.036903 ], [ -71.5921888, -33.0368794 ], [ -71.5921396, -33.0368619 ], [ -71.5921434, -33.0368544 ], [ -71.5919748, -33.0367944 ], [ -71.5919698, -33.0368041 ], [ -71.5918684, -33.036768 ], [ -71.5918629, -33.0367788 ], [ -71.5918348, -33.0367688 ], [ -71.5917973, -33.0368428 ], [ -71.5920006, -33.0369152 ], [ -71.5919928, -33.0369305 ], [ -71.5920174, -33.0369392 ], [ -71.5920011, -33.0369715 ], [ -71.5920235, -33.0369794 ], [ -71.5920266, -33.0369734 ], [ -71.5920766, -33.0369911 ], [ -71.5920884, -33.0369675 ], [ -71.5921604, -33.036993 ], [ -71.59219, -33.0369343 ] ] ] } },
{ "type": "Feature", "properties": { "osm_id": "way/553109078", "name": null, "source": "OpenStreetMap/Overpass", "building": "yes" }, "geometry": { "type": "Polygon", "coordinates": [ [ [ -71.5914789, -33.036021 ], [ -71.591442, -33.0360902 ], [ -71.5915469, -33.0361295 ], [ -71.5915838, -33.0360604 ], [ -71.5914789, -33.036021 ] ] ] } },
{ "type": "Feature", "properties": { "osm_id": "way/517804318", "name": null, "source": "OpenStreetMap/Overpass", "building": "house" }, "geometry": { "type": "Polygon", "coordinates": [ [ [ -71.5920257, -33.0354516 ], [ -71.5920321, -33.0354294 ], [ -71.5920007, -33.0354231 ], [ -71.5920043, -33.0354106 ], [ -71.5919588, -33.0354014 ], [ -71.59193, -33.0354959 ], [ -71.5920353, -33.0355174 ], [ -71.5920528, -33.0354571 ], [ -71.5920257, -33.0354516 ] ] ] } },
{ "type": "Feature", "properties": { "osm_id": "way/517804319", "name": null, "source": "OpenStreetMap/Overpass", "building": "house" }, "geometry": { "type": "Polygon", "coordinates": [ [ [ -71.5919302, -33.0353738 ], [ -71.5919216, -33.0354018 ], [ -71.5918723, -33.0353912 ], [ -71.5918458, -33.0354778 ], [ -71.59193, -33.0354959 ], [ -71.5919588, -33.0354014 ], [ -71.591965, -33.0353813 ], [ -71.5919302, -33.0353738 ] ] ] } },
{ "type": "Feature", "properties": { "osm_id": "way/517804320", "name": null, "source": "OpenStreetMap/Overpass", "building": "house" }, "geometry": { "type": "Polygon", "coordinates": [ [ [ -71.5918062, -33.0353766 ], [ -71.5917791, -33.0354631 ], [ -71.5918458, -33.0354778 ], [ -71.5918723, -33.0353912 ], [ -71.5918062, -33.0353766 ] ] ] } },
{ "type": "Feature", "properties": { "osm_id": "way/553109080", "name": null, "source": "OpenStreetMap/Overpass", "building": "yes" }, "geometry": { "type": "Polygon", "coordinates": [ [ [ -71.5940278, -33.0363868 ], [ -71.593983, -33.0364001 ], [ -71.5939497, -33.0364654 ], [ -71.5940696, -33.0365084 ], [ -71.5940354, -33.0365753 ], [ -71.5940834, -33.0365925 ], [ -71.5941025, -33.0365551 ], [ -71.5941642, -33.036434 ], [ -71.5940278, -33.0363868 ] ] ] } },
{ "type": "Feature", "properties": { "osm_id": "way/1421601138", "name": null, "source": "OpenStreetMap/Overpass", "building": "yes" }, "geometry": { "type": "Polygon", "coordinates": [ [ [ -71.5954866, -33.0363054 ], [ -71.5953753, -33.0364729 ], [ -71.595422, -33.0364949 ], [ -71.5955628, -33.0363656 ], [ -71.5954866, -33.0363054 ] ] ] } },
{ "type": "Feature", "properties": { "osm_id": "way/382322923", "name": null, "source": "OpenStreetMap/Overpass", "building": "apartments" }, "geometry": { "type": "Polygon", "coordinates": [ [ [ -71.5979312, -33.0362371 ], [ -71.597788, -33.0364838 ], [ -71.5978889, -33.0365249 ], [ -71.598032, -33.0362782 ], [ -71.5979312, -33.0362371 ] ] ] } },
{ "type": "Feature", "properties": { "osm_id": "way/687247035", "name": null, "source": "OpenStreetMap/Overpass", "building": "house" }, "geometry": { "type": "Polygon", "coordinates": [ [ [ -71.5937199, -33.0363181 ], [ -71.5936769, -33.036411 ], [ -71.5937767, -33.0364435 ], [ -71.5938198, -33.0363506 ], [ -71.5937199, -33.0363181 ] ] ] } },
{ "type": "Feature", "properties": { "osm_id": "way/1469923978", "name": "Bodega ex Maestranza Cabriteria", "source": "OpenStreetMap/Overpass", "building": "warehouse" }, "geometry": { "type": "Polygon", "coordinates": [ [ [ -71.599854, -33.0362971 ], [ -71.5992856, -33.0359428 ], [ -71.5989938, -33.0362682 ], [ -71.599527, -33.0366189 ], [ -71.5995458, -33.0366313 ], [ -71.599854, -33.0362971 ] ] ] } },
{ "type": "Feature", "properties": { "osm_id": "way/687247036", "name": null, "source": "OpenStreetMap/Overpass", "building": "yes" }, "geometry": { "type": "Polygon", "coordinates": [ [ [ -71.5935141, -33.0362157 ], [ -71.5934689, -33.0363017 ], [ -71.5935775, -33.0363419 ], [ -71.5936228, -33.0362559 ], [ -71.5935141, -33.0362157 ] ] ] } },
{ "type": "Feature", "properties": { "osm_id": "way/382322921", "name": null, "source": "OpenStreetMap/Overpass", "building": "apartments" }, "geometry": { "type": "Polygon", "coordinates": [ [ [ -71.5976942, -33.0361019 ], [ -71.5976579, -33.0361713 ], [ -71.5976336, -33.0361624 ], [ -71.5976058, -33.0362157 ], [ -71.5975827, -33.0362072 ], [ -71.5975467, -33.036276 ], [ -71.5975006, -33.0362591 ], [ -71.5974723, -33.0363131 ], [ -71.5975778, -33.0363518 ], [ -71.5976107, -33.0362889 ], [ -71.5976407, -33.0362999 ], [ -71.5976715, -33.0362409 ], [ -71.5977038, -33.0362528 ], [ -71.5977399, -33.0361838 ], [ -71.5977655, -33.0361932 ], [ -71.597794, -33.0361385 ], [ -71.5976942, -33.0361019 ] ] ] } },
{ "type": "Feature", "properties": { "osm_id": "way/336761854", "name": "Edificio K - CIAC", "source": "OpenStreetMap/Overpass", "building": "university" }, "geometry": { "type": "Polygon", "coordinates": [ [ [ -71.5955901, -33.0363357 ], [ -71.5958391, -33.0361814 ], [ -71.5957858, -33.0361209 ], [ -71.5957589, -33.0361375 ], [ -71.5957313, -33.0361063 ], [ -71.5955091, -33.0362439 ], [ -71.5955901, -33.0363357 ] ] ] } },
{ "type": "Feature", "properties": { "osm_id": "way/382322924", "name": null, "source": "OpenStreetMap/Overpass", "building": "apartments" }, "geometry": { "type": "Polygon", "coordinates": [ [ [ -71.5974197, -33.0358515 ], [ -71.597227, -33.0362384 ], [ -71.5973387, -33.0362775 ], [ -71.5975314, -33.0358907 ], [ -71.5974197, -33.0358515 ] ] ] } },
{ "type": "Feature", "properties": { "osm_id": "way/1278343193", "name": "Edificio C", "source": "OpenStreetMap/Overpass", "building": "university" }, "geometry": { "type": "Polygon", "coordinates": [ [ [ -71.5939343, -33.0360367 ], [ -71.5940001, -33.0360604 ], [ -71.5940643, -33.0360836 ], [ -71.5941243, -33.0361052 ], [ -71.5942565, -33.0361529 ], [ -71.5944546, -33.0362243 ], [ -71.5945431, -33.0362563 ], [ -71.5946056, -33.0362788 ], [ -71.5952293, -33.0365038 ], [ -71.5952956, -33.0363747 ], [ -71.5953565, -33.0362559 ], [ -71.5954087, -33.0361543 ], [ -71.5954255, -33.0361216 ], [ -71.5954544, -33.0360652 ], [ -71.5952847, -33.036004 ], [ -71.5952228, -33.0359817 ], [ -71.5951614, -33.0359596 ], [ -71.5949544, -33.0358849 ], [ -71.5949042, -33.0358668 ], [ -71.5948307, -33.0358403 ], [ -71.5948151, -33.0358707 ], [ -71.5947546, -33.0358489 ], [ -71.594664, -33.0358162 ], [ -71.5946796, -33.0357858 ], [ -71.5945905, -33.0357536 ], [ -71.594471, -33.0357105 ], [ -71.5943965, -33.0356837 ], [ -71.5942615, -33.035635 ], [ -71.5941585, -33.0355978 ], [ -71.5940961, -33.0355753 ], [ -71.593973, -33.0355309 ], [ -71.593924, -33.0356264 ], [ -71.5938902, -33.0356923 ], [ -71.5938713, -33.035729 ], [ -71.5938105, -33.0358474 ], [ -71.5937479, -33.0359695 ], [ -71.5938702, -33.0360136 ], [ -71.5939343, -33.0360367 ] ] ] } },
{ "type": "Feature", "properties": { "osm_id": "way/1297788259", "name": "Edificio C", "source": "OpenStreetMap/Overpass", "building": "university" }, "geometry": { "type": "Polygon", "coordinates": [ [ [ -71.5939343, -33.0360367 ], [ -71.5940001, -33.0360604 ], [ -71.5940643, -33.0360836 ], [ -71.5941243, -33.0361052 ], [ -71.5942565, -33.0361529 ], [ -71.5944546, -33.0362243 ], [ -71.5946056, -33.0362788 ], [ -71.5952293, -33.0365038 ], [ -71.5952956, -33.0363747 ], [ -71.5953565, -33.0362559 ], [ -71.5954087, -33.0361543 ], [ -71.5954193, -33.0361336 ], [ -71.5954255, -33.0361216 ], [ -71.5954544, -33.0360652 ], [ -71.5952847, -33.036004 ], [ -71.5952228, -33.0359817 ], [ -71.5951614, -33.0359596 ], [ -71.5949544, -33.0358849 ], [ -71.5949042, -33.0358668 ], [ -71.5948307, -33.0358403 ], [ -71.5948151, -33.0358707 ], [ -71.5947546, -33.0358489 ], [ -71.594664, -33.0358162 ], [ -71.5946796, -33.0357858 ], [ -71.5945905, -33.0357536 ], [ -71.594471, -33.0357105 ], [ -71.5943965, -33.0356837 ], [ -71.5942615, -33.035635 ], [ -71.5941585, -33.0355978 ], [ -71.5940961, -33.0355753 ], [ -71.593973, -33.0355309 ], [ -71.593924, -33.0356264 ], [ -71.5938902, -33.0356923 ], [ -71.5938713, -33.035729 ], [ -71.5938105, -33.0358474 ], [ -71.5937479, -33.0359695 ], [ -71.5938702, -33.0360136 ], [ -71.5939343, -33.0360367 ] ] ] } },
{ "type": "Feature", "properties": { "osm_id": "way/1278343166", "name": null, "source": "OpenStreetMap/Overpass", "building": "yes" }, "geometry": { "type": "Polygon", "coordinates": [ [ [ -71.5936122, -33.0359166 ], [ -71.5935604, -33.0360232 ], [ -71.593617, -33.0360426 ], [ -71.5936689, -33.0359359 ], [ -71.5936122, -33.0359166 ] ] ] } },
{ "type": "Feature", "properties": { "osm_id": "way/1421601128", "name": null, "source": "OpenStreetMap/Overpass", "building": "yes" }, "geometry": { "type": "Polygon", "coordinates": [ [ [ -71.5935488, -33.0358615 ], [ -71.5934945, -33.0359762 ], [ -71.5935599, -33.035998 ], [ -71.5936142, -33.0358833 ], [ -71.5935488, -33.0358615 ] ] ] } },
{ "type": "Feature", "properties": { "osm_id": "way/382322919", "name": null, "source": "OpenStreetMap/Overpass", "building": "apartments" }, "geometry": { "type": "Polygon", "coordinates": [ [ [ -71.5970765, -33.035772 ], [ -71.5970481, -33.0358392 ], [ -71.5970121, -33.0358284 ], [ -71.5969903, -33.0358799 ], [ -71.5969511, -33.0358682 ], [ -71.5969194, -33.035943 ], [ -71.596886, -33.035933 ], [ -71.5968613, -33.0359911 ], [ -71.5969737, -33.0360246 ], [ -71.5970029, -33.0359558 ], [ -71.5970413, -33.0359672 ], [ -71.5970662, -33.0359083 ], [ -71.5970998, -33.0359183 ], [ -71.5971324, -33.0358415 ], [ -71.5971683, -33.0358522 ], [ -71.5971882, -33.0358053 ], [ -71.5970765, -33.035772 ] ] ] } },
{ "type": "Feature", "properties": { "osm_id": "way/1278343091", "name": "Edificio Q - Cafetería Vivendum", "source": "OpenStreetMap/Overpass", "building": "university" }, "geometry": { "type": "Polygon", "coordinates": [ [ [ -71.5959728, -33.0357401 ], [ -71.5959122, -33.0358638 ], [ -71.5960043, -33.0358955 ], [ -71.596065, -33.0357718 ], [ -71.5959728, -33.0357401 ] ] ] } },
{ "type": "Feature", "properties": { "osm_id": "way/1421601127", "name": null, "source": "OpenStreetMap/Overpass", "building": "yes" }, "geometry": { "type": "Polygon", "coordinates": [ [ [ -71.5936601, -33.0356624 ], [ -71.5935908, -33.0358104 ], [ -71.5937015, -33.0358468 ], [ -71.5937708, -33.0356988 ], [ -71.5936601, -33.0356624 ] ] ] } },
{ "type": "Feature", "properties": { "osm_id": "way/1421601126", "name": null, "source": "OpenStreetMap/Overpass", "building": "yes" }, "geometry": { "type": "Polygon", "coordinates": [ [ [ -71.5934395, -33.0355992 ], [ -71.5933859, -33.0357022 ], [ -71.5934688, -33.0357326 ], [ -71.5935224, -33.0356296 ], [ -71.5934395, -33.0355992 ] ] ] } },
{ "type": "Feature", "properties": { "osm_id": "way/1278343071", "name": "Edificio Comerdores", "source": "OpenStreetMap/Overpass", "building": "university" }, "geometry": { "type": "Polygon", "coordinates": [ [ [ -71.5961801, -33.0355087 ], [ -71.5962256, -33.0354225 ], [ -71.5960642, -33.0353626 ], [ -71.5960298, -33.0354277 ], [ -71.5959926, -33.0354139 ], [ -71.5959692, -33.0354582 ], [ -71.5958133, -33.0354003 ], [ -71.5957822, -33.0354592 ], [ -71.5962428, -33.0356302 ], [ -71.5962862, -33.0355481 ], [ -71.596254, -33.0355361 ], [ -71.5961801, -33.0355087 ] ] ] } },
{ "type": "Feature", "properties": { "osm_id": "way/1278343153", "name": "Kiosko", "source": "OpenStreetMap/Overpass", "building": "yes" }, "geometry": { "type": "Polygon", "coordinates": [ [ [ -71.5955668, -33.0353542 ], [ -71.5955394, -33.0353897 ], [ -71.595562, -33.0354019 ], [ -71.5955894, -33.0353664 ], [ -71.5955668, -33.0353542 ] ] ] } },
{ "type": "Feature", "properties": { "osm_id": "way/1278343048", "name": "Edificio D", "source": "OpenStreetMap/Overpass", "building": "university" }, "geometry": { "type": "Polygon", "coordinates": [ [ [ -71.5959692, -33.0354582 ], [ -71.5959926, -33.0354139 ], [ -71.5960298, -33.0354277 ], [ -71.5960642, -33.0353626 ], [ -71.5962256, -33.0354225 ], [ -71.5961801, -33.0355087 ], [ -71.596254, -33.0355361 ], [ -71.5962947, -33.035459 ], [ -71.5963365, -33.0354745 ], [ -71.5964079, -33.0353394 ], [ -71.5963643, -33.0353232 ], [ -71.5963875, -33.0352794 ], [ -71.5960483, -33.0351535 ], [ -71.5960673, -33.0351174 ], [ -71.5959799, -33.035085 ], [ -71.5958133, -33.0354003 ], [ -71.5959692, -33.0354582 ] ] ] } },
{ "type": "Feature", "properties": { "osm_id": "way/298985047", "name": "Sansamed", "source": "OpenStreetMap/Overpass", "building": "yes" }, "geometry": { "type": "Polygon", "coordinates": [ [ [ -71.5934616, -33.0358619 ], [ -71.5933496, -33.0358197 ], [ -71.5933068, -33.0358996 ], [ -71.5934188, -33.0359417 ], [ -71.5934616, -33.0358619 ] ] ] } },
{ "type": "Feature", "properties": { "osm_id": "way/687247045", "name": null, "source": "OpenStreetMap/Overpass", "building": "yes" }, "geometry": { "type": "Polygon", "coordinates": [ [ [ -71.593178, -33.0357957 ], [ -71.5931881, -33.0357743 ], [ -71.593155, -33.0357633 ], [ -71.5931117, -33.0358548 ], [ -71.5932277, -33.0358934 ], [ -71.5932609, -33.0358233 ], [ -71.593178, -33.0357957 ] ] ] } },
{ "type": "Feature", "properties": { "osm_id": "way/1278343117", "name": "Edificio R", "source": "OpenStreetMap/Overpass", "building": "university" }, "geometry": { "type": "Polygon", "coordinates": [ [ [ -71.5929895, -33.035672 ], [ -71.5929069, -33.0356414 ], [ -71.5928459, -33.0357706 ], [ -71.5929084, -33.0357929 ], [ -71.5929511, -33.0358068 ], [ -71.5929638, -33.0357815 ], [ -71.5931127, -33.0358321 ], [ -71.5932107, -33.035626 ], [ -71.5930798, -33.0355792 ], [ -71.5930264, -33.0356842 ], [ -71.5929895, -33.035672 ] ] ] } },
{ "type": "Feature", "properties": { "osm_id": "way/298986389", "name": "Sansanito", "source": "OpenStreetMap/Overpass", "building": "yes" }, "geometry": { "type": "Polygon", "coordinates": [ [ [ -71.5933911, -33.0356252 ], [ -71.5932913, -33.0355911 ], [ -71.593255, -33.0356656 ], [ -71.5932105, -33.0356504 ], [ -71.5931729, -33.0357277 ], [ -71.5933173, -33.0357771 ], [ -71.5933911, -33.0356252 ] ] ] } },
{ "type": "Feature", "properties": { "osm_id": "way/577285641", "name": null, "source": "OpenStreetMap/Overpass", "building": "house" }, "geometry": { "type": "Polygon", "coordinates": [ [ [ -71.5926853, -33.0350812 ], [ -71.5926545, -33.0350728 ], [ -71.5926786, -33.0350106 ], [ -71.5926346, -33.0349971 ], [ -71.5925848, -33.0349861 ], [ -71.5925449, -33.0350888 ], [ -71.5926692, -33.0351227 ], [ -71.5926853, -33.0350812 ] ] ] } },
{ "type": "Feature", "properties": { "osm_id": "way/577285640", "name": "Federación de Estudiantes de la Universidad Técnica Federico Santa María", "source": "OpenStreetMap/Overpass", "building": "yes" }, "geometry": { "type": "Polygon", "coordinates": [ [ [ -71.592742, -33.034959 ], [ -71.5927222, -33.0349221 ], [ -71.5926661, -33.0349074 ], [ -71.5926556, -33.0349305 ], [ -71.5926346, -33.0349971 ], [ -71.5926786, -33.0350106 ], [ -71.5927188, -33.0350211 ], [ -71.592742, -33.034959 ] ] ] } },
{ "type": "Feature", "properties": { "osm_id": "way/577622768", "name": null, "source": "OpenStreetMap/Overpass", "building": "house" }, "geometry": { "type": "Polygon", "coordinates": [ [ [ -71.5924616, -33.0348905 ], [ -71.5924303, -33.034997 ], [ -71.5925201, -33.0350154 ], [ -71.5925319, -33.0349745 ], [ -71.592551, -33.0349085 ], [ -71.5924616, -33.0348905 ] ] ] } },
{ "type": "Feature", "properties": { "osm_id": "way/577622765", "name": null, "source": "OpenStreetMap/Overpass", "building": "house" }, "geometry": { "type": "Polygon", "coordinates": [ [ [ -71.592551, -33.0349085 ], [ -71.5925319, -33.0349745 ], [ -71.5925848, -33.0349861 ], [ -71.5926346, -33.0349971 ], [ -71.5926556, -33.0349305 ], [ -71.592551, -33.0349085 ] ] ] } },
{ "type": "Feature", "properties": { "osm_id": "way/173079185", "name": "Edificio M", "source": "OpenStreetMap/Overpass", "building": "university" }, "geometry": { "type": "Polygon", "coordinates": [ [ [ -71.59288, -33.035111 ], [ -71.5928664, -33.0351582 ], [ -71.5930133, -33.0351881 ], [ -71.5930224, -33.0351588 ], [ -71.5931051, -33.0348711 ], [ -71.5931337, -33.0348769 ], [ -71.5931566, -33.0347977 ], [ -71.593126, -33.0347914 ], [ -71.5931445, -33.0347274 ], [ -71.5929997, -33.0346979 ], [ -71.59288, -33.035111 ] ] ] } },
{ "type": "Feature", "properties": { "osm_id": "way/577622771", "name": null, "source": "OpenStreetMap/Overpass", "building": "house" }, "geometry": { "type": "Polygon", "coordinates": [ [ [ -71.5923423, -33.0349651 ], [ -71.5923385, -33.0349781 ], [ -71.5924303, -33.034997 ], [ -71.5924616, -33.0348905 ], [ -71.5923698, -33.0348716 ], [ -71.5923423, -33.0349651 ] ] ] } },
{ "type": "Feature", "properties": { "osm_id": "way/517804321", "name": null, "source": "OpenStreetMap/Overpass", "building": "house" }, "geometry": { "type": "Polygon", "coordinates": [ [ [ -71.5916327, -33.0353318 ], [ -71.5916243, -33.0353599 ], [ -71.5915985, -33.0353545 ], [ -71.5915846, -33.0354012 ], [ -71.5915706, -33.0353982 ], [ -71.5915553, -33.0354497 ], [ -71.5916503, -33.0354697 ], [ -71.591688, -33.0353434 ], [ -71.5916327, -33.0353318 ] ] ] } },
{ "type": "Feature", "properties": { "osm_id": "way/517804322", "name": null, "source": "OpenStreetMap/Overpass", "building": "house" }, "geometry": { "type": "Polygon", "coordinates": [ [ [ -71.5915214, -33.0353385 ], [ -71.5914921, -33.0354363 ], [ -71.5915553, -33.0354497 ], [ -71.5915706, -33.0353982 ], [ -71.5915846, -33.0354012 ], [ -71.5915985, -33.0353545 ], [ -71.5915214, -33.0353385 ] ] ] } },
{ "type": "Feature", "properties": { "osm_id": "way/517804323", "name": null, "source": "OpenStreetMap/Overpass", "building": "house" }, "geometry": { "type": "Polygon", "coordinates": [ [ [ -71.5915214, -33.0353385 ], [ -71.5914296, -33.0353189 ], [ -71.5913998, -33.0354166 ], [ -71.5914921, -33.0354363 ], [ -71.5915214, -33.0353385 ] ] ] } },
{ "type": "Feature", "properties": { "osm_id": "way/517804317", "name": "Dirección de Recursos Humanos", "source": "OpenStreetMap/Overpass", "building": "university" }, "geometry": { "type": "Polygon", "coordinates": [ [ [ -71.592122, -33.035229 ], [ -71.5920905, -33.0353454 ], [ -71.5922642, -33.0353784 ], [ -71.5922906, -33.0352807 ], [ -71.5922158, -33.0352665 ], [ -71.5922209, -33.0352477 ], [ -71.592122, -33.035229 ] ] ] } },
{ "type": "Feature", "properties": { "osm_id": "way/577622818", "name": null, "source": "OpenStreetMap/Overpass", "building": "house" }, "geometry": { "type": "Polygon", "coordinates": [ [ [ -71.5920108, -33.035276 ], [ -71.5918678, -33.0352449 ], [ -71.5918468, -33.0353115 ], [ -71.5919916, -33.0353421 ], [ -71.5920108, -33.035276 ] ] ] } },
{ "type": "Feature", "properties": { "osm_id": "way/577622821", "name": null, "source": "OpenStreetMap/Overpass", "building": "house" }, "geometry": { "type": "Polygon", "coordinates": [ [ [ -71.5915846, -33.0351914 ], [ -71.591579, -33.035212 ], [ -71.5915229, -33.0352013 ], [ -71.5915097, -33.0352496 ], [ -71.5916743, -33.035281 ], [ -71.591693, -33.0352121 ], [ -71.5915846, -33.0351914 ] ] ] } },
{ "type": "Feature", "properties": { "osm_id": "way/577622815", "name": null, "source": "OpenStreetMap/Overpass", "building": "house" }, "geometry": { "type": "Polygon", "coordinates": [ [ [ -71.5920319, -33.0352077 ], [ -71.5918877, -33.0351787 ], [ -71.5918678, -33.0352449 ], [ -71.5920108, -33.035276 ], [ -71.5920319, -33.0352077 ] ] ] } },
{ "type": "Feature", "properties": { "osm_id": "way/577622825", "name": null, "source": "OpenStreetMap/Overpass", "building": "house" }, "geometry": { "type": "Polygon", "coordinates": [ [ [ -71.5916031, -33.0351298 ], [ -71.5915846, -33.0351914 ], [ -71.591693, -33.0352121 ], [ -71.5917104, -33.0351508 ], [ -71.5916031, -33.0351298 ] ] ] } },
{ "type": "Feature", "properties": { "osm_id": "way/577622812", "name": null, "source": "OpenStreetMap/Overpass", "building": "house" }, "geometry": { "type": "Polygon", "coordinates": [ [ [ -71.5920319, -33.0352077 ], [ -71.5920479, -33.0352109 ], [ -71.5920674, -33.035143 ], [ -71.5919074, -33.0351113 ], [ -71.5918877, -33.0351787 ], [ -71.5920319, -33.0352077 ] ] ] } },
{ "type": "Feature", "properties": { "osm_id": "way/577622828", "name": null, "source": "OpenStreetMap/Overpass", "building": "house" }, "geometry": { "type": "Polygon", "coordinates": [ [ [ -71.5915765, -33.0350502 ], [ -71.5915561, -33.0351195 ], [ -71.5916031, -33.0351298 ], [ -71.5917104, -33.0351508 ], [ -71.5917308, -33.0350821 ], [ -71.5915765, -33.0350502 ] ] ] } },
{ "type": "Feature", "properties": { "osm_id": "way/577622809", "name": null, "source": "OpenStreetMap/Overpass", "building": "house" }, "geometry": { "type": "Polygon", "coordinates": [ [ [ -71.5920674, -33.035143 ], [ -71.5920795, -33.0351454 ], [ -71.5920999, -33.0350729 ], [ -71.5920777, -33.0350678 ], [ -71.5919284, -33.0350396 ], [ -71.5919074, -33.0351113 ], [ -71.5920674, -33.035143 ] ] ] } },
{ "type": "Feature", "properties": { "osm_id": "way/577622831", "name": null, "source": "OpenStreetMap/Overpass", "building": "house" }, "geometry": { "type": "Polygon", "coordinates": [ [ [ -71.5915974, -33.0349847 ], [ -71.5915765, -33.0350502 ], [ -71.5917308, -33.0350821 ], [ -71.5917498, -33.0350173 ], [ -71.5915974, -33.0349847 ] ] ] } },
{ "type": "Feature", "properties": { "osm_id": "way/577622807", "name": null, "source": "OpenStreetMap/Overpass", "building": "house" }, "geometry": { "type": "Polygon", "coordinates": [ [ [ -71.5920955, -33.0350016 ], [ -71.5920579, -33.0349947 ], [ -71.5919459, -33.0349733 ], [ -71.5919284, -33.0350396 ], [ -71.5920777, -33.0350678 ], [ -71.5920955, -33.0350016 ] ] ] } },
{ "type": "Feature", "properties": { "osm_id": "way/577622834", "name": null, "source": "OpenStreetMap/Overpass", "building": "house" }, "geometry": { "type": "Polygon", "coordinates": [ [ [ -71.5916208, -33.0349104 ], [ -71.5915974, -33.0349847 ], [ -71.5917498, -33.0350173 ], [ -71.5917722, -33.0349442 ], [ -71.5916208, -33.0349104 ] ] ] } },
{ "type": "Feature", "properties": { "osm_id": "way/577622804", "name": null, "source": "OpenStreetMap/Overpass", "building": "house" }, "geometry": { "type": "Polygon", "coordinates": [ [ [ -71.5920579, -33.0349947 ], [ -71.592079, -33.0349171 ], [ -71.5920476, -33.0349107 ], [ -71.5919666, -33.0348959 ], [ -71.5919459, -33.0349733 ], [ -71.5920579, -33.0349947 ] ] ] } },
{ "type": "Feature", "properties": { "osm_id": "way/577622837", "name": null, "source": "OpenStreetMap/Overpass", "building": "house" }, "geometry": { "type": "Polygon", "coordinates": [ [ [ -71.5916582, -33.0348431 ], [ -71.5916447, -33.0348397 ], [ -71.5916208, -33.0349104 ], [ -71.5917722, -33.0349442 ], [ -71.5917953, -33.0348732 ], [ -71.5916582, -33.0348431 ] ] ] } },
{ "type": "Feature", "properties": { "osm_id": "way/577622777", "name": null, "source": "OpenStreetMap/Overpass", "building": "house" }, "geometry": { "type": "Polygon", "coordinates": [ [ [ -71.5921948, -33.0348334 ], [ -71.5921659, -33.0349286 ], [ -71.5922467, -33.0349455 ], [ -71.5922753, -33.0348509 ], [ -71.5921948, -33.0348334 ] ] ] } },
{ "type": "Feature", "properties": { "osm_id": "way/577622780", "name": null, "source": "OpenStreetMap/Overpass", "building": "house" }, "geometry": { "type": "Polygon", "coordinates": [ [ [ -71.5921318, -33.03482 ], [ -71.5921028, -33.0349152 ], [ -71.5921659, -33.0349286 ], [ -71.5921948, -33.0348334 ], [ -71.5921318, -33.03482 ] ] ] } },
{ "type": "Feature", "properties": { "osm_id": "way/577622801", "name": null, "source": "OpenStreetMap/Overpass", "building": "house" }, "geometry": { "type": "Polygon", "coordinates": [ [ [ -71.5920672, -33.0348354 ], [ -71.5919861, -33.0348206 ], [ -71.5919666, -33.0348959 ], [ -71.5920476, -33.0349107 ], [ -71.5920672, -33.0348354 ] ] ] } },
{ "type": "Feature", "properties": { "osm_id": "way/577622840", "name": null, "source": "OpenStreetMap/Overpass", "building": "house" }, "geometry": { "type": "Polygon", "coordinates": [ [ [ -71.5917018, -33.0347739 ], [ -71.5916811, -33.0347694 ], [ -71.5916582, -33.0348431 ], [ -71.5917953, -33.0348732 ], [ -71.5918182, -33.0347994 ], [ -71.5917018, -33.0347739 ] ] ] } },
{ "type": "Feature", "properties": { "osm_id": "way/1278343121", "name": "Gimnasio 1", "source": "OpenStreetMap/Overpass", "building": "university" }, "geometry": { "type": "Polygon", "coordinates": [ [ [ -71.5952861, -33.0350735 ], [ -71.5951682, -33.035304 ], [ -71.5954136, -33.0353922 ], [ -71.5955315, -33.0351616 ], [ -71.5952861, -33.0350735 ] ] ] } },
{ "type": "Feature", "properties": { "osm_id": "way/154421339", "name": "Edificio E", "source": "OpenStreetMap/Overpass", "building": "university" }, "geometry": { "type": "Polygon", "coordinates": [ [ [ -71.5961404, -33.035049 ], [ -71.5960894, -33.0351428 ], [ -71.5966232, -33.0353467 ], [ -71.5966742, -33.035253 ], [ -71.5961404, -33.035049 ] ] ] } },
{ "type": "Feature", "properties": { "osm_id": "way/313489304", "name": "Edificio T", "source": "OpenStreetMap/Overpass", "building": "university" }, "geometry": { "type": "Polygon", "coordinates": [ [ [ -71.5976068, -33.0351006 ], [ -71.5976229, -33.0350918 ], [ -71.5975844, -33.0350417 ], [ -71.5975416, -33.0350649 ], [ -71.5975248, -33.0350431 ], [ -71.5974774, -33.0350688 ], [ -71.5974926, -33.0350884 ], [ -71.5974647, -33.0351035 ], [ -71.5975045, -33.0351551 ], [ -71.5975278, -33.0351425 ], [ -71.5976286, -33.0352734 ], [ -71.5975885, -33.0352951 ], [ -71.5976268, -33.0353449 ], [ -71.5976862, -33.0353128 ], [ -71.597696, -33.0353255 ], [ -71.5977552, -33.0352935 ], [ -71.5976068, -33.0351006 ] ] ] } },
{ "type": "Feature", "properties": { "osm_id": "way/1278343141", "name": "Edificio L - Tribuna", "source": "OpenStreetMap/Overpass", "building": "yes" }, "geometry": { "type": "Polygon", "coordinates": [ [ [ -71.5944249, -33.0348681 ], [ -71.5943058, -33.0350938 ], [ -71.5943565, -33.0351126 ], [ -71.5944756, -33.0348869 ], [ -71.5944249, -33.0348681 ] ] ] } },
{ "type": "Feature", "properties": { "osm_id": "way/1278343033", "name": "Edificio U - Biblioteca", "source": "OpenStreetMap/Overpass", "building": "university" }, "geometry": { "type": "Polygon", "coordinates": [ [ [ -71.5950407, -33.0347607 ], [ -71.5948718, -33.0350823 ], [ -71.5950327, -33.0351417 ], [ -71.5950515, -33.0351059 ], [ -71.5950833, -33.0351177 ], [ -71.595208, -33.0348804 ], [ -71.5951682, -33.0348657 ], [ -71.5951937, -33.0348172 ], [ -71.5950407, -33.0347607 ] ] ] } },
{ "type": "Feature", "properties": { "osm_id": "way/128370180", "name": "Edificio A", "source": "OpenStreetMap/Overpass", "building": "university" }, "geometry": { "type": "Polygon", "coordinates": [ [ [ -71.59588, -33.0349327 ], [ -71.5958365, -33.0350178 ], [ -71.5959022, -33.0350414 ], [ -71.5960076, -33.0348352 ], [ -71.5959297, -33.0348072 ], [ -71.5959071, -33.0348514 ], [ -71.595728, -33.034787 ], [ -71.5957453, -33.0347532 ], [ -71.595473, -33.0346554 ], [ -71.5954568, -33.0346871 ], [ -71.5952937, -33.0346285 ], [ -71.5953181, -33.0345809 ], [ -71.5952436, -33.0345541 ], [ -71.5951377, -33.0347611 ], [ -71.5952068, -33.034786 ], [ -71.5952503, -33.0347008 ], [ -71.5954415, -33.0347695 ], [ -71.5952861, -33.0350735 ], [ -71.5955315, -33.0351616 ], [ -71.5956844, -33.0348624 ], [ -71.59588, -33.0349327 ] ] ] } },
{ "type": "Feature", "properties": { "osm_id": "way/1278343112", "name": "Edificio F", "source": "OpenStreetMap/Overpass", "building": "university" }, "geometry": { "type": "Polygon", "coordinates": [ [ [ -71.5971845, -33.0349447 ], [ -71.5971961, -33.034921 ], [ -71.5968935, -33.0348158 ], [ -71.5969254, -33.0347513 ], [ -71.5969486, -33.0347052 ], [ -71.5969422, -33.0346859 ], [ -71.5969288, -33.0346753 ], [ -71.596908, -33.0346696 ], [ -71.5968885, -33.0346696 ], [ -71.5968705, -33.0346768 ], [ -71.596846, -33.0347218 ], [ -71.5968091, -33.0347964 ], [ -71.5962808, -33.0346126 ], [ -71.5962425, -33.03469 ], [ -71.5962826, -33.034704 ], [ -71.5962602, -33.0347491 ], [ -71.596239, -33.0347921 ], [ -71.5962229, -33.0347865 ], [ -71.5961904, -33.0348523 ], [ -71.596212, -33.0348598 ], [ -71.5961708, -33.0349432 ], [ -71.5962491, -33.0349704 ], [ -71.5963448, -33.034777 ], [ -71.5963636, -33.0347389 ], [ -71.5967981, -33.03489 ], [ -71.5971859, -33.0350249 ], [ -71.597193, -33.0350104 ], [ -71.597227, -33.0350222 ], [ -71.5972535, -33.0349687 ], [ -71.5971845, -33.0349447 ] ] ] } },
{ "type": "Feature", "properties": { "osm_id": "way/577622887", "name": null, "source": "OpenStreetMap/Overpass", "building": "house" }, "geometry": { "type": "Polygon", "coordinates": [ [ [ -71.5935149, -33.0346201 ], [ -71.5934513, -33.0346035 ], [ -71.5934264, -33.0346702 ], [ -71.5934028, -33.034664 ], [ -71.5933767, -33.034734 ], [ -71.5934639, -33.0347569 ], [ -71.5935149, -33.0346201 ] ] ] } },
{ "type": "Feature", "properties": { "osm_id": "way/577285623", "name": null, "source": "OpenStreetMap/Overpass", "building": "house" }, "geometry": { "type": "Polygon", "coordinates": [ [ [ -71.5934238, -33.0344697 ], [ -71.5935179, -33.0344918 ], [ -71.5935427, -33.0344176 ], [ -71.5934486, -33.0343955 ], [ -71.5934238, -33.0344697 ] ] ] } },
{ "type": "Feature", "properties": { "osm_id": "way/173080079", "name": "Museo Institucional UTFSM", "source": "OpenStreetMap/Overpass", "building": "university" }, "geometry": { "type": "Polygon", "coordinates": [ [ [ -71.5946842, -33.034322 ], [ -71.5946877, -33.034316 ], [ -71.594627, -33.0342911 ], [ -71.5946186, -33.0343054 ], [ -71.5945855, -33.0342918 ], [ -71.5945701, -33.0343181 ], [ -71.5945508, -33.0343101 ], [ -71.5945255, -33.0343534 ], [ -71.5947542, -33.0344474 ], [ -71.5947791, -33.0344048 ], [ -71.594753, -33.0343941 ], [ -71.5947737, -33.0343588 ], [ -71.5946842, -33.034322 ] ] ] } },
{ "type": "Feature", "properties": { "osm_id": "way/554311527", "name": null, "source": "OpenStreetMap/Overpass", "building": "yes" }, "geometry": { "type": "Polygon", "coordinates": [ [ [ -71.5844351, -33.0365242 ], [ -71.5844369, -33.0365501 ], [ -71.5844578, -33.0365491 ], [ -71.58446, -33.0365799 ], [ -71.5844391, -33.0365809 ], [ -71.5844412, -33.03661 ], [ -71.5845765, -33.0366033 ], [ -71.5845743, -33.0365723 ], [ -71.5846142, -33.0365703 ], [ -71.5846115, -33.036533 ], [ -71.5845965, -33.0365337 ], [ -71.5845953, -33.0365163 ], [ -71.5844351, -33.0365242 ] ] ] } },
{ "type": "Feature", "properties": { "osm_id": "way/554311528", "name": null, "source": "OpenStreetMap/Overpass", "building": "yes" }, "geometry": { "type": "Polygon", "coordinates": [ [ [ -71.5844342, -33.0363472 ], [ -71.5845203, -33.0363429 ], [ -71.5845149, -33.0362673 ], [ -71.5844288, -33.0362715 ], [ -71.5844342, -33.0363472 ] ] ] } },
{ "type": "Feature", "properties": { "osm_id": "way/554311529", "name": null, "source": "OpenStreetMap/Overpass", "building": "yes" }, "geometry": { "type": "Polygon", "coordinates": [ [ [ -71.584413, -33.0362723 ], [ -71.5844288, -33.0362715 ], [ -71.5845149, -33.0362673 ], [ -71.5845081, -33.0361711 ], [ -71.5844062, -33.0361762 ], [ -71.584413, -33.0362723 ] ] ] } },
{ "type": "Feature", "properties": { "osm_id": "way/554311533", "name": null, "source": "OpenStreetMap/Overpass", "building": "yes" }, "geometry": { "type": "Polygon", "coordinates": [ [ [ -71.5844196, -33.0357349 ], [ -71.584423, -33.0357732 ], [ -71.584371, -33.0357765 ], [ -71.5843744, -33.035815 ], [ -71.5845512, -33.0358038 ], [ -71.5845443, -33.035727 ], [ -71.5844196, -33.0357349 ] ] ] } },
{ "type": "Feature", "properties": { "osm_id": "way/554311532", "name": null, "source": "OpenStreetMap/Overpass", "building": "yes" }, "geometry": { "type": "Polygon", "coordinates": [ [ [ -71.5845358, -33.0356321 ], [ -71.5844111, -33.0356399 ], [ -71.5844196, -33.0357349 ], [ -71.5845443, -33.035727 ], [ -71.5845358, -33.0356321 ] ] ] } },
{ "type": "Feature", "properties": { "osm_id": "way/554311531", "name": null, "source": "OpenStreetMap/Overpass", "building": "yes" }, "geometry": { "type": "Polygon", "coordinates": [ [ [ -71.584348, -33.035534 ], [ -71.5844995, -33.0355262 ], [ -71.5844934, -33.0354426 ], [ -71.5843692, -33.035449 ], [ -71.5843418, -33.0354505 ], [ -71.584348, -33.035534 ] ] ] } },
{ "type": "Feature", "properties": { "osm_id": "way/570809560", "name": null, "source": "OpenStreetMap/Overpass", "building": "house" }, "geometry": { "type": "Polygon", "coordinates": [ [ [ -71.5905001, -33.035202 ], [ -71.5905397, -33.0352436 ], [ -71.590531, -33.0352616 ], [ -71.5904941, -33.0352442 ], [ -71.5904773, -33.035306 ], [ -71.5904545, -33.0353623 ], [ -71.5905343, -33.0353988 ], [ -71.5905598, -33.0353606 ], [ -71.590529, -33.0353448 ], [ -71.5905544, -33.0353004 ], [ -71.5905746, -33.0353089 ], [ -71.5906208, -33.035229 ], [ -71.5905578, -33.0351054 ], [ -71.5905001, -33.035202 ] ] ] } },
{ "type": "Feature", "properties": { "osm_id": "way/570809561", "name": null, "source": "OpenStreetMap/Overpass", "building": "house" }, "geometry": { "type": "Polygon", "coordinates": [ [ [ -71.5904365, -33.0350573 ], [ -71.5903765, -33.03517 ], [ -71.5904768, -33.0352074 ], [ -71.5905367, -33.0350947 ], [ -71.5904365, -33.0350573 ] ] ] } },
{ "type": "Feature", "properties": { "osm_id": "way/570809562", "name": null, "source": "OpenStreetMap/Overpass", "building": "house" }, "geometry": { "type": "Polygon", "coordinates": [ [ [ -71.5902589, -33.0348114 ], [ -71.5902804, -33.0347945 ], [ -71.5902955, -33.034808 ], [ -71.5903291, -33.0347816 ], [ -71.5903028, -33.0347581 ], [ -71.5903075, -33.0347543 ], [ -71.5902784, -33.0347284 ], [ -71.5902187, -33.0347755 ], [ -71.5902589, -33.0348114 ] ] ] } },
{ "type": "Feature", "properties": { "osm_id": "way/553109076", "name": null, "source": "OpenStreetMap/Overpass", "building": "yes" }, "geometry": { "type": "Polygon", "coordinates": [ [ [ -71.5908469, -33.0373539 ], [ -71.5907973, -33.037369 ], [ -71.5907486, -33.0374651 ], [ -71.5909454, -33.0375353 ], [ -71.5910082, -33.0374115 ], [ -71.5908469, -33.0373539 ] ] ] } },
{ "type": "Feature", "properties": { "osm_id": "way/355830459", "name": "Pelayines", "source": "OpenStreetMap/Overpass", "building": "yes" }, "geometry": { "type": "Polygon", "coordinates": [ [ [ -71.590867, -33.0372448 ], [ -71.5910628, -33.0373156 ], [ -71.5911788, -33.0370902 ], [ -71.590983, -33.0370194 ], [ -71.590867, -33.0372448 ] ] ] } },
{ "type": "Feature", "properties": { "osm_id": "way/356648475", "name": "Bahía Paraíso", "source": "OpenStreetMap/Overpass", "building": "apartments" }, "geometry": { "type": "Polygon", "coordinates": [ [ [ -71.5913796, -33.0365388 ], [ -71.5912361, -33.0368329 ], [ -71.5914302, -33.0368995 ], [ -71.5915737, -33.0366054 ], [ -71.5913796, -33.0365388 ] ] ] } },
{ "type": "Feature", "properties": { "osm_id": "way/553109069", "name": null, "source": "OpenStreetMap/Overpass", "building": "yes" }, "geometry": { "type": "Polygon", "coordinates": [ [ [ -71.5913801, -33.0357331 ], [ -71.5913355, -33.0358317 ], [ -71.5914015, -33.0358527 ], [ -71.5914462, -33.0357541 ], [ -71.5913801, -33.0357331 ] ] ] } },
{ "type": "Feature", "properties": { "osm_id": "way/517804324", "name": null, "source": "OpenStreetMap/Overpass", "building": "house" }, "geometry": { "type": "Polygon", "coordinates": [ [ [ -71.5912949, -33.0354172 ], [ -71.5912777, -33.0354908 ], [ -71.5913501, -33.0355027 ], [ -71.5913673, -33.0354291 ], [ -71.5912949, -33.0354172 ] ] ] } },
{ "type": "Feature", "properties": { "osm_id": "way/517804329", "name": null, "source": "OpenStreetMap/Overpass", "building": "house" }, "geometry": { "type": "Polygon", "coordinates": [ [ [ -71.5911512, -33.0354049 ], [ -71.5911256, -33.0354668 ], [ -71.5912037, -33.0354895 ], [ -71.5912293, -33.0354276 ], [ -71.5911512, -33.0354049 ] ] ] } },
{ "type": "Feature", "properties": { "osm_id": "way/517804328", "name": null, "source": "OpenStreetMap/Overpass", "building": "house" }, "geometry": { "type": "Polygon", "coordinates": [ [ [ -71.5912535, -33.0353073 ], [ -71.5912456, -33.0353439 ], [ -71.5912594, -33.035346 ], [ -71.5912542, -33.0353698 ], [ -71.5913596, -33.0353858 ], [ -71.5913726, -33.0353254 ], [ -71.5912535, -33.0353073 ] ] ] } },
{ "type": "Feature", "properties": { "osm_id": "way/517804330", "name": null, "source": "OpenStreetMap/Overpass", "building": "house" }, "geometry": { "type": "Polygon", "coordinates": [ [ [ -71.591012, -33.035267 ], [ -71.5909379, -33.0353336 ], [ -71.591, -33.0353822 ], [ -71.5910741, -33.0353156 ], [ -71.591012, -33.035267 ] ] ] } },
{ "type": "Feature", "properties": { "osm_id": "way/517804327", "name": null, "source": "OpenStreetMap/Overpass", "building": "house" }, "geometry": { "type": "Polygon", "coordinates": [ [ [ -71.5913014, -33.0352179 ], [ -71.5912798, -33.035287 ], [ -71.5914099, -33.0353156 ], [ -71.5914315, -33.0352465 ], [ -71.5913014, -33.0352179 ] ] ] } },
{ "type": "Feature", "properties": { "osm_id": "way/570809568", "name": null, "source": "OpenStreetMap/Overpass", "building": "house" }, "geometry": { "type": "Polygon", "coordinates": [ [ [ -71.5909603, -33.0352048 ], [ -71.5908679, -33.0352745 ], [ -71.5909176, -33.0353208 ], [ -71.5910099, -33.0352511 ], [ -71.5909603, -33.0352048 ] ] ] } },
{ "type": "Feature", "properties": { "osm_id": "way/570809569", "name": null, "source": "OpenStreetMap/Overpass", "building": "house" }, "geometry": { "type": "Polygon", "coordinates": [ [ [ -71.5908695, -33.035114 ], [ -71.5908449, -33.0351222 ], [ -71.5908412, -33.0351146 ], [ -71.5907797, -33.0351352 ], [ -71.5908142, -33.0352078 ], [ -71.5909004, -33.0351789 ], [ -71.5908695, -33.035114 ] ] ] } },
{ "type": "Feature", "properties": { "osm_id": "way/517804331", "name": null, "source": "OpenStreetMap/Overpass", "building": "house" }, "geometry": { "type": "Polygon", "coordinates": [ [ [ -71.5909585, -33.0351176 ], [ -71.5909926, -33.0352001 ], [ -71.5910647, -33.035179 ], [ -71.5910811, -33.0351554 ], [ -71.5910543, -33.0350897 ], [ -71.5909585, -33.0351176 ] ] ] } },
{ "type": "Feature", "properties": { "osm_id": "way/517804326", "name": null, "source": "OpenStreetMap/Overpass", "building": "house" }, "geometry": { "type": "Polygon", "coordinates": [ [ [ -71.5913414, -33.035111 ], [ -71.5913433, -33.0351033 ], [ -71.5912611, -33.0350885 ], [ -71.5912494, -33.0351342 ], [ -71.5912699, -33.0351378 ], [ -71.5912636, -33.0351627 ], [ -71.5914088, -33.0351887 ], [ -71.5914249, -33.0351259 ], [ -71.5913414, -33.035111 ] ] ] } },
{ "type": "Feature", "properties": { "osm_id": "way/517804325", "name": null, "source": "OpenStreetMap/Overpass", "building": "house" }, "geometry": { "type": "Polygon", "coordinates": [ [ [ -71.5914145, -33.0350158 ], [ -71.5914011, -33.0350374 ], [ -71.5913585, -33.0350187 ], [ -71.5913299, -33.0350644 ], [ -71.5914498, -33.035117 ], [ -71.5914654, -33.0350922 ], [ -71.5914565, -33.0350883 ], [ -71.591483, -33.0350459 ], [ -71.5914145, -33.0350158 ] ] ] } },
{ "type": "Feature", "properties": { "osm_id": "way/517804332", "name": null, "source": "OpenStreetMap/Overpass", "building": "house" }, "geometry": { "type": "Polygon", "coordinates": [ [ [ -71.5909467, -33.0350313 ], [ -71.5909251, -33.0350377 ], [ -71.5909585, -33.0351176 ], [ -71.5910543, -33.0350897 ], [ -71.5910205, -33.0350095 ], [ -71.5909467, -33.0350313 ] ] ] } },
{ "type": "Feature", "properties": { "osm_id": "way/570809570", "name": null, "source": "OpenStreetMap/Overpass", "building": "house" }, "geometry": { "type": "Polygon", "coordinates": [ [ [ -71.5908502, -33.0350083 ], [ -71.5907805, -33.0350301 ], [ -71.5907855, -33.0350413 ], [ -71.5907689, -33.0350465 ], [ -71.5907896, -33.0350932 ], [ -71.5908759, -33.0350662 ], [ -71.5908502, -33.0350083 ] ] ] } },
{ "type": "Feature", "properties": { "osm_id": "way/517804333", "name": null, "source": "OpenStreetMap/Overpass", "building": "house" }, "geometry": { "type": "Polygon", "coordinates": [ [ [ -71.5909908, -33.0349603 ], [ -71.5909865, -33.03495 ], [ -71.5909089, -33.0349724 ], [ -71.5909136, -33.0349838 ], [ -71.5908917, -33.0349901 ], [ -71.5909086, -33.0350312 ], [ -71.5909426, -33.0350213 ], [ -71.5909467, -33.0350313 ], [ -71.5910205, -33.0350095 ], [ -71.5910354, -33.0350053 ], [ -71.5910299, -33.0349919 ], [ -71.591045, -33.0349875 ], [ -71.5910293, -33.0349492 ], [ -71.5909908, -33.0349603 ] ] ] } },
{ "type": "Feature", "properties": { "osm_id": "way/518841650", "name": null, "source": "OpenStreetMap/Overpass", "building": "house" }, "geometry": { "type": "Polygon", "coordinates": [ [ [ -71.5914143, -33.0349227 ], [ -71.5914025, -33.0349915 ], [ -71.5915048, -33.0350039 ], [ -71.5915099, -33.0349739 ], [ -71.5914865, -33.034971 ], [ -71.5914932, -33.0349322 ], [ -71.5914143, -33.0349227 ] ] ] } },
{ "type": "Feature", "properties": { "osm_id": "way/570809571", "name": null, "source": "OpenStreetMap/Overpass", "building": "house" }, "geometry": { "type": "Polygon", "coordinates": [ [ [ -71.590748, -33.0349102 ], [ -71.5907071, -33.0349716 ], [ -71.5907363, -33.0350025 ], [ -71.5907456, -33.0349912 ], [ -71.5907875, -33.0350092 ], [ -71.5908284, -33.0349479 ], [ -71.590748, -33.0349102 ] ] ] } },
{ "type": "Feature", "properties": { "osm_id": "way/517804334", "name": null, "source": "OpenStreetMap/Overpass", "building": "house" }, "geometry": { "type": "Polygon", "coordinates": [ [ [ -71.5911475, -33.0348802 ], [ -71.5911541, -33.0349458 ], [ -71.59125, -33.034939 ], [ -71.5912434, -33.0348734 ], [ -71.5911475, -33.0348802 ] ] ] } },
{ "type": "Feature", "properties": { "osm_id": "way/517804335", "name": null, "source": "OpenStreetMap/Overpass", "building": "house" }, "geometry": { "type": "Polygon", "coordinates": [ [ [ -71.5908803, -33.0348869 ], [ -71.5909051, -33.0349477 ], [ -71.5910035, -33.0349194 ], [ -71.5909898, -33.0348859 ], [ -71.5909783, -33.0348892 ], [ -71.5909671, -33.0348619 ], [ -71.5908803, -33.0348869 ] ] ] } },
{ "type": "Feature", "properties": { "osm_id": "way/518841648", "name": null, "source": "OpenStreetMap/Overpass", "building": "house" }, "geometry": { "type": "Polygon", "coordinates": [ [ [ -71.5914198, -33.03485 ], [ -71.5914118, -33.0349121 ], [ -71.5914956, -33.0349197 ], [ -71.5915036, -33.0348576 ], [ -71.5914198, -33.03485 ] ] ] } },
{ "type": "Feature", "properties": { "osm_id": "way/570809572", "name": null, "source": "OpenStreetMap/Overpass", "building": "house" }, "geometry": { "type": "Polygon", "coordinates": [ [ [ -71.5907771, -33.0348336 ], [ -71.5906691, -33.0348665 ], [ -71.5906927, -33.0349208 ], [ -71.5908006, -33.0348879 ], [ -71.5907771, -33.0348336 ] ] ] } },
{ "type": "Feature", "properties": { "osm_id": "way/517804336", "name": null, "source": "OpenStreetMap/Overpass", "building": "house" }, "geometry": { "type": "Polygon", "coordinates": [ [ [ -71.5911139, -33.0348448 ], [ -71.5911799, -33.0348257 ], [ -71.5911681, -33.0347969 ], [ -71.5911828, -33.0347926 ], [ -71.5911682, -33.0347571 ], [ -71.5910874, -33.0347804 ], [ -71.5911139, -33.0348448 ] ] ] } },
{ "type": "Feature", "properties": { "osm_id": "way/518841647", "name": null, "source": "OpenStreetMap/Overpass", "building": "house" }, "geometry": { "type": "Polygon", "coordinates": [ [ [ -71.5912158, -33.0347627 ], [ -71.5912045, -33.0348228 ], [ -71.5912793, -33.0348327 ], [ -71.5912906, -33.0347726 ], [ -71.5912158, -33.0347627 ] ] ] } },
{ "type": "Feature", "properties": { "osm_id": "way/517804337", "name": null, "source": "OpenStreetMap/Overpass", "building": "house" }, "geometry": { "type": "Polygon", "coordinates": [ [ [ -71.5908315, -33.0347521 ], [ -71.5908449, -33.0347854 ], [ -71.5908028, -33.0347972 ], [ -71.5908241, -33.0348503 ], [ -71.5909099, -33.0348262 ], [ -71.5909012, -33.0348044 ], [ -71.5909472, -33.0347914 ], [ -71.5909213, -33.0347268 ], [ -71.5908315, -33.0347521 ] ] ] } },
{ "type": "Feature", "properties": { "osm_id": "way/570809573", "name": null, "source": "OpenStreetMap/Overpass", "building": "house" }, "geometry": { "type": "Polygon", "coordinates": [ [ [ -71.5906416, -33.0347396 ], [ -71.5906525, -33.034762 ], [ -71.5906292, -33.0347699 ], [ -71.5906455, -33.0348034 ], [ -71.5907548, -33.0347661 ], [ -71.5907276, -33.0347102 ], [ -71.5906416, -33.0347396 ] ] ] } },
{ "type": "Feature", "properties": { "osm_id": "way/517804338", "name": null, "source": "OpenStreetMap/Overpass", "building": "house" }, "geometry": { "type": "Polygon", "coordinates": [ [ [ -71.5908104, -33.0347008 ], [ -71.5908192, -33.0347211 ], [ -71.5907885, -33.0347304 ], [ -71.5908021, -33.034762 ], [ -71.5908315, -33.0347521 ], [ -71.5909213, -33.0347268 ], [ -71.5908988, -33.034674 ], [ -71.5908104, -33.0347008 ] ] ] } },
{ "type": "Feature", "properties": { "osm_id": "way/518841645", "name": null, "source": "OpenStreetMap/Overpass", "building": "house" }, "geometry": { "type": "Polygon", "coordinates": [ [ [ -71.5912146, -33.0346274 ], [ -71.5911972, -33.0346981 ], [ -71.5913097, -33.0347175 ], [ -71.5913271, -33.0346468 ], [ -71.5912146, -33.0346274 ] ] ] } },
{ "type": "Feature", "properties": { "osm_id": "way/517804339", "name": null, "source": "OpenStreetMap/Overpass", "building": "house" }, "geometry": { "type": "Polygon", "coordinates": [ [ [ -71.5910392, -33.0346405 ], [ -71.5910678, -33.0347072 ], [ -71.5911291, -33.0346887 ], [ -71.5911391, -33.0347119 ], [ -71.5911877, -33.0346972 ], [ -71.5911751, -33.0346677 ], [ -71.5911647, -33.0346709 ], [ -71.5911387, -33.0346105 ], [ -71.5910392, -33.0346405 ] ] ] } },
{ "type": "Feature", "properties": { "osm_id": "way/554311513", "name": null, "source": "OpenStreetMap/Overpass", "building": "yes" }, "geometry": { "type": "Polygon", "coordinates": [ [ [ -71.5840973, -33.0359193 ], [ -71.5841107, -33.0360891 ], [ -71.5842634, -33.0360806 ], [ -71.58425, -33.0359109 ], [ -71.5840973, -33.0359193 ] ] ] } },
{ "type": "Feature", "properties": { "osm_id": "way/554311512", "name": null, "source": "OpenStreetMap/Overpass", "building": "yes" }, "geometry": { "type": "Polygon", "coordinates": [ [ [ -71.5839215, -33.0356533 ], [ -71.583926, -33.0357389 ], [ -71.5842119, -33.0357282 ], [ -71.5842074, -33.0356426 ], [ -71.5839215, -33.0356533 ] ] ] } },
{ "type": "Feature", "properties": { "osm_id": "way/554311530", "name": null, "source": "OpenStreetMap/Overpass", "building": "yes" }, "geometry": { "type": "Polygon", "coordinates": [ [ [ -71.5844834, -33.0353083 ], [ -71.5843319, -33.0353161 ], [ -71.5843385, -33.0354055 ], [ -71.5843659, -33.0354041 ], [ -71.5843692, -33.035449 ], [ -71.5844934, -33.0354426 ], [ -71.5844834, -33.0353083 ] ] ] } },
{ "type": "Feature", "properties": { "osm_id": "way/554311534", "name": null, "source": "OpenStreetMap/Overpass", "building": "yes" }, "geometry": { "type": "Polygon", "coordinates": [ [ [ -71.5842811, -33.034918 ], [ -71.5842907, -33.0350382 ], [ -71.5843928, -33.0350324 ], [ -71.5843832, -33.0349123 ], [ -71.5842811, -33.034918 ] ] ] } },
{ "type": "Feature", "properties": { "osm_id": "way/554311535", "name": null, "source": "OpenStreetMap/Overpass", "building": "yes" }, "geometry": { "type": "Polygon", "coordinates": [ [ [ -71.5839414, -33.0344139 ], [ -71.5839818, -33.0344599 ], [ -71.5840805, -33.034399 ], [ -71.5840401, -33.034353 ], [ -71.5839414, -33.0344139 ] ] ] } },
{ "type": "Feature", "properties": { "osm_id": "way/554311536", "name": null, "source": "OpenStreetMap/Overpass", "building": "yes" }, "geometry": { "type": "Polygon", "coordinates": [ [ [ -71.5837557, -33.0341894 ], [ -71.5837489, -33.0342272 ], [ -71.5838292, -33.0343165 ], [ -71.5839572, -33.0342355 ], [ -71.5839158, -33.0341896 ], [ -71.5838577, -33.0341249 ], [ -71.5837557, -33.0341894 ] ] ] } },
{ "type": "Feature", "properties": { "osm_id": "way/554311537", "name": "Todofarmacia", "source": "OpenStreetMap/Overpass", "building": "yes" }, "geometry": { "type": "Polygon", "coordinates": [ [ [ -71.5838577, -33.0341249 ], [ -71.5839158, -33.0341896 ], [ -71.5839976, -33.0341378 ], [ -71.5839395, -33.0340732 ], [ -71.5838577, -33.0341249 ] ] ] } },
{ "type": "Feature", "properties": { "osm_id": "way/554311514", "name": null, "source": "OpenStreetMap/Overpass", "building": "yes" }, "geometry": { "type": "Polygon", "coordinates": [ [ [ -71.583550055518202, -33.033934729978213 ], [ -71.58355087184745, -33.033962686824985 ], [ -71.5836271, -33.0340469 ], [ -71.5836954, -33.0340035 ], [ -71.5836029, -33.0339012 ], [ -71.583550055518202, -33.033934729978213 ] ] ] } },
{ "type": "Feature", "properties": { "osm_id": "way/554311515", "name": "Parroquia Nuestra Señora de la Esperanza", "source": "OpenStreetMap/Overpass", "building": "yes" }, "geometry": { "type": "Polygon", "coordinates": [ [ [ -71.5843901, -33.0334384 ], [ -71.5845171, -33.0333448 ], [ -71.584372, -33.0332064 ], [ -71.584245, -33.0333 ], [ -71.5843901, -33.0334384 ] ] ] } },
{ "type": "Feature", "properties": { "osm_id": "way/570809574", "name": null, "source": "OpenStreetMap/Overpass", "building": "house" }, "geometry": { "type": "Polygon", "coordinates": [ [ [ -71.5906537, -33.0345794 ], [ -71.5906198, -33.0346484 ], [ -71.5907092, -33.0346792 ], [ -71.5907273, -33.0346424 ], [ -71.5907568, -33.0346526 ], [ -71.5907726, -33.0346204 ], [ -71.5906537, -33.0345794 ] ] ] } },
{ "type": "Feature", "properties": { "osm_id": "way/517804341", "name": null, "source": "OpenStreetMap/Overpass", "building": "house" }, "geometry": { "type": "Polygon", "coordinates": [ [ [ -71.5908264, -33.0345498 ], [ -71.5907713, -33.0346445 ], [ -71.59084, -33.0346726 ], [ -71.5908488, -33.0346575 ], [ -71.5908674, -33.0346651 ], [ -71.5909034, -33.0346033 ], [ -71.5908791, -33.0345934 ], [ -71.5908895, -33.0345756 ], [ -71.5908264, -33.0345498 ] ] ] } },
{ "type": "Feature", "properties": { "osm_id": "way/517804340", "name": null, "source": "OpenStreetMap/Overpass", "building": "house" }, "geometry": { "type": "Polygon", "coordinates": [ [ [ -71.5910181, -33.0345769 ], [ -71.591031, -33.034606 ], [ -71.591025, -33.0346078 ], [ -71.5910392, -33.0346405 ], [ -71.5911387, -33.0346105 ], [ -71.5911116, -33.0345478 ], [ -71.5910181, -33.0345769 ] ] ] } },
{ "type": "Feature", "properties": { "osm_id": "way/518841642", "name": null, "source": "OpenStreetMap/Overpass", "building": "house" }, "geometry": { "type": "Polygon", "coordinates": [ [ [ -71.5913534, -33.0345501 ], [ -71.5912564, -33.0345372 ], [ -71.5912436, -33.0345355 ], [ -71.591232, -33.0345965 ], [ -71.5913021, -33.0346058 ], [ -71.5913046, -33.0345928 ], [ -71.5913565, -33.0345997 ], [ -71.5913657, -33.0345518 ], [ -71.5913534, -33.0345501 ] ] ] } },
{ "type": "Feature", "properties": { "osm_id": "way/518841641", "name": null, "source": "OpenStreetMap/Overpass", "building": "house" }, "geometry": { "type": "Polygon", "coordinates": [ [ [ -71.5913602, -33.0345142 ], [ -71.5913306, -33.0345103 ], [ -71.5913352, -33.0344861 ], [ -71.5912678, -33.0344771 ], [ -71.5912564, -33.0345372 ], [ -71.5913534, -33.0345501 ], [ -71.5913602, -33.0345142 ] ] ] } },
{ "type": "Feature", "properties": { "osm_id": "way/517804342", "name": null, "source": "OpenStreetMap/Overpass", "building": "house" }, "geometry": { "type": "Polygon", "coordinates": [ [ [ -71.59094, -33.0344714 ], [ -71.5910067, -33.0345386 ], [ -71.5910627, -33.0344995 ], [ -71.5909959, -33.0344323 ], [ -71.59094, -33.0344714 ] ] ] } },
{ "type": "Feature", "properties": { "osm_id": "way/518841639", "name": null, "source": "OpenStreetMap/Overpass", "building": "house" }, "geometry": { "type": "Polygon", "coordinates": [ [ [ -71.5913035, -33.0343669 ], [ -71.5912847, -33.0344461 ], [ -71.5913966, -33.0344648 ], [ -71.5914052, -33.0344286 ], [ -71.5913587, -33.0344208 ], [ -71.5913689, -33.0343779 ], [ -71.5913035, -33.0343669 ] ] ] } },
{ "type": "Feature", "properties": { "osm_id": "way/569077651", "name": null, "source": "OpenStreetMap/Overpass", "building": "house" }, "geometry": { "type": "Polygon", "coordinates": [ [ [ -71.5909285, -33.0344191 ], [ -71.5909102, -33.0344112 ], [ -71.5909276, -33.0343829 ], [ -71.5908356, -33.0343432 ], [ -71.5908186, -33.034371 ], [ -71.5908406, -33.0343805 ], [ -71.5908144, -33.0344232 ], [ -71.5909027, -33.0344612 ], [ -71.5909285, -33.0344191 ] ] ] } },
{ "type": "Feature", "properties": { "osm_id": "way/569077658", "name": null, "source": "OpenStreetMap/Overpass", "building": "house" }, "geometry": { "type": "Polygon", "coordinates": [ [ [ -71.5912119, -33.0343465 ], [ -71.5911893, -33.0344406 ], [ -71.5912762, -33.0344553 ], [ -71.5912989, -33.0343612 ], [ -71.5912119, -33.0343465 ] ] ] } },
{ "type": "Feature", "properties": { "osm_id": "way/569077657", "name": null, "source": "OpenStreetMap/Overpass", "building": "house" }, "geometry": { "type": "Polygon", "coordinates": [ [ [ -71.5910327, -33.0342872 ], [ -71.5910105, -33.0343797 ], [ -71.5911422, -33.034402 ], [ -71.5911524, -33.0343596 ], [ -71.5911325, -33.034352 ], [ -71.5911436, -33.0343059 ], [ -71.5910327, -33.0342872 ] ] ] } },
{ "type": "Feature", "properties": { "osm_id": "way/570809563", "name": null, "source": "OpenStreetMap/Overpass", "building": "house" }, "geometry": { "type": "Polygon", "coordinates": [ [ [ -71.5901638, -33.0347269 ], [ -71.5902187, -33.0347755 ], [ -71.5902784, -33.0347284 ], [ -71.5902496, -33.0347023 ], [ -71.5902404, -33.0347095 ], [ -71.5902148, -33.0346863 ], [ -71.5901638, -33.0347269 ] ] ] } },
{ "type": "Feature", "properties": { "osm_id": "way/570809564", "name": null, "source": "OpenStreetMap/Overpass", "building": "house" }, "geometry": { "type": "Polygon", "coordinates": [ [ [ -71.590122, -33.0346903 ], [ -71.5901638, -33.0347269 ], [ -71.5902148, -33.0346863 ], [ -71.5901964, -33.0346701 ], [ -71.5901998, -33.0346675 ], [ -71.5901762, -33.0346468 ], [ -71.590122, -33.0346903 ] ] ] } },
{ "type": "Feature", "properties": { "osm_id": "way/570809565", "name": null, "source": "OpenStreetMap/Overpass", "building": "house" }, "geometry": { "type": "Polygon", "coordinates": [ [ [ -71.5901467, -33.034621 ], [ -71.5901379, -33.034628 ], [ -71.5901155, -33.0346084 ], [ -71.5900701, -33.0346449 ], [ -71.590122, -33.0346903 ], [ -71.5901762, -33.0346468 ], [ -71.5901467, -33.034621 ] ] ] } },
{ "type": "Feature", "properties": { "osm_id": "way/570809575", "name": null, "source": "OpenStreetMap/Overpass", "building": "house" }, "geometry": { "type": "Polygon", "coordinates": [ [ [ -71.5904352, -33.0345504 ], [ -71.5904291, -33.0345088 ], [ -71.5903024, -33.0344847 ], [ -71.590289, -33.0345285 ], [ -71.5902447, -33.0344942 ], [ -71.5902186, -33.0345173 ], [ -71.5902672, -33.0345541 ], [ -71.5902786, -33.0345468 ], [ -71.5903266, -33.0345752 ], [ -71.5904258, -33.0345892 ], [ -71.5904352, -33.0345504 ] ] ] } },
{ "type": "Feature", "properties": { "osm_id": "way/525208475", "name": "Parque Portales", "source": "OpenStreetMap/Overpass", "building": "apartments" }, "geometry": { "type": "Polygon", "coordinates": [ [ [ -71.5885199, -33.0340536 ], [ -71.5883938, -33.0340311 ], [ -71.588371, -33.0341323 ], [ -71.5883415, -33.0341255 ], [ -71.5883227, -33.0341885 ], [ -71.5883388, -33.0341941 ], [ -71.5883053, -33.0342975 ], [ -71.5883328, -33.0343004 ], [ -71.5883247, -33.0345263 ], [ -71.5882979, -33.0345275 ], [ -71.5882993, -33.0345921 ], [ -71.588316, -33.0345938 ], [ -71.5883194, -33.0346382 ], [ -71.5883107, -33.0346393 ], [ -71.5883207, -33.0347051 ], [ -71.5883496, -33.0346978 ], [ -71.588361, -33.0347922 ], [ -71.5884924, -33.0347686 ], [ -71.588477, -33.0346809 ], [ -71.588491, -33.0346764 ], [ -71.5884656, -33.0345247 ], [ -71.5884508, -33.0345269 ], [ -71.5884441, -33.0344763 ], [ -71.5884528, -33.0344268 ], [ -71.5884347, -33.0344223 ], [ -71.5884508, -33.0344122 ], [ -71.5884434, -33.0343616 ], [ -71.5884575, -33.0343094 ], [ -71.5884709, -33.0343133 ], [ -71.5885092, -33.0341593 ], [ -71.5884957, -33.0341564 ], [ -71.5885199, -33.0340536 ] ] ] } },
{ "type": "Feature", "properties": { "osm_id": "way/444277666", "name": null, "source": "OpenStreetMap/Overpass", "building": "house" }, "geometry": { "type": "Polygon", "coordinates": [ [ [ -71.5904213, -33.0342845 ], [ -71.5903656, -33.034361 ], [ -71.5903426, -33.0343492 ], [ -71.5903084, -33.0343961 ], [ -71.5904342, -33.0344605 ], [ -71.5905241, -33.0343371 ], [ -71.5904213, -33.0342845 ] ] ] } },
{ "type": "Feature", "properties": { "osm_id": "way/570809577", "name": null, "source": "OpenStreetMap/Overpass", "building": "house" }, "geometry": { "type": "Polygon", "coordinates": [ [ [ -71.5906254, -33.0341072 ], [ -71.5905819, -33.0341752 ], [ -71.5907195, -33.0342382 ], [ -71.5907724, -33.0342272 ], [ -71.5907992, -33.0341855 ], [ -71.5906254, -33.0341072 ] ] ] } },
{ "type": "Feature", "properties": { "osm_id": "way/570809576", "name": "Edificio María Graham", "source": "OpenStreetMap/Overpass", "building": "apartments" }, "geometry": { "type": "Polygon", "coordinates": [ [ [ -71.5905545, -33.0340948 ], [ -71.5905447, -33.0340674 ], [ -71.5904838, -33.0340827 ], [ -71.5904337, -33.0340573 ], [ -71.5904172, -33.0340111 ], [ -71.5903857, -33.034019 ], [ -71.5903818, -33.0340084 ], [ -71.5903046, -33.0340279 ], [ -71.5903131, -33.0340514 ], [ -71.5902296, -33.0340725 ], [ -71.5902598, -33.0341569 ], [ -71.590362, -33.0341311 ], [ -71.5903558, -33.034114 ], [ -71.5904413, -33.0340924 ], [ -71.5904579, -33.0341387 ], [ -71.590433, -33.034145 ], [ -71.5904676, -33.0342417 ], [ -71.5905698, -33.034216 ], [ -71.5905466, -33.0341512 ], [ -71.5905896, -33.0341404 ], [ -71.5905717, -33.0340905 ], [ -71.5905545, -33.0340948 ] ] ] } },
{ "type": "Feature", "properties": { "osm_id": "way/709834669", "name": null, "source": "OpenStreetMap/Overpass", "building": "construction" }, "geometry": { "type": "Polygon", "coordinates": [ [ [ -71.5880272, -33.0337967 ], [ -71.5880013, -33.0339699 ], [ -71.5885306, -33.0340338 ], [ -71.5885572, -33.0338555 ], [ -71.5880272, -33.0337967 ] ] ] } },
{ "type": "Feature", "properties": { "osm_id": "way/414879189", "name": "Edificio Portal Pacífico", "source": "OpenStreetMap/Overpass", "building": "apartments" }, "geometry": { "type": "Polygon", "coordinates": [ [ [ -71.589853, -33.0335128 ], [ -71.5892294, -33.0339279 ], [ -71.5892853, -33.0339869 ], [ -71.5893933, -33.033915 ], [ -71.589422, -33.0339453 ], [ -71.5894711, -33.0339126 ], [ -71.5894409, -33.0338808 ], [ -71.5895, -33.0338414 ], [ -71.5895092, -33.0338511 ], [ -71.589566, -33.0338133 ], [ -71.5895766, -33.0338245 ], [ -71.5896401, -33.0337822 ], [ -71.5896542, -33.0337971 ], [ -71.5896898, -33.0337734 ], [ -71.5896627, -33.0337448 ], [ -71.589722, -33.0337053 ], [ -71.5897337, -33.0337177 ], [ -71.5898401, -33.0336468 ], [ -71.5898601, -33.0336679 ], [ -71.5898911, -33.0336472 ], [ -71.5898761, -33.0336315 ], [ -71.5899309, -33.033595 ], [ -71.589853, -33.0335128 ] ] ] } },
{ "type": "Feature", "properties": { "osm_id": "way/569077649", "name": null, "source": "OpenStreetMap/Overpass", "building": "house" }, "geometry": { "type": "Polygon", "coordinates": [ [ [ -71.5909579, -33.0343468 ], [ -71.5909904, -33.0343613 ], [ -71.5910176, -33.0343184 ], [ -71.5909355, -33.0342817 ], [ -71.5909239, -33.0343 ], [ -71.5908769, -33.0342791 ], [ -71.5908725, -33.0342862 ], [ -71.5908586, -33.03428 ], [ -71.5908367, -33.0343144 ], [ -71.5909472, -33.0343637 ], [ -71.5909579, -33.0343468 ] ] ] } },
{ "type": "Feature", "properties": { "osm_id": "way/518841636", "name": null, "source": "OpenStreetMap/Overpass", "building": "house" }, "geometry": { "type": "Polygon", "coordinates": [ [ [ -71.5914721, -33.0341829 ], [ -71.5913873, -33.0341735 ], [ -71.591375, -33.034252 ], [ -71.5914598, -33.0342613 ], [ -71.5914721, -33.0341829 ] ] ] } },
{ "type": "Feature", "properties": { "osm_id": "way/569077656", "name": null, "source": "OpenStreetMap/Overpass", "building": "house" }, "geometry": { "type": "Polygon", "coordinates": [ [ [ -71.5912375, -33.0341423 ], [ -71.5912229, -33.0342037 ], [ -71.5912598, -33.0342103 ], [ -71.5912566, -33.0342248 ], [ -71.5913316, -33.0342363 ], [ -71.5913429, -33.0341848 ], [ -71.5913559, -33.0341868 ], [ -71.5913615, -33.0341613 ], [ -71.5912375, -33.0341423 ] ] ] } },
{ "type": "Feature", "properties": { "osm_id": "way/569077655", "name": null, "source": "OpenStreetMap/Overpass", "building": "house" }, "geometry": { "type": "Polygon", "coordinates": [ [ [ -71.5911527, -33.0341145 ], [ -71.591135, -33.034189 ], [ -71.5912229, -33.0342037 ], [ -71.5912375, -33.0341423 ], [ -71.5912407, -33.0341292 ], [ -71.5911527, -33.0341145 ] ] ] } },
{ "type": "Feature", "properties": { "osm_id": "way/569077648", "name": null, "source": "OpenStreetMap/Overpass", "building": "house" }, "geometry": { "type": "Polygon", "coordinates": [ [ [ -71.5909957, -33.0341558 ], [ -71.5910839, -33.0341743 ], [ -71.5910953, -33.0340939 ], [ -71.5910116, -33.0340825 ], [ -71.5909957, -33.0341558 ] ] ] } },
{ "type": "Feature", "properties": { "osm_id": "way/518841621", "name": null, "source": "OpenStreetMap/Overpass", "building": "house" }, "geometry": { "type": "Polygon", "coordinates": [ [ [ -71.591404, -33.0340243 ], [ -71.5913879, -33.0340839 ], [ -71.5913857, -33.0340956 ], [ -71.5915092, -33.0341171 ], [ -71.5915269, -33.0340457 ], [ -71.591404, -33.0340243 ] ] ] } },
{ "type": "Feature", "properties": { "osm_id": "way/569077647", "name": null, "source": "OpenStreetMap/Overpass", "building": "house" }, "geometry": { "type": "Polygon", "coordinates": [ [ [ -71.5910437, -33.0340277 ], [ -71.5910128, -33.0340235 ], [ -71.5910016, -33.0340811 ], [ -71.5910116, -33.0340825 ], [ -71.5910953, -33.0340939 ], [ -71.5911109, -33.034096 ], [ -71.591122, -33.0340383 ], [ -71.5910437, -33.0340277 ] ] ] } },
{ "type": "Feature", "properties": { "osm_id": "way/518841616", "name": null, "source": "OpenStreetMap/Overpass", "building": "house" }, "geometry": { "type": "Polygon", "coordinates": [ [ [ -71.5913141, -33.0339994 ], [ -71.5913042, -33.034036 ], [ -71.5913191, -33.0340388 ], [ -71.591307, -33.0340836 ], [ -71.5913624, -33.0340941 ], [ -71.5913663, -33.0340798 ], [ -71.5913879, -33.0340839 ], [ -71.591404, -33.0340243 ], [ -71.591406, -33.0340168 ], [ -71.5913141, -33.0339994 ] ] ] } },
{ "type": "Feature", "properties": { "osm_id": "way/518841615", "name": null, "source": "OpenStreetMap/Overpass", "building": "house" }, "geometry": { "type": "Polygon", "coordinates": [ [ [ -71.5911803, -33.0339741 ], [ -71.5911669, -33.0340374 ], [ -71.5912503, -33.0340498 ], [ -71.5912637, -33.0339865 ], [ -71.5911803, -33.0339741 ] ] ] } },
{ "type": "Feature", "properties": { "osm_id": "way/569077646", "name": null, "source": "OpenStreetMap/Overpass", "building": "house" }, "geometry": { "type": "Polygon", "coordinates": [ [ [ -71.5910207, -33.0339338 ], [ -71.5910121, -33.0340195 ], [ -71.5910443, -33.0340218 ], [ -71.5910437, -33.0340277 ], [ -71.591122, -33.0340383 ], [ -71.591137, -33.0340405 ], [ -71.5911414, -33.0339986 ], [ -71.5911002, -33.0339957 ], [ -71.5911039, -33.0339586 ], [ -71.5910758, -33.0339567 ], [ -71.5910777, -33.0339378 ], [ -71.5910207, -33.0339338 ] ] ] } },
{ "type": "Feature", "properties": { "osm_id": "way/496532773", "name": null, "source": "OpenStreetMap/Overpass", "building": "apartments" }, "geometry": { "type": "Polygon", "coordinates": [ [ [ -71.5906838, -33.0337171 ], [ -71.5905863, -33.0338234 ], [ -71.5906081, -33.0338375 ], [ -71.5905911, -33.0338561 ], [ -71.5906275, -33.0338795 ], [ -71.5906691, -33.0338341 ], [ -71.590726, -33.0338707 ], [ -71.5906864, -33.0339139 ], [ -71.5907469, -33.0339529 ], [ -71.5908593, -33.0338303 ], [ -71.5906838, -33.0337171 ] ] ] } },
{ "type": "Feature", "properties": { "osm_id": "way/501825978", "name": "Torre B", "source": "OpenStreetMap/Overpass", "building": "apartments" }, "geometry": { "type": "Polygon", "coordinates": [ [ [ -71.5914275, -33.0333297 ], [ -71.5914243, -33.0333419 ], [ -71.5913846, -33.0333348 ], [ -71.591388, -33.0333216 ], [ -71.5912941, -33.0333048 ], [ -71.5912879, -33.0333291 ], [ -71.5912617, -33.0333245 ], [ -71.5912547, -33.0333522 ], [ -71.5915293, -33.0334013 ], [ -71.5915345, -33.0333808 ], [ -71.5915087, -33.0333762 ], [ -71.5915164, -33.0333457 ], [ -71.5914275, -33.0333297 ] ] ] } },
{ "type": "Feature", "properties": { "osm_id": "way/288254085", "name": null, "source": "OpenStreetMap/Overpass", "building": "yes" }, "geometry": { "type": "Polygon", "coordinates": [ [ [ -71.5910875, -33.0325719 ], [ -71.5910362, -33.0326979 ], [ -71.5911911, -33.0327422 ], [ -71.5912424, -33.0326162 ], [ -71.5910875, -33.0325719 ] ] ] } },
{ "type": "Feature", "properties": { "osm_id": "way/215654656", "name": null, "source": "OpenStreetMap/Overpass", "building": "yes" }, "geometry": { "type": "Polygon", "coordinates": [ [ [ -71.5910622, -33.0321843 ], [ -71.5909818, -33.0323866 ], [ -71.5911906, -33.0324426 ], [ -71.5912308, -33.0323436 ], [ -71.5912635, -33.032243 ], [ -71.5910622, -33.0321843 ] ] ] } },
{ "type": "Feature", "properties": { "osm_id": "way/153992624", "name": "Edificio Mar Jónico", "source": "OpenStreetMap/Overpass", "building": "apartments" }, "geometry": { "type": "Polygon", "coordinates": [ [ [ -71.5884856, -33.0336366 ], [ -71.5884802, -33.0337243 ], [ -71.5885433, -33.0337309 ], [ -71.5885293, -33.0338328 ], [ -71.5886744, -33.0338473 ], [ -71.5887076, -33.033606 ], [ -71.5886705, -33.0335274 ], [ -71.5886203, -33.0334874 ], [ -71.5885821, -33.033501 ], [ -71.588531, -33.0334414 ], [ -71.5884538, -33.0334995 ], [ -71.5885008, -33.0335476 ], [ -71.5884442, -33.0335817 ], [ -71.5884856, -33.0336366 ] ] ] } },
{ "type": "Feature", "properties": { "osm_id": "way/628363244", "name": null, "source": "OpenStreetMap/Overpass", "building": "apartments" }, "geometry": { "type": "Polygon", "coordinates": [ [ [ -71.5901532, -33.0335415 ], [ -71.5900783, -33.0336371 ], [ -71.5901295, -33.0336654 ], [ -71.5902045, -33.0335697 ], [ -71.5901532, -33.0335415 ] ] ] } },
{ "type": "Feature", "properties": { "osm_id": "way/496532772", "name": null, "source": "OpenStreetMap/Overpass", "building": "apartments" }, "geometry": { "type": "Polygon", "coordinates": [ [ [ -71.5904579, -33.0334986 ], [ -71.5904018, -33.033641 ], [ -71.5904718, -33.0336604 ], [ -71.5904904, -33.0336133 ], [ -71.5905556, -33.0336313 ], [ -71.5905387, -33.0336742 ], [ -71.5905815, -33.033686 ], [ -71.5905915, -33.0336607 ], [ -71.5906238, -33.0336696 ], [ -71.5906682, -33.0335569 ], [ -71.5904579, -33.0334986 ] ] ] } },
{ "type": "Feature", "properties": { "osm_id": "way/554294941", "name": null, "source": "OpenStreetMap/Overpass", "building": "yes" }, "geometry": { "type": "Polygon", "coordinates": [ [ [ -71.5856112, -33.0330691 ], [ -71.5857404, -33.032981 ], [ -71.5856672, -33.0329055 ], [ -71.5855379, -33.0329935 ], [ -71.5856112, -33.0330691 ] ] ] } },
{ "type": "Feature", "properties": { "osm_id": "way/554311517", "name": null, "source": "OpenStreetMap/Overpass", "building": "yes" }, "geometry": { "type": "Polygon", "coordinates": [ [ [ -71.5851763, -33.0328997 ], [ -71.5851973, -33.0329215 ], [ -71.5851269, -33.0329693 ], [ -71.5851591, -33.0330027 ], [ -71.5852777, -33.0329222 ], [ -71.5852245, -33.032867 ], [ -71.5851763, -33.0328997 ] ] ] } },
{ "type": "Feature", "properties": { "osm_id": "way/149779292", "name": null, "source": "OpenStreetMap/Overpass", "building": "university" }, "geometry": { "type": "Polygon", "coordinates": [ [ [ -71.5896241, -33.0330439 ], [ -71.5895727, -33.0330795 ], [ -71.5894546, -33.0329597 ], [ -71.5895053, -33.0329245 ], [ -71.5894302, -33.0328483 ], [ -71.589383, -33.032881 ], [ -71.5891139, -33.032608 ], [ -71.5891646, -33.0325729 ], [ -71.5891001, -33.0325075 ], [ -71.5890562, -33.0325379 ], [ -71.5890314, -33.0325128 ], [ -71.5889505, -33.0325688 ], [ -71.5889651, -33.0325836 ], [ -71.5889312, -33.0326071 ], [ -71.5889109, -33.0325866 ], [ -71.5888314, -33.0326417 ], [ -71.5888509, -33.0326614 ], [ -71.5888082, -33.032691 ], [ -71.5888756, -33.0327594 ], [ -71.5889299, -33.0327217 ], [ -71.5892161, -33.0330119 ], [ -71.5891695, -33.0330442 ], [ -71.5892272, -33.0331027 ], [ -71.5893155, -33.0330415 ], [ -71.5894422, -33.03317 ], [ -71.5893476, -33.0332355 ], [ -71.5894095, -33.0332983 ], [ -71.589686, -33.0331067 ], [ -71.5896241, -33.0330439 ] ] ] } },
{ "type": "Feature", "properties": { "osm_id": "way/440952444", "name": "Colegio Esperanza", "source": "OpenStreetMap/Overpass", "building": "school" }, "geometry": { "type": "Polygon", "coordinates": [ [ [ -71.5855131, -33.0325945 ], [ -71.5853012, -33.0327542 ], [ -71.5854192, -33.0328621 ], [ -71.5856257, -33.0327137 ], [ -71.5855131, -33.0325945 ] ] ] } },
{ "type": "Feature", "properties": { "osm_id": "way/518841614", "name": null, "source": "OpenStreetMap/Overpass", "building": "yes" }, "geometry": { "type": "Polygon", "coordinates": [ [ [ -71.5878126, -33.0322185 ], [ -71.587766, -33.0322775 ], [ -71.5878321, -33.0323141 ], [ -71.5878787, -33.0322553 ], [ -71.5878126, -33.0322185 ] ] ] } },
{ "type": "Feature", "properties": { "osm_id": "way/554311519", "name": null, "source": "OpenStreetMap/Overpass", "building": "yes" }, "geometry": { "type": "Polygon", "coordinates": [ [ [ -71.5859817, -33.0321803 ], [ -71.5861151, -33.0323157 ], [ -71.5860948, -33.0323297 ], [ -71.5861431, -33.0323788 ], [ -71.5862011, -33.0323387 ], [ -71.5862054, -33.0322979 ], [ -71.5860457, -33.032136 ], [ -71.5859817, -33.0321803 ] ] ] } },
{ "type": "Feature", "properties": { "osm_id": "way/313512912", "name": "Gimnasio Numancia", "source": "OpenStreetMap/Overpass", "building": "yes" }, "geometry": { "type": "Polygon", "coordinates": [ [ [ -71.5882428, -33.0322499 ], [ -71.5881022, -33.0321724 ], [ -71.5880608, -33.0322252 ], [ -71.5882013, -33.0323027 ], [ -71.5882428, -33.0322499 ] ] ] } },
{ "type": "Feature", "properties": { "osm_id": "way/577622774", "name": null, "source": "OpenStreetMap/Overpass", "building": "house" }, "geometry": { "type": "Polygon", "coordinates": [ [ [ -71.5922753, -33.0348509 ], [ -71.5922467, -33.0349455 ], [ -71.5923423, -33.0349651 ], [ -71.5923698, -33.0348716 ], [ -71.5922753, -33.0348509 ] ] ] } },
{ "type": "Feature", "properties": { "osm_id": "way/1278343096", "name": "Edificio M2 - Gimnasio 2", "source": "OpenStreetMap/Overpass", "building": "university" }, "geometry": { "type": "Polygon", "coordinates": [ [ [ -71.593255, -33.0347651 ], [ -71.5931617, -33.034945 ], [ -71.5933683, -33.0350203 ], [ -71.5934615, -33.0348404 ], [ -71.593255, -33.0347651 ] ] ] } },
{ "type": "Feature", "properties": { "osm_id": "way/577285639", "name": null, "source": "OpenStreetMap/Overpass", "building": "house" }, "geometry": { "type": "Polygon", "coordinates": [ [ [ -71.592798, -33.0347517 ], [ -71.5927354, -33.0347333 ], [ -71.5927017, -33.0348185 ], [ -71.5927601, -33.0348347 ], [ -71.5927928, -33.0348237 ], [ -71.5928189, -33.0347576 ], [ -71.592798, -33.0347517 ] ] ] } },
{ "type": "Feature", "properties": { "osm_id": "way/577622786", "name": null, "source": "OpenStreetMap/Overpass", "building": "house" }, "geometry": { "type": "Polygon", "coordinates": [ [ [ -71.5924904, -33.0347446 ], [ -71.5925104, -33.0346785 ], [ -71.5924333, -33.0346619 ], [ -71.5924131, -33.0347277 ], [ -71.5924904, -33.0347446 ] ] ] } },
{ "type": "Feature", "properties": { "osm_id": "way/577622783", "name": null, "source": "OpenStreetMap/Overpass", "building": "house" }, "geometry": { "type": "Polygon", "coordinates": [ [ [ -71.5925771, -33.034763 ], [ -71.5926076, -33.0346617 ], [ -71.592521, -33.0346434 ], [ -71.5925104, -33.0346785 ], [ -71.5924904, -33.0347446 ], [ -71.5925771, -33.034763 ] ] ] } },
{ "type": "Feature", "properties": { "osm_id": "way/577285638", "name": null, "source": "OpenStreetMap/Overpass", "building": "house" }, "geometry": { "type": "Polygon", "coordinates": [ [ [ -71.592726, -33.0346568 ], [ -71.5927003, -33.0346489 ], [ -71.5926727, -33.0347148 ], [ -71.5927354, -33.0347333 ], [ -71.592798, -33.0347517 ], [ -71.5928253, -33.0346854 ], [ -71.592726, -33.0346568 ] ] ] } },
{ "type": "Feature", "properties": { "osm_id": "way/577622792", "name": null, "source": "OpenStreetMap/Overpass", "building": "house" }, "geometry": { "type": "Polygon", "coordinates": [ [ [ -71.5922457, -33.0346206 ], [ -71.5922262, -33.0346889 ], [ -71.5923143, -33.0347068 ], [ -71.5923336, -33.0346383 ], [ -71.5922457, -33.0346206 ] ] ] } },
{ "type": "Feature", "properties": { "osm_id": "way/577622789", "name": null, "source": "OpenStreetMap/Overpass", "building": "house" }, "geometry": { "type": "Polygon", "coordinates": [ [ [ -71.5924131, -33.0347277 ], [ -71.5924333, -33.0346619 ], [ -71.5924381, -33.0346418 ], [ -71.5923907, -33.0346324 ], [ -71.5923995, -33.0346011 ], [ -71.592347, -33.0345907 ], [ -71.5923336, -33.0346383 ], [ -71.5923143, -33.0347068 ], [ -71.5924131, -33.0347277 ] ] ] } },
{ "type": "Feature", "properties": { "osm_id": "way/577622884", "name": null, "source": "OpenStreetMap/Overpass", "building": "house" }, "geometry": { "type": "Polygon", "coordinates": [ [ [ -71.5933864, -33.0345844 ], [ -71.5932864, -33.0345613 ], [ -71.5932415, -33.0346979 ], [ -71.5933415, -33.0347209 ], [ -71.5933864, -33.0345844 ] ] ] } },
{ "type": "Feature", "properties": { "osm_id": "way/577285637", "name": null, "source": "OpenStreetMap/Overpass", "building": "house" }, "geometry": { "type": "Polygon", "coordinates": [ [ [ -71.592853, -33.0346179 ], [ -71.5927536, -33.0345893 ], [ -71.592726, -33.0346568 ], [ -71.5928253, -33.0346854 ], [ -71.592853, -33.0346179 ] ] ] } },
{ "type": "Feature", "properties": { "osm_id": "way/518841646", "name": null, "source": "OpenStreetMap/Overpass", "building": "house" }, "geometry": { "type": "Polygon", "coordinates": [ [ [ -71.59145, -33.0347475 ], [ -71.591438, -33.0348054 ], [ -71.5915386, -33.0348201 ], [ -71.5915506, -33.0347622 ], [ -71.59145, -33.0347475 ] ] ] } },
{ "type": "Feature", "properties": { "osm_id": "way/577622843", "name": null, "source": "OpenStreetMap/Overpass", "building": "house" }, "geometry": { "type": "Polygon", "coordinates": [ [ [ -71.5917232, -33.0347019 ], [ -71.5917018, -33.0347739 ], [ -71.5918182, -33.0347994 ], [ -71.5918411, -33.0347265 ], [ -71.5917232, -33.0347019 ] ] ] } },
{ "type": "Feature", "properties": { "osm_id": "way/518841644", "name": null, "source": "OpenStreetMap/Overpass", "building": "house" }, "geometry": { "type": "Polygon", "coordinates": [ [ [ -71.5914651, -33.0346693 ], [ -71.5914498, -33.0347322 ], [ -71.5915544, -33.0347502 ], [ -71.5915645, -33.0347085 ], [ -71.5915573, -33.0347072 ], [ -71.5915625, -33.034686 ], [ -71.5914651, -33.0346693 ] ] ] } },
{ "type": "Feature", "properties": { "osm_id": "way/577622846", "name": null, "source": "OpenStreetMap/Overpass", "building": "house" }, "geometry": { "type": "Polygon", "coordinates": [ [ [ -71.5917439, -33.0346314 ], [ -71.5917232, -33.0347019 ], [ -71.5918411, -33.0347265 ], [ -71.5918636, -33.0346564 ], [ -71.5917439, -33.0346314 ] ] ] } },
{ "type": "Feature", "properties": { "osm_id": "way/577622795", "name": null, "source": "OpenStreetMap/Overpass", "building": "house" }, "geometry": { "type": "Polygon", "coordinates": [ [ [ -71.5922457, -33.0346206 ], [ -71.5921766, -33.0346078 ], [ -71.5921578, -33.0346751 ], [ -71.5922262, -33.0346889 ], [ -71.5922457, -33.0346206 ] ] ] } },
{ "type": "Feature", "properties": { "osm_id": "way/577622798", "name": null, "source": "OpenStreetMap/Overpass", "building": "house" }, "geometry": { "type": "Polygon", "coordinates": [ [ [ -71.5920359, -33.034646 ], [ -71.5921452, -33.0346651 ], [ -71.5921647, -33.0345862 ], [ -71.5920555, -33.0345671 ], [ -71.5920359, -33.034646 ] ] ] } },
{ "type": "Feature", "properties": { "osm_id": "way/577622848", "name": null, "source": "OpenStreetMap/Overpass", "building": "house" }, "geometry": { "type": "Polygon", "coordinates": [ [ [ -71.5917639, -33.0345603 ], [ -71.5917439, -33.0346314 ], [ -71.5918636, -33.0346564 ], [ -71.591883, -33.0345813 ], [ -71.5917639, -33.0345603 ] ] ] } },
{ "type": "Feature", "properties": { "osm_id": "way/518841643", "name": null, "source": "OpenStreetMap/Overpass", "building": "house" }, "geometry": { "type": "Polygon", "coordinates": [ [ [ -71.5915545, -33.0345824 ], [ -71.591556, -33.0345744 ], [ -71.5914916, -33.034566 ], [ -71.5914795, -33.0346314 ], [ -71.5915802, -33.0346445 ], [ -71.5915909, -33.0345872 ], [ -71.5915545, -33.0345824 ] ] ] } },
{ "type": "Feature", "properties": { "osm_id": "way/577622863", "name": null, "source": "OpenStreetMap/Overpass", "building": "house" }, "geometry": { "type": "Polygon", "coordinates": [ [ [ -71.5920555, -33.0345671 ], [ -71.5921647, -33.0345862 ], [ -71.5921786, -33.0345236 ], [ -71.5921211, -33.034515 ], [ -71.5920686, -33.0345071 ], [ -71.5920555, -33.0345671 ] ] ] } },
{ "type": "Feature", "properties": { "osm_id": "way/577622851", "name": null, "source": "OpenStreetMap/Overpass", "building": "house" }, "geometry": { "type": "Polygon", "coordinates": [ [ [ -71.5917803, -33.034495 ], [ -71.5917639, -33.0345603 ], [ -71.591883, -33.0345813 ], [ -71.5918994, -33.034516 ], [ -71.5917803, -33.034495 ] ] ] } },
{ "type": "Feature", "properties": { "osm_id": "way/577285635", "name": null, "source": "OpenStreetMap/Overpass", "building": "house" }, "geometry": { "type": "Polygon", "coordinates": [ [ [ -71.5931065, -33.0346005 ], [ -71.5930567, -33.0345868 ], [ -71.5930246, -33.0345771 ], [ -71.5929993, -33.0346384 ], [ -71.593081, -33.0346621 ], [ -71.5931065, -33.0346005 ] ] ] } },
{ "type": "Feature", "properties": { "osm_id": "way/577285636", "name": null, "source": "OpenStreetMap/Overpass", "building": "house" }, "geometry": { "type": "Polygon", "coordinates": [ [ [ -71.5928785, -33.0345505 ], [ -71.5927805, -33.0345242 ], [ -71.5927536, -33.0345893 ], [ -71.592853, -33.0346179 ], [ -71.5928785, -33.0345505 ] ] ] } },
{ "type": "Feature", "properties": { "osm_id": "way/577285634", "name": null, "source": "OpenStreetMap/Overpass", "building": "house" }, "geometry": { "type": "Polygon", "coordinates": [ [ [ -71.5931685, -33.0345563 ], [ -71.5931283, -33.0345452 ], [ -71.5931335, -33.034532 ], [ -71.5930837, -33.0345182 ], [ -71.5930567, -33.0345868 ], [ -71.5931065, -33.0346005 ], [ -71.5931467, -33.0346117 ], [ -71.5931685, -33.0345563 ] ] ] } },
{ "type": "Feature", "properties": { "osm_id": "way/577285633", "name": null, "source": "OpenStreetMap/Overpass", "building": "house" }, "geometry": { "type": "Polygon", "coordinates": [ [ [ -71.5929148, -33.0344554 ], [ -71.5928167, -33.0344291 ], [ -71.5927805, -33.0345242 ], [ -71.5928785, -33.0345505 ], [ -71.5929148, -33.0344554 ] ] ] } },
{ "type": "Feature", "properties": { "osm_id": "way/577622881", "name": null, "source": "OpenStreetMap/Overpass", "building": "house" }, "geometry": { "type": "Polygon", "coordinates": [ [ [ -71.5926144, -33.0344335 ], [ -71.5925928, -33.0345065 ], [ -71.5925868, -33.034525 ], [ -71.5926606, -33.0345408 ], [ -71.5926883, -33.0344497 ], [ -71.5926144, -33.0344335 ] ] ] } },
{ "type": "Feature", "properties": { "osm_id": "way/577622878", "name": null, "source": "OpenStreetMap/Overpass", "building": "house" }, "geometry": { "type": "Polygon", "coordinates": [ [ [ -71.5925236, -33.0344147 ], [ -71.592507, -33.0344744 ], [ -71.5925026, -33.0344878 ], [ -71.5925928, -33.0345065 ], [ -71.5926144, -33.0344335 ], [ -71.5925236, -33.0344147 ] ] ] } },
{ "type": "Feature", "properties": { "osm_id": "way/577622875", "name": null, "source": "OpenStreetMap/Overpass", "building": "house" }, "geometry": { "type": "Polygon", "coordinates": [ [ [ -71.5924389, -33.0343978 ], [ -71.5924246, -33.0344583 ], [ -71.592507, -33.0344744 ], [ -71.5925236, -33.0344147 ], [ -71.5924389, -33.0343978 ] ] ] } },
{ "type": "Feature", "properties": { "osm_id": "way/577622872", "name": null, "source": "OpenStreetMap/Overpass", "building": "house" }, "geometry": { "type": "Polygon", "coordinates": [ [ [ -71.5923485, -33.0343828 ], [ -71.5923466, -33.034391 ], [ -71.5923283, -33.0344684 ], [ -71.5924187, -33.0344834 ], [ -71.5924246, -33.0344583 ], [ -71.5924389, -33.0343978 ], [ -71.5923485, -33.0343828 ] ] ] } },
{ "type": "Feature", "properties": { "osm_id": "way/577622869", "name": null, "source": "OpenStreetMap/Overpass", "building": "house" }, "geometry": { "type": "Polygon", "coordinates": [ [ [ -71.5922418, -33.0343748 ], [ -71.5922222, -33.0344638 ], [ -71.5923262, -33.0344799 ], [ -71.5923283, -33.0344684 ], [ -71.5923466, -33.034391 ], [ -71.5922418, -33.0343748 ] ] ] } },
{ "type": "Feature", "properties": { "osm_id": "way/577285624", "name": null, "source": "OpenStreetMap/Overpass", "building": "house" }, "geometry": { "type": "Polygon", "coordinates": [ [ [ -71.5933482, -33.034446 ], [ -71.5933463, -33.034452 ], [ -71.5934238, -33.0344697 ], [ -71.5934486, -33.0343955 ], [ -71.5933704, -33.0343776 ], [ -71.5933482, -33.034446 ] ] ] } },
{ "type": "Feature", "properties": { "osm_id": "way/518841640", "name": null, "source": "OpenStreetMap/Overpass", "building": "house" }, "geometry": { "type": "Polygon", "coordinates": [ [ [ -71.5916177, -33.0344657 ], [ -71.5915266, -33.0344542 ], [ -71.5915176, -33.0344536 ], [ -71.5915028, -33.0345421 ], [ -71.5916101, -33.0345547 ], [ -71.5916249, -33.0344662 ], [ -71.5916177, -33.0344657 ] ] ] } },
{ "type": "Feature", "properties": { "osm_id": "way/577622854", "name": null, "source": "OpenStreetMap/Overpass", "building": "house" }, "geometry": { "type": "Polygon", "coordinates": [ [ [ -71.5917981, -33.0344245 ], [ -71.5917803, -33.034495 ], [ -71.5918994, -33.034516 ], [ -71.591916, -33.034445 ], [ -71.5917981, -33.0344245 ] ] ] } },
{ "type": "Feature", "properties": { "osm_id": "way/577622866", "name": null, "source": "OpenStreetMap/Overpass", "building": "house" }, "geometry": { "type": "Polygon", "coordinates": [ [ [ -71.592118, -33.034401 ], [ -71.5920878, -33.0344181 ], [ -71.5920686, -33.0345071 ], [ -71.5921211, -33.034515 ], [ -71.5921236, -33.0345055 ], [ -71.5921771, -33.0345112 ], [ -71.5921978, -33.0344128 ], [ -71.592118, -33.034401 ] ] ] } },
{ "type": "Feature", "properties": { "osm_id": "way/518841638", "name": null, "source": "OpenStreetMap/Overpass", "building": "house" }, "geometry": { "type": "Polygon", "coordinates": [ [ [ -71.5916316, -33.0343873 ], [ -71.5915406, -33.0343759 ], [ -71.5915266, -33.0344542 ], [ -71.5916177, -33.0344657 ], [ -71.5916316, -33.0343873 ] ] ] } },
{ "type": "Feature", "properties": { "osm_id": "way/577622857", "name": null, "source": "OpenStreetMap/Overpass", "building": "house" }, "geometry": { "type": "Polygon", "coordinates": [ [ [ -71.5918154, -33.0343547 ], [ -71.5917981, -33.0344245 ], [ -71.591916, -33.034445 ], [ -71.5919333, -33.0343752 ], [ -71.5918154, -33.0343547 ] ] ] } },
{ "type": "Feature", "properties": { "osm_id": "way/577622860", "name": null, "source": "OpenStreetMap/Overpass", "building": "house" }, "geometry": { "type": "Polygon", "coordinates": [ [ [ -71.5918313, -33.0342917 ], [ -71.5918154, -33.0343547 ], [ -71.5919333, -33.0343752 ], [ -71.5919476, -33.0343109 ], [ -71.5918313, -33.0342917 ] ] ] } },
{ "type": "Feature", "properties": { "osm_id": "way/518841632", "name": null, "source": "OpenStreetMap/Overpass", "building": "house" }, "geometry": { "type": "Polygon", "coordinates": [ [ [ -71.5916536, -33.0343257 ], [ -71.5916227, -33.0343032 ], [ -71.5916087, -33.0343116 ], [ -71.5915771, -33.0342807 ], [ -71.5915382, -33.034306 ], [ -71.5915805, -33.0343515 ], [ -71.5915778, -33.0343667 ], [ -71.5916435, -33.0343763 ], [ -71.5916536, -33.0343257 ] ] ] } },
{ "type": "Feature", "properties": { "osm_id": "way/518841629", "name": null, "source": "OpenStreetMap/Overpass", "building": "house" }, "geometry": { "type": "Polygon", "coordinates": [ [ [ -71.5916188, -33.0341659 ], [ -71.5916102, -33.034221 ], [ -71.5915924, -33.0342191 ], [ -71.5915856, -33.0342623 ], [ -71.5917096, -33.034276 ], [ -71.5917251, -33.0341777 ], [ -71.5916188, -33.0341659 ] ] ] } },
{ "type": "Feature", "properties": { "osm_id": "way/518841625", "name": null, "source": "OpenStreetMap/Overpass", "building": "house" }, "geometry": { "type": "Polygon", "coordinates": [ [ [ -71.5917124, -33.0341019 ], [ -71.5917133, -33.034089 ], [ -71.59164, -33.0340853 ], [ -71.5916387, -33.0341023 ], [ -71.5916126, -33.034101 ], [ -71.5916103, -33.0341334 ], [ -71.5916466, -33.0341353 ], [ -71.5916451, -33.0341558 ], [ -71.5917141, -33.0341593 ], [ -71.591716, -33.0341339 ], [ -71.5917338, -33.0341348 ], [ -71.5917361, -33.0341031 ], [ -71.5917124, -33.0341019 ] ] ] } },
{ "type": "Feature", "properties": { "osm_id": "way/518841618", "name": null, "source": "OpenStreetMap/Overpass", "building": "house" }, "geometry": { "type": "Polygon", "coordinates": [ [ [ -71.5916405, -33.0339916 ], [ -71.5916371, -33.0340394 ], [ -71.591731, -33.0340618 ], [ -71.5917357, -33.0340031 ], [ -71.5916405, -33.0339916 ] ] ] } },
{ "type": "Feature", "properties": { "osm_id": "way/577285625", "name": null, "source": "OpenStreetMap/Overpass", "building": "house" }, "geometry": { "type": "Polygon", "coordinates": [ [ [ -71.5933704, -33.0343776 ], [ -71.5933817, -33.0343445 ], [ -71.5932956, -33.0343248 ], [ -71.593285, -33.034357 ], [ -71.5933142, -33.0343637 ], [ -71.5932916, -33.0344329 ], [ -71.5933482, -33.034446 ], [ -71.5933704, -33.0343776 ] ] ] } },
{ "type": "Feature", "properties": { "osm_id": "way/577285627", "name": null, "source": "OpenStreetMap/Overpass", "building": "house" }, "geometry": { "type": "Polygon", "coordinates": [ [ [ -71.5930866, -33.0343124 ], [ -71.5930297, -33.0342993 ], [ -71.5930006, -33.0343882 ], [ -71.5930599, -33.0344018 ], [ -71.5930866, -33.0343124 ] ] ] } },
{ "type": "Feature", "properties": { "osm_id": "way/577285626", "name": null, "source": "OpenStreetMap/Overpass", "building": "house" }, "geometry": { "type": "Polygon", "coordinates": [ [ [ -71.5931353, -33.0344177 ], [ -71.5931583, -33.0343406 ], [ -71.5931282, -33.0343342 ], [ -71.5931493, -33.0342638 ], [ -71.593104, -33.0342542 ], [ -71.5930866, -33.0343124 ], [ -71.5930599, -33.0344018 ], [ -71.5931353, -33.0344177 ] ] ] } },
{ "type": "Feature", "properties": { "osm_id": "way/577285632", "name": null, "source": "OpenStreetMap/Overpass", "building": "house" }, "geometry": { "type": "Polygon", "coordinates": [ [ [ -71.5929768, -33.0342829 ], [ -71.5929124, -33.0342684 ], [ -71.5928836, -33.0343582 ], [ -71.592948, -33.0343727 ], [ -71.5929768, -33.0342829 ] ] ] } },
{ "type": "Feature", "properties": { "osm_id": "way/577285631", "name": null, "source": "OpenStreetMap/Overpass", "building": "house" }, "geometry": { "type": "Polygon", "coordinates": [ [ [ -71.5928521, -33.0342525 ], [ -71.5927251, -33.0342286 ], [ -71.5926992, -33.0343257 ], [ -71.5928262, -33.0343495 ], [ -71.5928521, -33.0342525 ] ] ] } },
{ "type": "Feature", "properties": { "osm_id": "way/577285628", "name": "Casa Escuela de Graduados", "source": "OpenStreetMap/Overpass", "building": "university" }, "geometry": { "type": "Polygon", "coordinates": [ [ [ -71.5924086, -33.0341193 ], [ -71.5923777, -33.0342205 ], [ -71.5924837, -33.0342475 ], [ -71.5925132, -33.0341407 ], [ -71.5924086, -33.0341193 ] ] ] } },
{ "type": "Feature", "properties": { "osm_id": "way/298986393", "name": "Edificio de Innovación Tecnológica", "source": "OpenStreetMap/Overpass", "building": "university" }, "geometry": { "type": "Polygon", "coordinates": [ [ [ -71.5923162, -33.0338127 ], [ -71.5922884, -33.0339011 ], [ -71.5922564, -33.033898 ], [ -71.5922543, -33.0339212 ], [ -71.5922522, -33.033945 ], [ -71.5922765, -33.0339537 ], [ -71.5922115, -33.0342498 ], [ -71.5923516, -33.0342233 ], [ -71.5923705, -33.0341303 ], [ -71.5923477, -33.0341295 ], [ -71.5924274, -33.033833 ], [ -71.5923162, -33.0338127 ] ] ] } },
{ "type": "Feature", "properties": { "osm_id": "way/501080583", "name": null, "source": "OpenStreetMap/Overpass", "building": "house" }, "geometry": { "type": "Polygon", "coordinates": [ [ [ -71.5932883, -33.0336173 ], [ -71.5932921, -33.033604 ], [ -71.5933403, -33.0336136 ], [ -71.5933597, -33.0335454 ], [ -71.5932632, -33.0335262 ], [ -71.5932611, -33.0335334 ], [ -71.59324, -33.0336076 ], [ -71.5932883, -33.0336173 ] ] ] } },
{ "type": "Feature", "properties": { "osm_id": "way/501080584", "name": null, "source": "OpenStreetMap/Overpass", "building": "house" }, "geometry": { "type": "Polygon", "coordinates": [ [ [ -71.5931531, -33.0335903 ], [ -71.59324, -33.0336076 ], [ -71.5932611, -33.0335334 ], [ -71.5931742, -33.033516 ], [ -71.5931531, -33.0335903 ] ] ] } },
{ "type": "Feature", "properties": { "osm_id": "way/501080585", "name": null, "source": "OpenStreetMap/Overpass", "building": "house" }, "geometry": { "type": "Polygon", "coordinates": [ [ [ -71.5930668, -33.0334946 ], [ -71.5930416, -33.033583 ], [ -71.5931009, -33.0335949 ], [ -71.593105, -33.0335807 ], [ -71.5931531, -33.0335903 ], [ -71.5931742, -33.033516 ], [ -71.5930668, -33.0334946 ] ] ] } },
{ "type": "Feature", "properties": { "osm_id": "way/577285622", "name": null, "source": "OpenStreetMap/Overpass", "building": "house" }, "geometry": { "type": "Polygon", "coordinates": [ [ [ -71.5936114, -33.0341505 ], [ -71.5935902, -33.0341455 ], [ -71.5936038, -33.0341053 ], [ -71.5935089, -33.0340828 ], [ -71.593514, -33.0340677 ], [ -71.5934484, -33.0340522 ], [ -71.5934073, -33.0341738 ], [ -71.5935889, -33.034217 ], [ -71.5936114, -33.0341505 ] ] ] } },
{ "type": "Feature", "properties": { "osm_id": "way/501080580", "name": null, "source": "OpenStreetMap/Overpass", "building": "yes" }, "geometry": { "type": "Polygon", "coordinates": [ [ [ -71.5935465, -33.0335977 ], [ -71.5935381, -33.0336273 ], [ -71.5935893, -33.0336362 ], [ -71.5936362, -33.0336648 ], [ -71.5936832, -33.0336103 ], [ -71.5935507, -33.0335825 ], [ -71.5935465, -33.0335977 ] ] ] } },
{ "type": "Feature", "properties": { "osm_id": "way/501080581", "name": null, "source": "OpenStreetMap/Overpass", "building": "house" }, "geometry": { "type": "Polygon", "coordinates": [ [ [ -71.5934541, -33.0336469 ], [ -71.5935283, -33.0336617 ], [ -71.5935381, -33.0336273 ], [ -71.5935465, -33.0335977 ], [ -71.5934723, -33.0335829 ], [ -71.5934541, -33.0336469 ] ] ] } },
{ "type": "Feature", "properties": { "osm_id": "way/501080582", "name": null, "source": "OpenStreetMap/Overpass", "building": "house" }, "geometry": { "type": "Polygon", "coordinates": [ [ [ -71.5933403, -33.0336136 ], [ -71.5933375, -33.0336236 ], [ -71.5934541, -33.0336469 ], [ -71.5934723, -33.0335829 ], [ -71.5934037, -33.0335692 ], [ -71.5934077, -33.033555 ], [ -71.5933597, -33.0335454 ], [ -71.5933403, -33.0336136 ] ] ] } },
{ "type": "Feature", "properties": { "osm_id": "way/501080586", "name": null, "source": "OpenStreetMap/Overpass", "building": "house" }, "geometry": { "type": "Polygon", "coordinates": [ [ [ -71.5929291, -33.0334801 ], [ -71.5929101, -33.0335483 ], [ -71.5929834, -33.0335626 ], [ -71.593006, -33.0334815 ], [ -71.5929553, -33.0334716 ], [ -71.5929546, -33.0334742 ], [ -71.592932, -33.0334698 ], [ -71.5929291, -33.0334801 ] ] ] } },
{ "type": "Feature", "properties": { "osm_id": "way/501080587", "name": null, "source": "OpenStreetMap/Overpass", "building": "house" }, "geometry": { "type": "Polygon", "coordinates": [ [ [ -71.5929291, -33.0334801 ], [ -71.5928811, -33.0334707 ], [ -71.5928835, -33.0334621 ], [ -71.5928566, -33.0334568 ], [ -71.5928352, -33.0335336 ], [ -71.5929101, -33.0335483 ], [ -71.5929291, -33.0334801 ] ] ] } },
{ "type": "Feature", "properties": { "osm_id": "way/1082210883", "name": "Edificio Costa Santa María", "source": "OpenStreetMap/Overpass", "building": "apartments" }, "geometry": { "type": "Polygon", "coordinates": [ [ [ -71.59266, -33.0334184 ], [ -71.5926625, -33.0334093 ], [ -71.5926338, -33.0334037 ], [ -71.5926103, -33.0334884 ], [ -71.5926041, -33.0335106 ], [ -71.5928294, -33.0335546 ], [ -71.5928352, -33.0335336 ], [ -71.5928566, -33.0334568 ], [ -71.59266, -33.0334184 ] ] ] } },
{ "type": "Feature", "properties": { "osm_id": "way/387026605", "name": "Edificio Los Placeres", "source": "OpenStreetMap/Overpass", "building": "apartments" }, "geometry": { "type": "Polygon", "coordinates": [ [ [ -71.5926103, -33.0334884 ], [ -71.5926338, -33.0334037 ], [ -71.5920136, -33.0332826 ], [ -71.5919906, -33.0333655 ], [ -71.5922805, -33.0334221 ], [ -71.5922683, -33.0334663 ], [ -71.5924381, -33.0334995 ], [ -71.5924499, -33.0334571 ], [ -71.5926103, -33.0334884 ] ] ] } },
{ "type": "Feature", "properties": { "osm_id": "way/804414924", "name": null, "source": "OpenStreetMap/Overpass", "building": "university" }, "geometry": { "type": "Polygon", "coordinates": [ [ [ -71.5919432, -33.0340856 ], [ -71.5919526, -33.0339394 ], [ -71.5919942, -33.0339439 ], [ -71.5920049, -33.0338753 ], [ -71.5922543, -33.0339212 ], [ -71.5922564, -33.033898 ], [ -71.5922884, -33.0339011 ], [ -71.5923162, -33.0338127 ], [ -71.5919915, -33.0337561 ], [ -71.5919955, -33.0337426 ], [ -71.5919352, -33.0337303 ], [ -71.5917715, -33.0342407 ], [ -71.5919137, -33.0342475 ], [ -71.5919432, -33.0340856 ] ] ] } },
{ "type": "Feature", "properties": { "osm_id": "way/518841617", "name": null, "source": "OpenStreetMap/Overpass", "building": "house" }, "geometry": { "type": "Polygon", "coordinates": [ [ [ -71.5917357, -33.0340031 ], [ -71.5917719, -33.0339854 ], [ -71.5917531, -33.0339275 ], [ -71.5916304, -33.0339399 ], [ -71.5916405, -33.0339916 ], [ -71.5917357, -33.0340031 ] ] ] } },
{ "type": "Feature", "properties": { "osm_id": "way/501825977", "name": "Torre A", "source": "OpenStreetMap/Overpass", "building": "apartments" }, "geometry": { "type": "Polygon", "coordinates": [ [ [ -71.5917343, -33.0333936 ], [ -71.5917312, -33.0334058 ], [ -71.5916914, -33.0333987 ], [ -71.5916948, -33.0333855 ], [ -71.5916009, -33.0333687 ], [ -71.5915947, -33.033393 ], [ -71.5915686, -33.0333883 ], [ -71.5915615, -33.0334161 ], [ -71.5918361, -33.0334652 ], [ -71.5918413, -33.0334447 ], [ -71.5918155, -33.0334401 ], [ -71.5918233, -33.0334095 ], [ -71.5917343, -33.0333936 ] ] ] } },
{ "type": "Feature", "properties": { "osm_id": "way/344757385", "name": null, "source": "OpenStreetMap/Overpass", "building": "yes" }, "geometry": { "type": "Polygon", "coordinates": [ [ [ -71.5921323, -33.0326122 ], [ -71.5921422, -33.0326151 ], [ -71.592175, -33.0325375 ], [ -71.5916976, -33.0323958 ], [ -71.5916639, -33.0324758 ], [ -71.5917228, -33.0324933 ], [ -71.5917004, -33.0325465 ], [ -71.5917017, -33.0325578 ], [ -71.5917333, -33.032567 ], [ -71.5917391, -33.032553 ], [ -71.5917735, -33.032563 ], [ -71.5917685, -33.0325752 ], [ -71.5917987, -33.032584 ], [ -71.5918028, -33.0325741 ], [ -71.5918501, -33.0325879 ], [ -71.5918464, -33.0325967 ], [ -71.5918674, -33.0326028 ], [ -71.5918721, -33.0325916 ], [ -71.5919233, -33.0326065 ], [ -71.5919197, -33.0326152 ], [ -71.5919446, -33.0326225 ], [ -71.5919474, -33.0326157 ], [ -71.5919929, -33.032629 ], [ -71.5919891, -33.0326381 ], [ -71.5920216, -33.0326477 ], [ -71.5920252, -33.0326391 ], [ -71.5921105, -33.0326643 ], [ -71.5921323, -33.0326122 ] ] ] } },
{ "type": "Feature", "properties": { "osm_id": "way/512363089", "name": null, "source": "OpenStreetMap/Overpass", "building": "apartments" }, "geometry": { "type": "Polygon", "coordinates": [ [ [ -71.5878977, -33.0320966 ], [ -71.5878511, -33.0321351 ], [ -71.587947, -33.0321969 ], [ -71.5879732, -33.0321739 ], [ -71.5879034, -33.0320918 ], [ -71.5878977, -33.0320966 ] ] ] } },
{ "type": "Feature", "properties": { "osm_id": "way/512363088", "name": "Fábrica de Espuma Aconcagua", "source": "OpenStreetMap/Overpass", "building": "yes" }, "geometry": { "type": "Polygon", "coordinates": [ [ [ -71.5877988, -33.0320033 ], [ -71.587767, -33.0320044 ], [ -71.5877143, -33.0320693 ], [ -71.5877918, -33.0321011 ], [ -71.5878427, -33.0321419 ], [ -71.5878511, -33.0321351 ], [ -71.5878977, -33.0320966 ], [ -71.5877988, -33.0320033 ] ] ] } },
{ "type": "Feature", "properties": { "osm_id": "way/149779296", "name": null, "source": "OpenStreetMap/Overpass", "building": "retail" }, "geometry": { "type": "Polygon", "coordinates": [ [ [ -71.5906662, -33.0317648 ], [ -71.5904946, -33.0316839 ], [ -71.5903267, -33.0315982 ], [ -71.5901877, -33.0315193 ], [ -71.5898712, -33.0313214 ], [ -71.5898133, -33.0313871 ], [ -71.5897543, -33.031441 ], [ -71.5896996, -33.0314968 ], [ -71.5897811, -33.0315625 ], [ -71.5898294, -33.031513 ], [ -71.5899034, -33.0315733 ], [ -71.5898508, -33.0316299 ], [ -71.5899528, -33.0316884 ], [ -71.5899946, -33.0316542 ], [ -71.5900804, -33.0317127 ], [ -71.5900375, -33.0317666 ], [ -71.5901244, -33.0318278 ], [ -71.5901663, -33.0317756 ], [ -71.5902414, -33.0318251 ], [ -71.5902103, -33.0318773 ], [ -71.5903175, -33.0319402 ], [ -71.5903487, -33.0318926 ], [ -71.5904345, -33.0319555 ], [ -71.5903742, -33.0320758 ], [ -71.5904933, -33.032128 ], [ -71.5905297, -33.0320713 ], [ -71.5906156, -33.0321118 ], [ -71.5905791, -33.0321639 ], [ -71.5907025, -33.0322269 ], [ -71.5907229, -33.0321882 ], [ -71.5908033, -33.0322287 ], [ -71.5907722, -33.0322764 ], [ -71.5908688, -33.0323169 ], [ -71.5908956, -33.0322674 ], [ -71.5909331, -33.0321325 ], [ -71.5909935, -33.0319088 ], [ -71.5906662, -33.0317648 ] ] ] } },
{ "type": "Feature", "properties": { "osm_id": "way/173081195", "name": null, "source": "OpenStreetMap/Overpass", "building": "yes" }, "geometry": { "type": "Polygon", "coordinates": [ [ [ -71.584684, -33.0311647 ], [ -71.5843784, -33.031459 ], [ -71.5843383, -33.0314976 ], [ -71.5842655, -33.0315677 ], [ -71.5845129, -33.0317482 ], [ -71.5849313, -33.0313452 ], [ -71.584684, -33.0311647 ] ] ] } },
{ "type": "Feature", "properties": { "osm_id": "way/549482661", "name": "Fish Market", "source": "OpenStreetMap/Overpass", "building": "yes" }, "geometry": { "type": "Polygon", "coordinates": [ [ [ -71.5897653, -33.0313872 ], [ -71.5897344, -33.0313557 ], [ -71.5898052, -33.0312862 ], [ -71.5896301, -33.0311581 ], [ -71.5895531, -33.0311017 ], [ -71.5894394, -33.0311915 ], [ -71.5896902, -33.031431 ], [ -71.5897109, -33.0314164 ], [ -71.589725, -33.0314254 ], [ -71.5897653, -33.0313872 ] ] ] } },
{ "type": "Feature", "properties": { "osm_id": "way/1229239212", "name": "Reineta Flaca Tapia", "source": "OpenStreetMap/Overpass", "building": "commercial" }, "geometry": { "type": "Polygon", "coordinates": [ [ [ -71.589481, -33.0310976 ], [ -71.5895226, -33.0310592 ], [ -71.5894753, -33.0310245 ], [ -71.5894347, -33.0310563 ], [ -71.589481, -33.0310976 ] ] ] } },
{ "type": "Feature", "properties": { "osm_id": "way/512363086", "name": null, "source": "OpenStreetMap/Overpass", "building": "house" }, "geometry": { "type": "Polygon", "coordinates": [ [ [ -71.5875129, -33.0309593 ], [ -71.5875055, -33.0309948 ], [ -71.587472, -33.0309931 ], [ -71.5874633, -33.0310572 ], [ -71.5874861, -33.0310611 ], [ -71.5874847, -33.0310836 ], [ -71.5875189, -33.0311066 ], [ -71.5875893, -33.0310515 ], [ -71.5875706, -33.0310369 ], [ -71.5875833, -33.030965 ], [ -71.5875129, -33.0309593 ] ] ] } },
{ "type": "Feature", "properties": { "osm_id": "way/512363085", "name": null, "source": "OpenStreetMap/Overpass", "building": "house" }, "geometry": { "type": "Polygon", "coordinates": [ [ [ -71.5874112, -33.0308676 ], [ -71.5873728, -33.030895 ], [ -71.5873859, -33.0309079 ], [ -71.5873367, -33.0309429 ], [ -71.5873942, -33.0309997 ], [ -71.5874818, -33.0309373 ], [ -71.5874112, -33.0308676 ] ] ] } },
{ "type": "Feature", "properties": { "osm_id": "way/574636780", "name": null, "source": "OpenStreetMap/Overpass", "building": "house" }, "geometry": { "type": "Polygon", "coordinates": [ [ [ -71.584827, -33.0306834 ], [ -71.5848028, -33.0307065 ], [ -71.5847666, -33.0306798 ], [ -71.5847013, -33.0307421 ], [ -71.5847424, -33.0307724 ], [ -71.5847307, -33.0307835 ], [ -71.5847647, -33.0308085 ], [ -71.5848151, -33.0307605 ], [ -71.5848249, -33.0307677 ], [ -71.5848757, -33.0307193 ], [ -71.584827, -33.0306834 ] ] ] } },
{ "type": "Feature", "properties": { "osm_id": "way/573793066", "name": null, "source": "OpenStreetMap/Overpass", "building": "school" }, "geometry": { "type": "Polygon", "coordinates": [ [ [ -71.5872298, -33.0302714 ], [ -71.5871757, -33.0303335 ], [ -71.5872676, -33.0303897 ], [ -71.5873217, -33.0303277 ], [ -71.5872298, -33.0302714 ] ] ] } },
{ "type": "Feature", "properties": { "osm_id": "way/948971889", "name": null, "source": "OpenStreetMap/Overpass", "building": "yes" }, "geometry": { "type": "Polygon", "coordinates": [ [ [ -71.5835879, -33.0318372 ], [ -71.5836487, -33.0318812 ], [ -71.5837327, -33.0317995 ], [ -71.5836719, -33.0317555 ], [ -71.5835879, -33.0318372 ] ] ] } },
{ "type": "Feature", "properties": { "osm_id": "way/948971890", "name": null, "source": "OpenStreetMap/Overpass", "building": "yes" }, "geometry": { "type": "Polygon", "coordinates": [ [ [ -71.5835879, -33.0318372 ], [ -71.5836719, -33.0317555 ], [ -71.5837504, -33.031679 ], [ -71.5836875, -33.0316336 ], [ -71.5835164, -33.0317999 ], [ -71.5835794, -33.0318454 ], [ -71.5835879, -33.0318372 ] ] ] } },
{ "type": "Feature", "properties": { "osm_id": "way/948971888", "name": null, "source": "OpenStreetMap/Overpass", "building": "yes" }, "geometry": { "type": "Polygon", "coordinates": [ [ [ -71.5838133, -33.0317014 ], [ -71.5837246, -33.0317877 ], [ -71.5838166, -33.0318542 ], [ -71.5839635, -33.0317113 ], [ -71.5839455, -33.0316983 ], [ -71.5839675, -33.0316769 ], [ -71.5838963, -33.0316255 ], [ -71.5838743, -33.0316468 ], [ -71.5837616, -33.0315654 ], [ -71.5837286, -33.0315974 ], [ -71.5837733, -33.0316297 ], [ -71.5837481, -33.0316542 ], [ -71.5838133, -33.0317014 ] ] ] } },
{ "type": "Feature", "properties": { "osm_id": "way/948971891", "name": null, "source": "OpenStreetMap/Overpass", "building": "yes" }, "geometry": { "type": "Polygon", "coordinates": [ [ [ -71.5841868, -33.0316578 ], [ -71.5842044, -33.0316428 ], [ -71.5841609, -33.0316069 ], [ -71.5840435, -33.031707 ], [ -71.5840897, -33.0317452 ], [ -71.5841102, -33.0317278 ], [ -71.5841682, -33.0317756 ], [ -71.5842476, -33.0317079 ], [ -71.5841868, -33.0316578 ] ] ] } },
{ "type": "Feature", "properties": { "osm_id": "way/948971887", "name": null, "source": "OpenStreetMap/Overpass", "building": "yes" }, "geometry": { "type": "Polygon", "coordinates": [ [ [ -71.5843383, -33.0314976 ], [ -71.5842804, -33.0314554 ], [ -71.5842076, -33.0315255 ], [ -71.5842655, -33.0315677 ], [ -71.5843383, -33.0314976 ] ] ] } },
{ "type": "Feature", "properties": { "osm_id": "way/948971886", "name": null, "source": "OpenStreetMap/Overpass", "building": "yes" }, "geometry": { "type": "Polygon", "coordinates": [ [ [ -71.5843383, -33.0314976 ], [ -71.5843784, -33.031459 ], [ -71.5842982, -33.0314004 ], [ -71.584258, -33.0314391 ], [ -71.5842804, -33.0314554 ], [ -71.5843383, -33.0314976 ] ] ] } },
{ "type": "Feature", "properties": { "osm_id": "way/574636777", "name": null, "source": "OpenStreetMap/Overpass", "building": "yes" }, "geometry": { "type": "Polygon", "coordinates": [ [ [ -71.5842011, -33.0312327 ], [ -71.5843118, -33.0310766 ], [ -71.5842143, -33.0310281 ], [ -71.5842286, -33.031008 ], [ -71.5841215, -33.0309546 ], [ -71.5840843, -33.031007 ], [ -71.5841503, -33.0310399 ], [ -71.5840936, -33.0311198 ], [ -71.5840625, -33.0311636 ], [ -71.5842011, -33.0312327 ] ] ] } },
{ "type": "Feature", "properties": { "osm_id": "way/574636778", "name": null, "source": "OpenStreetMap/Overpass", "building": "yes" }, "geometry": { "type": "Polygon", "coordinates": [ [ [ -71.5840843, -33.031007 ], [ -71.5841215, -33.0309546 ], [ -71.5840425, -33.0309162 ], [ -71.5839843, -33.0309991 ], [ -71.5840371, -33.0310251 ], [ -71.5840023, -33.0310748 ], [ -71.5840936, -33.0311198 ], [ -71.5841503, -33.0310399 ], [ -71.5840843, -33.031007 ] ] ] } },
{ "type": "Feature", "properties": { "osm_id": "way/574636779", "name": null, "source": "OpenStreetMap/Overpass", "building": "yes" }, "geometry": { "type": "Polygon", "coordinates": [ [ [ -71.5841775, -33.0306981 ], [ -71.5841134, -33.0307821 ], [ -71.5841421, -33.0307975 ], [ -71.5841546, -33.030781 ], [ -71.5841668, -33.0307876 ], [ -71.5842184, -33.03072 ], [ -71.5841775, -33.0306981 ] ] ] } },
{ "type": "Feature", "properties": { "osm_id": "way/574636770", "name": null, "source": "OpenStreetMap/Overpass", "building": "house" }, "geometry": { "type": "Polygon", "coordinates": [ [ [ -71.5839835, -33.0301272 ], [ -71.5840132, -33.0302082 ], [ -71.5840662, -33.0301946 ], [ -71.5840544, -33.0301623 ], [ -71.5841024, -33.03015 ], [ -71.5840845, -33.0301011 ], [ -71.5839835, -33.0301272 ] ] ] } },
{ "type": "Feature", "properties": { "osm_id": "way/574636768", "name": null, "source": "OpenStreetMap/Overpass", "building": "house" }, "geometry": { "type": "Polygon", "coordinates": [ [ [ -71.5837561, -33.0298427 ], [ -71.5837337, -33.0298507 ], [ -71.5836375, -33.0298848 ], [ -71.5836685, -33.0299461 ], [ -71.5837871, -33.029904 ], [ -71.5837561, -33.0298427 ] ] ] } },
{ "type": "Feature", "properties": { "osm_id": "way/574636769", "name": null, "source": "OpenStreetMap/Overpass", "building": "house" }, "geometry": { "type": "Polygon", "coordinates": [ [ [ -71.5838928, -33.0298303 ], [ -71.5838154, -33.0298484 ], [ -71.5838387, -33.0299184 ], [ -71.5839161, -33.0299003 ], [ -71.5838928, -33.0298303 ] ] ] } },
{ "type": "Feature", "properties": { "osm_id": "way/574636767", "name": null, "source": "OpenStreetMap/Overpass", "building": "house" }, "geometry": { "type": "Polygon", "coordinates": [ [ [ -71.5842639, -33.0297192 ], [ -71.5843139, -33.0297315 ], [ -71.5843384, -33.0296616 ], [ -71.584251, -33.0296401 ], [ -71.5841747, -33.0296213 ], [ -71.5841584, -33.0296173 ], [ -71.5841512, -33.0296378 ], [ -71.5841388, -33.0296734 ], [ -71.5841266, -33.0297081 ], [ -71.5841198, -33.0297277 ], [ -71.5842498, -33.0297597 ], [ -71.5842639, -33.0297192 ] ] ] } },
{ "type": "Feature", "properties": { "osm_id": "way/574238107", "name": null, "source": "OpenStreetMap/Overpass", "building": "apartments" }, "geometry": { "type": "Polygon", "coordinates": [ [ [ -71.5835319, -33.0297681 ], [ -71.5835673, -33.0297499 ], [ -71.5835538, -33.0297315 ], [ -71.5835855, -33.0297151 ], [ -71.5835608, -33.0296815 ], [ -71.5836247, -33.0296486 ], [ -71.5835601, -33.0295603 ], [ -71.5835317, -33.0295749 ], [ -71.5835116, -33.0295474 ], [ -71.5834886, -33.0295592 ], [ -71.5834485, -33.0295045 ], [ -71.583421106089887, -33.029518595895496 ], [ -71.583421894885163, -33.029545609785529 ], [ -71.5834246, -33.0295493 ], [ -71.583422041163985, -33.029550619399821 ], [ -71.583424091976568, -33.029620853626184 ], [ -71.5835319, -33.0297681 ] ] ] } },
{ "type": "Feature", "properties": { "osm_id": "way/574636766", "name": null, "source": "OpenStreetMap/Overpass", "building": "house" }, "geometry": { "type": "Polygon", "coordinates": [ [ [ -71.5842769, -33.029556 ], [ -71.5841998, -33.0295394 ], [ -71.5841747, -33.0296213 ], [ -71.584251, -33.0296401 ], [ -71.5842769, -33.029556 ] ] ] } },
{ "type": "Feature", "properties": { "osm_id": "way/574636765", "name": null, "source": "OpenStreetMap/Overpass", "building": "house" }, "geometry": { "type": "Polygon", "coordinates": [ [ [ -71.5843216, -33.0294864 ], [ -71.5842849, -33.0294803 ], [ -71.5842949, -33.029438 ], [ -71.5842699, -33.0294338 ], [ -71.5842, -33.0294221 ], [ -71.5841791, -33.0295105 ], [ -71.5843107, -33.0295324 ], [ -71.5843216, -33.0294864 ] ] ] } },
{ "type": "Feature", "properties": { "osm_id": "way/574636764", "name": null, "source": "OpenStreetMap/Overpass", "building": "house" }, "geometry": { "type": "Polygon", "coordinates": [ [ [ -71.5842943, -33.0293438 ], [ -71.5842247, -33.0293305 ], [ -71.5842203, -33.0293468 ], [ -71.5842035, -33.0294093 ], [ -71.5842, -33.0294221 ], [ -71.5842699, -33.0294338 ], [ -71.5842943, -33.0293438 ] ] ] } },
{ "type": "Feature", "properties": { "osm_id": "way/574636763", "name": null, "source": "OpenStreetMap/Overpass", "building": "house" }, "geometry": { "type": "Polygon", "coordinates": [ [ [ -71.584317, -33.0292091 ], [ -71.5842464, -33.0291962 ], [ -71.5842185, -33.0293037 ], [ -71.5842891, -33.0293166 ], [ -71.584317, -33.0292091 ] ] ] } },
{ "type": "Feature", "properties": { "osm_id": "way/604410857", "name": null, "source": "OpenStreetMap/Overpass", "building": "apartments" }, "geometry": { "type": "Polygon", "coordinates": [ [ [ -71.5835503, -33.0293192 ], [ -71.5836133, -33.0291238 ], [ -71.5835647, -33.0291066 ], [ -71.5835079, -33.0290939 ], [ -71.5834545, -33.0290879 ], [ -71.583412347483815, -33.029218639708937 ], [ -71.583414386618145, -33.029288473989872 ], [ -71.5835503, -33.0293192 ] ] ] } },
{ "type": "Feature", "properties": { "osm_id": "way/574636761", "name": null, "source": "OpenStreetMap/Overpass", "building": "house" }, "geometry": { "type": "Polygon", "coordinates": [ [ [ -71.5843395, -33.0291316 ], [ -71.5843302, -33.02913 ], [ -71.5842775, -33.0291193 ], [ -71.5842633, -33.0291706 ], [ -71.5843254, -33.0291827 ], [ -71.5843395, -33.0291316 ] ] ] } },
{ "type": "Feature", "properties": { "osm_id": "way/573793067", "name": null, "source": "OpenStreetMap/Overpass", "building": "school" }, "geometry": { "type": "Polygon", "coordinates": [ [ [ -71.5870441, -33.0301178 ], [ -71.5869315, -33.0300098 ], [ -71.5868403, -33.029903 ], [ -71.5867142, -33.0297299 ], [ -71.5866512, -33.0296174 ], [ -71.5864742, -33.0292397 ], [ -71.5864558, -33.0292466 ], [ -71.5864043, -33.029266 ], [ -71.5863548, -33.0292846 ], [ -71.5865962, -33.029785 ], [ -71.5865238, -33.0298356 ], [ -71.5866391, -33.0300425 ], [ -71.5868269, -33.0302077 ], [ -71.5869543, -33.0301268 ], [ -71.5869784, -33.0301482 ], [ -71.5868363, -33.0302437 ], [ -71.5870026, -33.0303685 ], [ -71.5871957, -33.0302324 ], [ -71.5870441, -33.0301178 ] ] ] } },
{ "type": "Feature", "properties": { "osm_id": "way/617644138", "name": "Parques de Toledo", "source": "OpenStreetMap/Overpass", "building": "residential" }, "geometry": { "type": "Polygon", "coordinates": [ [ [ -71.5848292, -33.0298179 ], [ -71.5849911, -33.0294139 ], [ -71.5847594, -33.0290633 ], [ -71.5846745, -33.0290364 ], [ -71.5846302, -33.0291348 ], [ -71.5846854, -33.0291522 ], [ -71.5848592, -33.0294276 ], [ -71.5847156, -33.0297859 ], [ -71.5848292, -33.0298179 ] ] ] } },
{ "type": "Feature", "properties": { "osm_id": "way/573793064", "name": null, "source": "OpenStreetMap/Overpass", "building": "school" }, "geometry": { "type": "Polygon", "coordinates": [ [ [ -71.5864558, -33.0292466 ], [ -71.586404, -33.0291419 ], [ -71.5863474, -33.0291593 ], [ -71.5863662, -33.0291958 ], [ -71.5864043, -33.029266 ], [ -71.5864558, -33.0292466 ] ] ] } },
{ "type": "Feature", "properties": { "osm_id": "way/573793065", "name": null, "source": "OpenStreetMap/Overpass", "building": "school" }, "geometry": { "type": "Polygon", "coordinates": [ [ [ -71.5863552, -33.0290061 ], [ -71.5863216, -33.0289799 ], [ -71.5862288, -33.0289406 ], [ -71.5861584, -33.0289529 ], [ -71.5863045, -33.0292205 ], [ -71.5863662, -33.0291958 ], [ -71.5863474, -33.0291593 ], [ -71.586404, -33.0291419 ], [ -71.5864225, -33.0291362 ], [ -71.5863552, -33.0290061 ] ] ] } },
{ "type": "Feature", "properties": { "osm_id": "way/574636786", "name": null, "source": "OpenStreetMap/Overpass", "building": "school" }, "geometry": { "type": "Polygon", "coordinates": [ [ [ -71.5856898, -33.0289242 ], [ -71.5856104, -33.028951 ], [ -71.585629, -33.0289898 ], [ -71.5857085, -33.0289629 ], [ -71.5856898, -33.0289242 ] ] ] } },
{ "type": "Feature", "properties": { "osm_id": "way/574636788", "name": null, "source": "OpenStreetMap/Overpass", "building": "school" }, "geometry": { "type": "Polygon", "coordinates": [ [ [ -71.5857437, -33.0286092 ], [ -71.5857248, -33.0286149 ], [ -71.5857149, -33.028592 ], [ -71.5856506, -33.0286116 ], [ -71.58566, -33.0286333 ], [ -71.5856019, -33.028651 ], [ -71.5856419, -33.0287433 ], [ -71.5857831, -33.0287004 ], [ -71.5857437, -33.0286092 ] ] ] } },
{ "type": "Feature", "properties": { "osm_id": "way/617644139", "name": "Parques de Toledo", "source": "OpenStreetMap/Overpass", "building": "residential" }, "geometry": { "type": "Polygon", "coordinates": [ [ [ -71.5848829, -33.0287891 ], [ -71.5848432, -33.0287768 ], [ -71.584998, -33.0284253 ], [ -71.584985, -33.0284213 ], [ -71.58506, -33.0282491 ], [ -71.5849723, -33.0282223 ], [ -71.5847412, -33.0287495 ], [ -71.5847717, -33.0287589 ], [ -71.5846748, -33.0289781 ], [ -71.5847844, -33.0290122 ], [ -71.5848829, -33.0287891 ] ] ] } },
{ "type": "Feature", "properties": { "osm_id": "way/574636754", "name": null, "source": "OpenStreetMap/Overpass", "building": "house" }, "geometry": { "type": "Polygon", "coordinates": [ [ [ -71.5844706, -33.0284941 ], [ -71.584371, -33.0284886 ], [ -71.5843636, -33.0285817 ], [ -71.5844631, -33.0285872 ], [ -71.5844706, -33.0284941 ] ] ] } },
{ "type": "Feature", "properties": { "osm_id": "way/574636789", "name": null, "source": "OpenStreetMap/Overpass", "building": "school" }, "geometry": { "type": "Polygon", "coordinates": [ [ [ -71.5859495, -33.0288339 ], [ -71.5859938, -33.0288195 ], [ -71.5860066, -33.0288487 ], [ -71.5860751, -33.0288278 ], [ -71.5860963, -33.0287975 ], [ -71.5861225, -33.0288063 ], [ -71.5861706, -33.0286977 ], [ -71.58615, -33.0286901 ], [ -71.5861569, -33.0286663 ], [ -71.5859247, -33.0281258 ], [ -71.5858146, -33.0281584 ], [ -71.5857631, -33.0280403 ], [ -71.5855481, -33.0281031 ], [ -71.5856107, -33.0282493 ], [ -71.5854906, -33.0282867 ], [ -71.585533, -33.028384 ], [ -71.5856277, -33.0283529 ], [ -71.5857437, -33.0286092 ], [ -71.5857831, -33.0287004 ], [ -71.5858194, -33.028783 ], [ -71.5859149, -33.0287536 ], [ -71.5859017, -33.0287232 ], [ -71.5859097, -33.0287207 ], [ -71.5858212, -33.0285344 ], [ -71.5857496, -33.0283542 ], [ -71.5858279, -33.0283302 ], [ -71.5858944, -33.0283547 ], [ -71.5860384, -33.0286507 ], [ -71.5859935, -33.0287321 ], [ -71.5859166, -33.0287557 ], [ -71.5859495, -33.0288339 ] ] ] } },
{ "type": "Feature", "properties": { "osm_id": "way/574636787", "name": null, "source": "OpenStreetMap/Overpass", "building": "school" }, "geometry": { "type": "Polygon", "coordinates": [ [ [ -71.5858791, -33.0280047 ], [ -71.5857809, -33.0280315 ], [ -71.5858127, -33.0281134 ], [ -71.5859109, -33.0280866 ], [ -71.5858791, -33.0280047 ] ] ] } },
{ "type": "Feature", "properties": { "osm_id": "way/574636760", "name": "Modas Pascal", "source": "OpenStreetMap/Overpass", "building": "house" }, "geometry": { "type": "Polygon", "coordinates": [ [ [ -71.5843409, -33.0290929 ], [ -71.5842882, -33.0290822 ], [ -71.5842775, -33.0291193 ], [ -71.5843302, -33.02913 ], [ -71.5843409, -33.0290929 ] ] ] } },
{ "type": "Feature", "properties": { "osm_id": "way/574636759", "name": null, "source": "OpenStreetMap/Overpass", "building": "house" }, "geometry": { "type": "Polygon", "coordinates": [ [ [ -71.5844321, -33.0290609 ], [ -71.584404, -33.0290523 ], [ -71.5844196, -33.0290165 ], [ -71.5843611, -33.0289984 ], [ -71.5843431, -33.0290395 ], [ -71.5843208, -33.0290327 ], [ -71.5843021, -33.0290752 ], [ -71.5844111, -33.0291088 ], [ -71.5844321, -33.0290609 ] ] ] } },
{ "type": "Feature", "properties": { "osm_id": "way/574636758", "name": null, "source": "OpenStreetMap/Overpass", "building": "house" }, "geometry": { "type": "Polygon", "coordinates": [ [ [ -71.5843649, -33.0289271 ], [ -71.5843357, -33.0289895 ], [ -71.5843611, -33.0289984 ], [ -71.5844196, -33.0290165 ], [ -71.5844487, -33.0289546 ], [ -71.5843649, -33.0289271 ] ] ] } },
{ "type": "Feature", "properties": { "osm_id": "way/574646698", "name": null, "source": "OpenStreetMap/Overpass", "building": "yes" }, "geometry": { "type": "Polygon", "coordinates": [ [ [ -71.5841232, -33.0288903 ], [ -71.5838993, -33.0288401 ], [ -71.583862, -33.0289573 ], [ -71.5838319, -33.0289505 ], [ -71.5838156, -33.0290016 ], [ -71.5837362, -33.0289839 ], [ -71.5837169, -33.0290445 ], [ -71.5838798, -33.0290809 ], [ -71.5838903, -33.029048 ], [ -71.5840608, -33.0290861 ], [ -71.5841232, -33.0288903 ] ] ] } },
{ "type": "Feature", "properties": { "osm_id": "way/574646696", "name": null, "source": "OpenStreetMap/Overpass", "building": "church" }, "geometry": { "type": "Polygon", "coordinates": [ [ [ -71.5836457, -33.0289704 ], [ -71.5835961, -33.0289563 ], [ -71.5836001, -33.0289175 ], [ -71.5835733, -33.0288883 ], [ -71.5835981, -33.0288607 ], [ -71.5835646, -33.0288377 ], [ -71.5834828, -33.0289231 ], [ -71.5835076, -33.02894 ], [ -71.583517, -33.028958 ], [ -71.5835123, -33.0289754 ], [ -71.5836337, -33.0290001 ], [ -71.5836457, -33.0289704 ] ] ] } },
{ "type": "Feature", "properties": { "osm_id": "way/574636756", "name": null, "source": "OpenStreetMap/Overpass", "building": "house" }, "geometry": { "type": "Polygon", "coordinates": [ [ [ -71.5843144, -33.0287011 ], [ -71.5843231, -33.028764 ], [ -71.584362, -33.0287668 ], [ -71.5843801, -33.0287084 ], [ -71.5843144, -33.0287011 ] ] ] } },
{ "type": "Feature", "properties": { "osm_id": "way/574636755", "name": null, "source": "OpenStreetMap/Overpass", "building": "house" }, "geometry": { "type": "Polygon", "coordinates": [ [ [ -71.5843801, -33.0287084 ], [ -71.5844216, -33.0287157 ], [ -71.584421, -33.0286015 ], [ -71.5843063, -33.0285959 ], [ -71.5843081, -33.0286196 ], [ -71.5843104, -33.0286493 ], [ -71.5843132, -33.0286865 ], [ -71.5843144, -33.0287011 ], [ -71.5843801, -33.0287084 ] ] ] } },
{ "type": "Feature", "properties": { "osm_id": "way/574636753", "name": null, "source": "OpenStreetMap/Overpass", "building": "school" }, "geometry": { "type": "Polygon", "coordinates": [ [ [ -71.5844447, -33.0283889 ], [ -71.5843156, -33.0283708 ], [ -71.584301, -33.0284441 ], [ -71.5844301, -33.0284622 ], [ -71.5844447, -33.0283889 ] ] ] } },
{ "type": "Feature", "properties": { "osm_id": "way/574636751", "name": null, "source": "OpenStreetMap/Overpass", "building": "school" }, "geometry": { "type": "Polygon", "coordinates": [ [ [ -71.5843884, -33.0283296 ], [ -71.5844648, -33.0283445 ], [ -71.584499, -33.0282208 ], [ -71.5843227, -33.0281866 ], [ -71.5842803, -33.0283403 ], [ -71.5843801, -33.0283597 ], [ -71.5843884, -33.0283296 ] ] ] } },
{ "type": "Feature", "properties": { "osm_id": "way/574646710", "name": null, "source": "OpenStreetMap/Overpass", "building": "house" }, "geometry": { "type": "Polygon", "coordinates": [ [ [ -71.5836182, -33.0280215 ], [ -71.5835295, -33.0280033 ], [ -71.5835123, -33.0280622 ], [ -71.583601, -33.0280804 ], [ -71.5836182, -33.0280215 ] ] ] } },
{ "type": "Feature", "properties": { "osm_id": "way/574646713", "name": null, "source": "OpenStreetMap/Overpass", "building": "house" }, "geometry": { "type": "Polygon", "coordinates": [ [ [ -71.5834615, -33.0280538 ], [ -71.5834786, -33.0279949 ], [ -71.5833899, -33.0279767 ], [ -71.583377345959676, -33.028019941694453 ], [ -71.58337783333269, -33.028036632769506 ], [ -71.5834615, -33.0280538 ] ] ] } },
{ "type": "Feature", "properties": { "osm_id": "way/574646708", "name": null, "source": "OpenStreetMap/Overpass", "building": "house" }, "geometry": { "type": "Polygon", "coordinates": [ [ [ -71.5836182, -33.0280215 ], [ -71.5836348, -33.0279642 ], [ -71.5835462, -33.0279461 ], [ -71.5835295, -33.0280033 ], [ -71.5836182, -33.0280215 ] ] ] } },
{ "type": "Feature", "properties": { "osm_id": "way/574646712", "name": null, "source": "OpenStreetMap/Overpass", "building": "house" }, "geometry": { "type": "Polygon", "coordinates": [ [ [ -71.5834786, -33.0279949 ], [ -71.5834954, -33.0279376 ], [ -71.5834067, -33.0279194 ], [ -71.5833899, -33.0279767 ], [ -71.5834786, -33.0279949 ] ] ] } },
{ "type": "Feature", "properties": { "osm_id": "way/574646709", "name": null, "source": "OpenStreetMap/Overpass", "building": "house" }, "geometry": { "type": "Polygon", "coordinates": [ [ [ -71.5836348, -33.0279642 ], [ -71.5836527, -33.0279031 ], [ -71.583564, -33.0278849 ], [ -71.5835462, -33.0279461 ], [ -71.5836348, -33.0279642 ] ] ] } },
{ "type": "Feature", "properties": { "osm_id": "way/574646711", "name": null, "source": "OpenStreetMap/Overpass", "building": "house" }, "geometry": { "type": "Polygon", "coordinates": [ [ [ -71.5834954, -33.0279376 ], [ -71.5835132, -33.0278765 ], [ -71.5834245, -33.0278583 ], [ -71.5834067, -33.0279194 ], [ -71.5834954, -33.0279376 ] ] ] } },
{ "type": "Feature", "properties": { "osm_id": "way/574646706", "name": null, "source": "OpenStreetMap/Overpass", "building": "house" }, "geometry": { "type": "Polygon", "coordinates": [ [ [ -71.583551, -33.0278196 ], [ -71.5836617, -33.0278386 ], [ -71.5836784, -33.0277698 ], [ -71.5835678, -33.0277508 ], [ -71.583551, -33.0278196 ] ] ] } },
{ "type": "Feature", "properties": { "osm_id": "way/574646707", "name": null, "source": "OpenStreetMap/Overpass", "building": "house" }, "geometry": { "type": "Polygon", "coordinates": [ [ [ -71.5835678, -33.0277508 ], [ -71.5834704, -33.0277342 ], [ -71.5834537, -33.027803 ], [ -71.583551, -33.0278196 ], [ -71.5835678, -33.0277508 ] ] ] } },
{ "type": "Feature", "properties": { "osm_id": "way/574646705", "name": null, "source": "OpenStreetMap/Overpass", "building": "house" }, "geometry": { "type": "Polygon", "coordinates": [ [ [ -71.5836025, -33.027691 ], [ -71.5836399, -33.0276966 ], [ -71.5836557, -33.027623 ], [ -71.5836109, -33.0276162 ], [ -71.5836176, -33.027585 ], [ -71.5835956, -33.0275817 ], [ -71.5836011, -33.0275557 ], [ -71.5835128, -33.0275424 ], [ -71.5835013, -33.0275961 ], [ -71.5834692, -33.0275913 ], [ -71.5834463, -33.0276981 ], [ -71.5835961, -33.0277206 ], [ -71.5836025, -33.027691 ] ] ] } },
{ "type": "Feature", "properties": { "osm_id": "way/604410863", "name": null, "source": "OpenStreetMap/Overpass", "building": "yes" }, "geometry": { "type": "Polygon", "coordinates": [ [ [ -71.583923, -33.0275469 ], [ -71.5841622, -33.0274172 ], [ -71.5840736, -33.0273022 ], [ -71.5839002, -33.0273963 ], [ -71.5839216, -33.027424 ], [ -71.5838557, -33.0274597 ], [ -71.583923, -33.0275469 ] ] ] } },
{ "type": "Feature", "properties": { "osm_id": "way/604410862", "name": null, "source": "OpenStreetMap/Overpass", "building": "yes" }, "geometry": { "type": "Polygon", "coordinates": [ [ [ -71.5841235, -33.026828 ], [ -71.5843258, -33.0270796 ], [ -71.5844338, -33.0270185 ], [ -71.5842315, -33.0267669 ], [ -71.5841235, -33.026828 ] ] ] } },
{ "type": "Feature", "properties": { "osm_id": "way/574646723", "name": null, "source": "OpenStreetMap/Overpass", "building": "apartments" }, "geometry": { "type": "Polygon", "coordinates": [ [ [ -71.5847423, -33.0277759 ], [ -71.5844991, -33.0279136 ], [ -71.5845712, -33.0280031 ], [ -71.5846002, -33.0279867 ], [ -71.5846345, -33.0280293 ], [ -71.5846994, -33.0279925 ], [ -71.5846809, -33.0279695 ], [ -71.5847521, -33.0279292 ], [ -71.5847359, -33.0279091 ], [ -71.584814, -33.0278649 ], [ -71.5847423, -33.0277759 ] ] ] } },
{ "type": "Feature", "properties": { "osm_id": "way/604410858", "name": "Torre A", "source": "OpenStreetMap/Overpass", "building": "yes" }, "geometry": { "type": "Polygon", "coordinates": [ [ [ -71.5850179, -33.0276337 ], [ -71.5851441, -33.0278121 ], [ -71.5852637, -33.0277526 ], [ -71.5851375, -33.0275742 ], [ -71.5850179, -33.0276337 ] ] ] } },
{ "type": "Feature", "properties": { "osm_id": "way/604410860", "name": "Torre E", "source": "OpenStreetMap/Overpass", "building": "yes" }, "geometry": { "type": "Polygon", "coordinates": [ [ [ -71.5845014, -33.0273569 ], [ -71.584642, -33.0275274 ], [ -71.5847564, -33.0274611 ], [ -71.5846157, -33.0272906 ], [ -71.5845014, -33.0273569 ] ] ] } },
{ "type": "Feature", "properties": { "osm_id": "way/357918741", "name": "Caleuche Litoral Valparaíso", "source": "OpenStreetMap/Overpass", "building": "yes" }, "geometry": { "type": "Polygon", "coordinates": [ [ [ -71.5858026, -33.0259498 ], [ -71.5857007, -33.0260735 ], [ -71.5857892, -33.0261409 ], [ -71.585757, -33.0261679 ], [ -71.5858053, -33.0262016 ], [ -71.5859528, -33.0260667 ], [ -71.5858026, -33.0259498 ] ] ] } },
{ "type": "Feature", "properties": { "osm_id": "way/604410865", "name": null, "source": "OpenStreetMap/Overpass", "building": "yes" }, "geometry": { "type": "Polygon", "coordinates": [ [ [ -71.5836666, -33.0265412 ], [ -71.5836141, -33.0265221 ], [ -71.5834046, -33.0266212 ], [ -71.5834567, -33.0267043 ], [ -71.5835932, -33.0266368 ], [ -71.5836705, -33.0267221 ], [ -71.583775, -33.026676 ], [ -71.5836666, -33.0265412 ] ] ] } },
{ "type": "Feature", "properties": { "osm_id": "way/604410867", "name": null, "source": "OpenStreetMap/Overpass", "building": "apartments" }, "geometry": { "type": "Polygon", "coordinates": [ [ [ -71.5834214, -33.0262885 ], [ -71.5833942, -33.026189 ], [ -71.583324275310673, -33.026202429938465 ], [ -71.583327316672509, -33.026306587528516 ], [ -71.5834214, -33.0262885 ] ] ] } }
]
}
