{
"type": "FeatureCollection",
"name": "roads_osm_algarrobo",
"crs": { "type": "name", "properties": { "name": "urn:ogc:def:crs:OGC:1.3:CRS84" } },
"features": [
{ "type": "Feature", "properties": { "osm_id": "way/46860935", "name": "Avenida Ignacio Carrera Pinto", "source": "OpenStreetMap/Overpass", "highway": "primary", "surface": "paved" }, "geometry": { "type": "LineString", "coordinates": [ [ -71.6680302, -33.3691214 ], [ -71.668139, -33.3692051 ], [ -71.6684798, -33.3694672 ], [ -71.6687618, -33.3696713 ], [ -71.6691371, -33.369948 ], [ -71.6692796, -33.3700517 ], [ -71.669371133000212, -33.370112905976335 ] ] } },
{ "type": "Feature", "properties": { "osm_id": "way/1382665251", "name": "Avenida El Canelo", "source": "OpenStreetMap/Overpass", "highway": "tertiary", "surface": "asphalt" }, "geometry": { "type": "LineString", "coordinates": [ [ -71.6824825, -33.3696444 ], [ -71.682329891928902, -33.369833723558131 ] ] } },
{ "type": "Feature", "properties": { "osm_id": "way/1333309931", "name": "Avenida La Puntilla", "source": "OpenStreetMap/Overpass", "highway": "residential", "surface": "unpaved" }, "geometry": { "type": "LineString", "coordinates": [ [ -71.678777, -33.3698617 ], [ -71.678770131539679, -33.369910414738143 ] ] } },
{ "type": "Feature", "properties": { "osm_id": "way/172191169", "name": "Tierra del Fuego", "source": "OpenStreetMap/Overpass", "highway": "residential", "surface": "asphalt" }, "geometry": { "type": "LineString", "coordinates": [ [ -71.677389286403837, -33.369940163550226 ], [ -71.6774527, -33.3695464 ], [ -71.6774561, -33.3695362 ], [ -71.6774641, -33.3695279 ], [ -71.6774748, -33.3695232 ], [ -71.6774869, -33.3695223 ], [ -71.6775912, -33.3695314 ], [ -71.6778329, -33.3695526 ] ] } },
{ "type": "Feature", "properties": { "osm_id": "way/453422567", "name": null, "source": "OpenStreetMap/Overpass", "highway": "service", "surface": null }, "geometry": { "type": "LineString", "coordinates": [ [ -71.681413513788542, -33.369853465932124 ], [ -71.6814867, -33.3698277 ] ] } },
{ "type": "Feature", "properties": { "osm_id": "way/1363353231", "name": null, "source": "OpenStreetMap/Overpass", "highway": "service", "surface": null }, "geometry": { "type": "LineString", "coordinates": [ [ -71.6814867, -33.3698277 ], [ -71.6816963, -33.3698353 ] ] } },
{ "type": "Feature", "properties": { "osm_id": "way/172822288", "name": "Los Galeones", "source": "OpenStreetMap/Overpass", "highway": "residential", "surface": "unpaved" }, "geometry": { "type": "LineString", "coordinates": [ [ -71.6827317, -33.3693359 ], [ -71.6829955, -33.3694719 ], [ -71.6830324, -33.3694826 ], [ -71.6830773, -33.3694865 ], [ -71.6836493, -33.3694221 ], [ -71.6836962, -33.3694126 ], [ -71.683725, -33.3694019 ], [ -71.6837478, -33.3693879 ], [ -71.6837693, -33.36937 ], [ -71.6838311, -33.3692987 ] ] } },
{ "type": "Feature", "properties": { "osm_id": "way/172822258", "name": "Pasaje Millán", "source": "OpenStreetMap/Overpass", "highway": "living_street", "surface": "unpaved" }, "geometry": { "type": "LineString", "coordinates": [ [ -71.6846833, -33.3693599 ], [ -71.6858173, -33.3692547 ] ] } },
{ "type": "Feature", "properties": { "osm_id": "way/172822267", "name": "Los Galeones", "source": "OpenStreetMap/Overpass", "highway": "residential", "surface": "unpaved" }, "geometry": { "type": "LineString", "coordinates": [ [ -71.6830821, -33.368902 ], [ -71.6838311, -33.3692987 ], [ -71.6846082, -33.3697049 ] ] } },
{ "type": "Feature", "properties": { "osm_id": "way/172822257", "name": "Malal", "source": "OpenStreetMap/Overpass", "highway": "residential", "surface": "unpaved" }, "geometry": { "type": "LineString", "coordinates": [ [ -71.68621008736396, -33.369750128952305 ], [ -71.6858173, -33.3692547 ], [ -71.6853227, -33.3686865 ], [ -71.6850474, -33.3683722 ], [ -71.6849194, -33.3683458 ] ] } },
{ "type": "Feature", "properties": { "osm_id": "way/1333309921", "name": "Avenida Canelillos", "source": "OpenStreetMap/Overpass", "highway": "tertiary", "surface": "unpaved" }, "geometry": { "type": "LineString", "coordinates": [ [ -71.686430576254878, -33.368998582524256 ], [ -71.6862579, -33.3688049 ], [ -71.6859198, -33.3684124 ], [ -71.6855565, -33.367997 ] ] } },
{ "type": "Feature", "properties": { "osm_id": "way/172822276", "name": "El Edén", "source": "OpenStreetMap/Overpass", "highway": "residential", "surface": "unpaved" }, "geometry": { "type": "LineString", "coordinates": [ [ -71.6851118, -33.3677251 ], [ -71.6849194, -33.3683458 ], [ -71.6848211, -33.36874 ], [ -71.6846833, -33.3693599 ], [ -71.6846082, -33.3697049 ], [ -71.684590585973908, -33.369785019354758 ] ] } },
{ "type": "Feature", "properties": { "osm_id": "way/172822264", "name": "La Puntilla", "source": "OpenStreetMap/Overpass", "highway": "living_street", "surface": "unpaved" }, "geometry": { "type": "LineString", "coordinates": [ [ -71.678032850724264, -33.369926298654349 ], [ -71.6780588, -33.3695714 ] ] } },
{ "type": "Feature", "properties": { "osm_id": "way/172191171", "name": null, "source": "OpenStreetMap/Overpass", "highway": "service", "surface": "unpaved" }, "geometry": { "type": "MultiLineString", "coordinates": [ [ [ -71.6803094, -33.3696103 ], [ -71.6803587, -33.3698603 ], [ -71.680167328191118, -33.369880313650377 ] ], [ [ -71.679262692017758, -33.369899803056413 ], [ -71.678777, -33.3698617 ] ] ] } },
{ "type": "Feature", "properties": { "osm_id": "way/161479259", "name": "Avenida Los Claveles", "source": "OpenStreetMap/Overpass", "highway": "residential", "surface": "unpaved" }, "geometry": { "type": "LineString", "coordinates": [ [ -71.681300508437062, -33.369855900509961 ], [ -71.6812594, -33.3698113 ], [ -71.6812071, -33.3697575 ], [ -71.6811441, -33.3696948 ], [ -71.6810435, -33.3696119 ], [ -71.6809416, -33.3695414 ], [ -71.6807739, -33.3694372 ], [ -71.6806398, -33.3693678 ], [ -71.6804896, -33.3693162 ], [ -71.6803233, -33.3692591 ], [ -71.6801463, -33.3692132 ], [ -71.6799773, -33.3691841 ], [ -71.6798479, -33.3691667 ], [ -71.6797118, -33.3691522 ], [ -71.6795502, -33.369137 ], [ -71.6788739, -33.3690719 ], [ -71.6768872, -33.368893 ] ] } },
{ "type": "Feature", "properties": { "osm_id": "way/1333309916", "name": "Tierra del Fuego", "source": "OpenStreetMap/Overpass", "highway": "residential", "surface": "unpaved" }, "geometry": { "type": "LineString", "coordinates": [ [ -71.6778329, -33.3695526 ], [ -71.6780588, -33.3695714 ], [ -71.6788038, -33.3696335 ] ] } },
{ "type": "Feature", "properties": { "osm_id": "way/977621518", "name": "Pasaje Jorge Matte", "source": "OpenStreetMap/Overpass", "highway": "living_street", "surface": "unpaved" }, "geometry": { "type": "LineString", "coordinates": [ [ -71.6767997, -33.3695653 ], [ -71.6763365, -33.3695978 ] ] } },
{ "type": "Feature", "properties": { "osm_id": "way/172822263", "name": "Los Claveles", "source": "OpenStreetMap/Overpass", "highway": "living_street", "surface": "unpaved" }, "geometry": { "type": "LineString", "coordinates": [ [ -71.6795502, -33.369137 ], [ -71.6796394, -33.3686391 ] ] } },
{ "type": "Feature", "properties": { "osm_id": "way/44155628", "name": "Avenida La Puntilla", "source": "OpenStreetMap/Overpass", "highway": "residential", "surface": "unpaved" }, "geometry": { "type": "LineString", "coordinates": [ [ -71.6790643, -33.3677704 ], [ -71.6790432, -33.367812 ], [ -71.6790284, -33.3678662 ], [ -71.6789509, -33.3684708 ], [ -71.6788739, -33.3690719 ], [ -71.6788038, -33.3696335 ], [ -71.678777, -33.3698617 ] ] } },
{ "type": "Feature", "properties": { "osm_id": "way/1333309934", "name": "Santa Teresita", "source": "OpenStreetMap/Overpass", "highway": "tertiary", "surface": "asphalt" }, "geometry": { "type": "LineString", "coordinates": [ [ -71.682801886353829, -33.369823554949733 ], [ -71.6824825, -33.3696444 ], [ -71.6819335, -33.3693485 ], [ -71.6813803, -33.3690439 ], [ -71.6808411, -33.368747 ], [ -71.680273, -33.3684343 ], [ -71.6790643, -33.3677704 ] ] } },
{ "type": "Feature", "properties": { "osm_id": "way/1333309933", "name": "Avenida Jorge Matte", "source": "OpenStreetMap/Overpass", "highway": "tertiary", "surface": "asphalt" }, "geometry": { "type": "LineString", "coordinates": [ [ -71.6771258, -33.3670593 ], [ -71.6771089, -33.3671893 ], [ -71.6770561, -33.3675954 ], [ -71.6770435, -33.3676919 ], [ -71.6769666, -33.3682831 ], [ -71.6768872, -33.368893 ], [ -71.6767997, -33.3695653 ], [ -71.676749105490885, -33.369953955554251 ] ] } },
{ "type": "Feature", "properties": { "osm_id": "way/161479258", "name": "Los Castaños", "source": "OpenStreetMap/Overpass", "highway": "residential", "surface": "unpaved" }, "geometry": { "type": "LineString", "coordinates": [ [ -71.676288, -33.3680685 ], [ -71.6762902, -33.3681012 ], [ -71.6762996, -33.3681329 ], [ -71.6763159, -33.3681627 ], [ -71.6763437, -33.3681943 ], [ -71.6763793, -33.36822 ], [ -71.6764208, -33.3682385 ], [ -71.6765565, -33.3682537 ], [ -71.6769666, -33.3682831 ], [ -71.6789509, -33.3684708 ] ] } },
{ "type": "Feature", "properties": { "osm_id": "way/172822283", "name": "Maqui", "source": "OpenStreetMap/Overpass", "highway": "living_street", "surface": "unpaved" }, "geometry": { "type": "LineString", "coordinates": [ [ -71.6848211, -33.36874 ], [ -71.6853227, -33.3686865 ] ] } },
{ "type": "Feature", "properties": { "osm_id": "way/172822289", "name": "Calle 2", "source": "OpenStreetMap/Overpass", "highway": "residential", "surface": "dirt" }, "geometry": { "type": "LineString", "coordinates": [ [ -71.6842166, -33.3683273 ], [ -71.6841553, -33.3686539 ], [ -71.6840878, -33.3690138 ] ] } },
{ "type": "Feature", "properties": { "osm_id": "way/172822291", "name": "Pasaje Cultrún", "source": "OpenStreetMap/Overpass", "highway": "living_street", "surface": "dirt" }, "geometry": { "type": "LineString", "coordinates": [ [ -71.6862579, -33.3688049 ], [ -71.686421370548103, -33.368699182131664 ] ] } },
{ "type": "Feature", "properties": { "osm_id": "way/172822295", "name": "Calle 1", "source": "OpenStreetMap/Overpass", "highway": "residential", "surface": "dirt" }, "geometry": { "type": "LineString", "coordinates": [ [ -71.6834787, -33.3684109 ], [ -71.6836848, -33.3685291 ], [ -71.6837224, -33.3685485 ], [ -71.6837545, -33.3685625 ], [ -71.6837906, -33.3685749 ], [ -71.6838276, -33.3685849 ], [ -71.6841553, -33.3686539 ] ] } },
{ "type": "Feature", "properties": { "osm_id": "way/161479260", "name": "Avenida El Canelo", "source": "OpenStreetMap/Overpass", "highway": "tertiary", "surface": "asphalt" }, "geometry": { "type": "LineString", "coordinates": [ [ -71.6842997, -33.3673993 ], [ -71.6840996, -33.367642 ], [ -71.6834787, -33.3684109 ], [ -71.6830821, -33.368902 ], [ -71.6827317, -33.3693359 ], [ -71.6824825, -33.3696444 ] ] } },
{ "type": "Feature", "properties": { "osm_id": "way/172822275", "name": "Los Navegantes", "source": "OpenStreetMap/Overpass", "highway": "residential", "surface": "unpaved" }, "geometry": { "type": "LineString", "coordinates": [ [ -71.6835255, -33.3673173 ], [ -71.6835019, -33.3673776 ], [ -71.6834642, -33.3674312 ], [ -71.6819335, -33.3693485 ] ] } },
{ "type": "Feature", "properties": { "osm_id": "way/172822277", "name": "Pasaje Machi", "source": "OpenStreetMap/Overpass", "highway": "living_street", "surface": "dirt" }, "geometry": { "type": "LineString", "coordinates": [ [ -71.6859198, -33.3684124 ], [ -71.686129, -33.3682735 ], [ -71.6861898, -33.368228 ], [ -71.686247, -33.3681794 ], [ -71.6863133, -33.3681143 ], [ -71.6863731, -33.368045 ] ] } },
{ "type": "Feature", "properties": { "osm_id": "way/172822299", "name": null, "source": "OpenStreetMap/Overpass", "highway": "service", "surface": "unpaved" }, "geometry": { "type": "LineString", "coordinates": [ [ -71.6845961, -33.3676004 ], [ -71.6845652, -33.3676519 ], [ -71.6845306, -33.3677144 ], [ -71.6843697, -33.3681625 ] ] } },
{ "type": "Feature", "properties": { "osm_id": "way/172822294", "name": "Pasaje Toqui", "source": "OpenStreetMap/Overpass", "highway": "living_street", "surface": "dirt" }, "geometry": { "type": "LineString", "coordinates": [ [ -71.6855565, -33.367997 ], [ -71.6859503, -33.3677299 ] ] } },
{ "type": "Feature", "properties": { "osm_id": "way/172822282", "name": "Avenida Canelillos", "source": "OpenStreetMap/Overpass", "highway": "tertiary", "surface": "unpaved" }, "geometry": { "type": "LineString", "coordinates": [ [ -71.6855565, -33.367997 ], [ -71.6855043, -33.3679484 ], [ -71.6854482, -33.3679028 ], [ -71.6853886, -33.3678605 ], [ -71.6853015, -33.3678082 ], [ -71.685209, -33.367763 ], [ -71.6851118, -33.3677251 ], [ -71.6848698, -33.3676173 ], [ -71.6846403, -33.3675337 ], [ -71.6842997, -33.3673993 ] ] } },
{ "type": "Feature", "properties": { "osm_id": "way/172822261", "name": "Los Galenos", "source": "OpenStreetMap/Overpass", "highway": "residential", "surface": "unpaved" }, "geometry": { "type": "LineString", "coordinates": [ [ -71.6813803, -33.3690439 ], [ -71.6821553, -33.368078 ], [ -71.6829159, -33.36713 ] ] } },
{ "type": "Feature", "properties": { "osm_id": "way/172822287", "name": "Los Industriales", "source": "OpenStreetMap/Overpass", "highway": "residential", "surface": "unpaved" }, "geometry": { "type": "LineString", "coordinates": [ [ -71.6808411, -33.368747 ], [ -71.6816226, -33.3677864 ], [ -71.682303, -33.3669277 ] ] } },
{ "type": "Feature", "properties": { "osm_id": "way/172822273", "name": "La Municipalidad", "source": "OpenStreetMap/Overpass", "highway": "residential", "surface": "unpaved" }, "geometry": { "type": "LineString", "coordinates": [ [ -71.6790284, -33.3678662 ], [ -71.6770435, -33.3676919 ] ] } },
{ "type": "Feature", "properties": { "osm_id": "way/172822265", "name": "Los Constructores", "source": "OpenStreetMap/Overpass", "highway": "residential", "surface": "compacted" }, "geometry": { "type": "LineString", "coordinates": [ [ -71.6810504, -33.3674733 ], [ -71.6816226, -33.3677864 ], [ -71.6821553, -33.368078 ] ] } },
{ "type": "Feature", "properties": { "osm_id": "way/765771533", "name": "Bellavista", "source": "OpenStreetMap/Overpass", "highway": "residential", "surface": "asphalt" }, "geometry": { "type": "LineString", "coordinates": [ [ -71.6806921, -33.3679162 ], [ -71.6801486, -33.3676069 ], [ -71.6794976, -33.3672366 ] ] } },
{ "type": "Feature", "properties": { "osm_id": "way/765771534", "name": "Avenida La Puntilla", "source": "OpenStreetMap/Overpass", "highway": "tertiary", "surface": "unpaved" }, "geometry": { "type": "LineString", "coordinates": [ [ -71.6794976, -33.3672366 ], [ -71.6790643, -33.3677704 ] ] } },
{ "type": "Feature", "properties": { "osm_id": "way/172822281", "name": "Los Comerciantes", "source": "OpenStreetMap/Overpass", "highway": "residential", "surface": "unpaved" }, "geometry": { "type": "LineString", "coordinates": [ [ -71.6818488, -33.3664863 ], [ -71.6816698, -33.3666931 ], [ -71.6810504, -33.3674733 ], [ -71.6806921, -33.3679162 ], [ -71.680273, -33.3684343 ] ] } },
{ "type": "Feature", "properties": { "osm_id": "way/765771536", "name": "Santa Teresita", "source": "OpenStreetMap/Overpass", "highway": "residential", "surface": "unpaved" }, "geometry": { "type": "LineString", "coordinates": [ [ -71.6790643, -33.3677704 ], [ -71.6782178, -33.3672733 ], [ -71.6781224, -33.3672247 ], [ -71.678022, -33.3671837 ], [ -71.6779425, -33.3671577 ], [ -71.677861, -33.3671363 ], [ -71.6777779, -33.3671199 ], [ -71.6776291, -33.3670986 ], [ -71.6771258, -33.3670593 ] ] } },
{ "type": "Feature", "properties": { "osm_id": "way/532598012", "name": "Santa Teresita", "source": "OpenStreetMap/Overpass", "highway": "residential", "surface": "unpaved" }, "geometry": { "type": "LineString", "coordinates": [ [ -71.6771258, -33.3670593 ], [ -71.6764234, -33.3670115 ] ] } },
{ "type": "Feature", "properties": { "osm_id": "way/765771535", "name": "Avenida La Puntilla", "source": "OpenStreetMap/Overpass", "highway": "residential", "surface": "unpaved" }, "geometry": { "type": "LineString", "coordinates": [ [ -71.6798257, -33.3668323 ], [ -71.6794976, -33.3672366 ] ] } },
{ "type": "Feature", "properties": { "osm_id": "way/1385998266", "name": null, "source": "OpenStreetMap/Overpass", "highway": "service", "surface": "unpaved" }, "geometry": { "type": "LineString", "coordinates": [ [ -71.6846403, -33.3675337 ], [ -71.6845961, -33.3676004 ] ] } },
{ "type": "Feature", "properties": { "osm_id": "way/172822279", "name": "Los Abogados", "source": "OpenStreetMap/Overpass", "highway": "residential", "surface": "dirt" }, "geometry": { "type": "LineString", "coordinates": [ [ -71.6840996, -33.367642 ], [ -71.6835255, -33.3673173 ] ] } },
{ "type": "Feature", "properties": { "osm_id": "way/427904100", "name": null, "source": "OpenStreetMap/Overpass", "highway": "service", "surface": null }, "geometry": { "type": "LineString", "coordinates": [ [ -71.6856252, -33.3671915 ], [ -71.6852601, -33.367159 ], [ -71.6848698, -33.3676173 ] ] } },
{ "type": "Feature", "properties": { "osm_id": "way/708161108", "name": "Los Abogados", "source": "OpenStreetMap/Overpass", "highway": "residential", "surface": "dirt" }, "geometry": { "type": "LineString", "coordinates": [ [ -71.6835255, -33.3673173 ], [ -71.6842997, -33.3673993 ] ] } },
{ "type": "Feature", "properties": { "osm_id": "way/1153925064", "name": null, "source": "OpenStreetMap/Overpass", "highway": "path", "surface": "wood" }, "geometry": { "type": "LineString", "coordinates": [ [ -71.686377058995063, -33.36725802213094 ], [ -71.6862522, -33.3672827 ], [ -71.6857953, -33.3672162 ], [ -71.6856252, -33.3671915 ] ] } },
{ "type": "Feature", "properties": { "osm_id": "way/708161107", "name": "Los Abogados", "source": "OpenStreetMap/Overpass", "highway": "residential", "surface": "dirt" }, "geometry": { "type": "LineString", "coordinates": [ [ -71.6829159, -33.36713 ], [ -71.6832256, -33.3672463 ], [ -71.6833368, -33.36728 ], [ -71.6834119, -33.3672968 ], [ -71.6835255, -33.3673173 ] ] } },
{ "type": "Feature", "properties": { "osm_id": "way/427904109", "name": null, "source": "OpenStreetMap/Overpass", "highway": "path", "surface": "ground" }, "geometry": { "type": "LineString", "coordinates": [ [ -71.6863633596912, -33.366812474922327 ], [ -71.6857953, -33.3672162 ] ] } },
{ "type": "Feature", "properties": { "osm_id": "way/172822280", "name": null, "source": "OpenStreetMap/Overpass", "highway": "service", "surface": "unpaved" }, "geometry": { "type": "LineString", "coordinates": [ [ -71.6835046, -33.3667419 ], [ -71.6835822, -33.3666875 ], [ -71.6835997, -33.3666774 ], [ -71.6836338, -33.3666707 ], [ -71.6836868, -33.366673 ], [ -71.6840918, -33.3668079 ], [ -71.6841106, -33.3668236 ], [ -71.6841193, -33.3668449 ], [ -71.684114, -33.366869 ], [ -71.6840999, -33.3668903 ], [ -71.6840798, -33.3669037 ], [ -71.6840489, -33.3669059 ], [ -71.6838565, -33.3668813 ], [ -71.6836647, -33.3668432 ], [ -71.6836064, -33.3668247 ], [ -71.6835628, -33.3667978 ], [ -71.6835319, -33.3667698 ], [ -71.6835046, -33.3667419 ] ] } },
{ "type": "Feature", "properties": { "osm_id": "way/1363353212", "name": null, "source": "OpenStreetMap/Overpass", "highway": "service", "surface": null }, "geometry": { "type": "LineString", "coordinates": [ [ -71.684812, -33.3665934 ], [ -71.6846485, -33.3665271 ] ] } },
{ "type": "Feature", "properties": { "osm_id": "way/442628239", "name": null, "source": "OpenStreetMap/Overpass", "highway": "service", "surface": "unpaved" }, "geometry": { "type": "LineString", "coordinates": [ [ -71.6835046, -33.3667419 ], [ -71.6834595, -33.3667228 ], [ -71.6821586, -33.3662451 ], [ -71.682122, -33.366236 ], [ -71.6820876, -33.3662406 ], [ -71.6820607, -33.3662557 ], [ -71.6818488, -33.3664863 ] ] } },
{ "type": "Feature", "properties": { "osm_id": "way/172822297", "name": "Los Ingenieros", "source": "OpenStreetMap/Overpass", "highway": "residential", "surface": "unpaved" }, "geometry": { "type": "LineString", "coordinates": [ [ -71.6801486, -33.3676069 ], [ -71.6805097, -33.3671435 ], [ -71.6810348, -33.3664568 ] ] } },
{ "type": "Feature", "properties": { "osm_id": "way/172822292", "name": "Calle 8", "source": "OpenStreetMap/Overpass", "highway": "residential", "surface": "unpaved" }, "geometry": { "type": "LineString", "coordinates": [ [ -71.6798257, -33.3668323 ], [ -71.6798513, -33.3668191 ], [ -71.6798754, -33.3668152 ], [ -71.6799029, -33.3668152 ], [ -71.6799297, -33.3668225 ], [ -71.6800643, -33.3668948 ], [ -71.6805097, -33.3671435 ] ] } },
{ "type": "Feature", "properties": { "osm_id": "way/1333309923", "name": "Los Abogados", "source": "OpenStreetMap/Overpass", "highway": "residential", "surface": "dirt" }, "geometry": { "type": "LineString", "coordinates": [ [ -71.6816698, -33.3666931 ], [ -71.682303, -33.3669277 ], [ -71.6829159, -33.36713 ] ] } },
{ "type": "Feature", "properties": { "osm_id": "way/1362858575", "name": null, "source": "OpenStreetMap/Overpass", "highway": "service", "surface": "unpaved" }, "geometry": { "type": "LineString", "coordinates": [ [ -71.6797256, -33.3667841 ], [ -71.6798257, -33.3668323 ] ] } },
{ "type": "Feature", "properties": { "osm_id": "way/172822296", "name": null, "source": "OpenStreetMap/Overpass", "highway": "service", "surface": "unpaved" }, "geometry": { "type": "LineString", "coordinates": [ [ -71.679479, -33.3666655 ], [ -71.6797256, -33.3667841 ] ] } },
{ "type": "Feature", "properties": { "osm_id": "way/172822300", "name": null, "source": "OpenStreetMap/Overpass", "highway": "service", "surface": "unpaved" }, "geometry": { "type": "LineString", "coordinates": [ [ -71.679479, -33.3666655 ], [ -71.6791867, -33.3668566 ], [ -71.6791651, -33.3668668 ], [ -71.6791409, -33.3668712 ], [ -71.6791162, -33.3668693 ], [ -71.6790932, -33.3668615 ], [ -71.6790726, -33.3668469 ], [ -71.6790587, -33.3668276 ], [ -71.679053, -33.3668056 ], [ -71.679056, -33.3667832 ], [ -71.6790675, -33.3667628 ], [ -71.6790863, -33.3667466 ], [ -71.6791783, -33.3666834 ], [ -71.6792723, -33.3666223 ], [ -71.6794536, -33.3665139 ], [ -71.6796414, -33.3664136 ] ] } },
{ "type": "Feature", "properties": { "osm_id": "way/172725468", "name": "Avenida Jorge Matte", "source": "OpenStreetMap/Overpass", "highway": "tertiary", "surface": "asphalt" }, "geometry": { "type": "LineString", "coordinates": [ [ -71.6775523, -33.3661479 ], [ -71.6774504, -33.3662699 ], [ -71.6773744, -33.3663595 ], [ -71.6773333, -33.3664159 ], [ -71.6772757, -33.366501 ], [ -71.6772334, -33.3665806 ], [ -71.6771851, -33.3667043 ], [ -71.6771597, -33.3668163 ], [ -71.6771436, -33.3669183 ], [ -71.6771258, -33.3670593 ] ] } },
{ "type": "Feature", "properties": { "osm_id": "way/172822301", "name": "Avenida La Puntilla", "source": "OpenStreetMap/Overpass", "highway": "residential", "surface": "dirt" }, "geometry": { "type": "LineString", "coordinates": [ [ -71.6800643, -33.3668948 ], [ -71.680556, -33.3662731 ] ] } },
{ "type": "Feature", "properties": { "osm_id": "way/1333309924", "name": null, "source": "OpenStreetMap/Overpass", "highway": "service", "surface": "unpaved" }, "geometry": { "type": "LineString", "coordinates": [ [ -71.6796414, -33.3664136 ], [ -71.679479, -33.3666655 ] ] } },
{ "type": "Feature", "properties": { "osm_id": "way/172822298", "name": "Los Abogados", "source": "OpenStreetMap/Overpass", "highway": "residential", "surface": "dirt" }, "geometry": { "type": "LineString", "coordinates": [ [ -71.680556, -33.3662731 ], [ -71.6810348, -33.3664568 ], [ -71.6816698, -33.3666931 ] ] } },
{ "type": "Feature", "properties": { "osm_id": "way/172466432", "name": "Bellavista", "source": "OpenStreetMap/Overpass", "highway": "tertiary", "surface": "paved" }, "geometry": { "type": "LineString", "coordinates": [ [ -71.6794976, -33.3672366 ], [ -71.6788462, -33.3668731 ], [ -71.6775523, -33.3661479 ], [ -71.676734, -33.3656942 ] ] } },
{ "type": "Feature", "properties": { "osm_id": "way/172466429", "name": "Las Tinajas", "source": "OpenStreetMap/Overpass", "highway": "residential", "surface": "unpaved" }, "geometry": { "type": "LineString", "coordinates": [ [ -71.6764234, -33.3670115 ], [ -71.6765304, -33.3660349 ], [ -71.6765621, -33.3658919 ], [ -71.676734, -33.3656942 ] ] } },
{ "type": "Feature", "properties": { "osm_id": "way/476130185", "name": "Alfonso Casanova", "source": "OpenStreetMap/Overpass", "highway": "residential", "surface": "paved" }, "geometry": { "type": "LineString", "coordinates": [ [ -71.6787699, -33.3657422 ], [ -71.6788079, -33.3657659 ], [ -71.678839, -33.3657957 ], [ -71.678862, -33.3658304 ], [ -71.6788745, -33.3658632 ], [ -71.6788796, -33.3658974 ], [ -71.6788736, -33.3661357 ], [ -71.6788462, -33.3668731 ] ] } },
{ "type": "Feature", "properties": { "osm_id": "way/1333309925", "name": null, "source": "OpenStreetMap/Overpass", "highway": "service", "surface": "unpaved" }, "geometry": { "type": "LineString", "coordinates": [ [ -71.6791349, -33.3659834 ], [ -71.6796102, -33.3661582 ], [ -71.6796451, -33.3661773 ], [ -71.6796735, -33.3662027 ], [ -71.6796939, -33.366233 ], [ -71.6797037, -33.3662597 ], [ -71.6797073, -33.3662875 ], [ -71.6797045, -33.3663153 ], [ -71.6796414, -33.3664136 ] ] } },
{ "type": "Feature", "properties": { "osm_id": "way/765771532", "name": "Avenida Jorge Matte", "source": "OpenStreetMap/Overpass", "highway": "residential", "surface": "paved" }, "geometry": { "type": "LineString", "coordinates": [ [ -71.6778132, -33.3658083 ], [ -71.6775523, -33.3661479 ] ] } },
{ "type": "Feature", "properties": { "osm_id": "way/172822262", "name": "Lazaro Maratrassi", "source": "OpenStreetMap/Overpass", "highway": "residential", "surface": "paved" }, "geometry": { "type": "LineString", "coordinates": [ [ -71.6788736, -33.3661357 ], [ -71.6787146, -33.3661766 ], [ -71.6786727, -33.3661899 ], [ -71.6786287, -33.3661972 ], [ -71.6785839, -33.3661981 ], [ -71.67854, -33.3661929 ], [ -71.6784979, -33.3661818 ], [ -71.6784585, -33.3661649 ], [ -71.6778132, -33.3658083 ], [ -71.6769847, -33.3653711 ] ] } },
{ "type": "Feature", "properties": { "osm_id": "way/124967725", "name": null, "source": "OpenStreetMap/Overpass", "highway": "service", "surface": null }, "geometry": { "type": "LineString", "coordinates": [ [ -71.6820378, -33.3657154 ], [ -71.6820368, -33.3657365 ], [ -71.6820272, -33.3657561 ], [ -71.6820116, -33.3657708 ], [ -71.6819895, -33.3657811 ], [ -71.6819646, -33.3657844 ], [ -71.6819398, -33.3657805 ], [ -71.6819181, -33.3657696 ], [ -71.6819021, -33.3657533 ], [ -71.6818964, -33.3657423 ], [ -71.681893, -33.3657213 ], [ -71.6818983, -33.3657007 ], [ -71.6819118, -33.3656828 ], [ -71.6819335, -33.3656692 ], [ -71.6819577, -33.3656633 ], [ -71.6819829, -33.3656646 ], [ -71.6820243, -33.3656877 ], [ -71.6820378, -33.3657154 ] ] } },
{ "type": "Feature", "properties": { "osm_id": "way/476130187", "name": "Bellavista", "source": "OpenStreetMap/Overpass", "highway": "tertiary", "surface": "unpaved" }, "geometry": { "type": "LineString", "coordinates": [ [ -71.676734, -33.3656942 ], [ -71.6766407, -33.365649 ], [ -71.6765804, -33.3656231 ], [ -71.6765169, -33.3656033 ], [ -71.6764511, -33.3655896 ], [ -71.6763767, -33.365582 ], [ -71.6763018, -33.3655823 ], [ -71.6762275, -33.3655906 ] ] } },
{ "type": "Feature", "properties": { "osm_id": "way/476130186", "name": "Las Tinajas", "source": "OpenStreetMap/Overpass", "highway": "residential", "surface": "paved" }, "geometry": { "type": "LineString", "coordinates": [ [ -71.6769847, -33.3653711 ], [ -71.676734, -33.3656942 ] ] } },
{ "type": "Feature", "properties": { "osm_id": "way/1333309936", "name": null, "source": "OpenStreetMap/Overpass", "highway": "steps", "surface": null }, "geometry": { "type": "LineString", "coordinates": [ [ -71.6778132, -33.3658083 ], [ -71.6778507, -33.3656953 ], [ -71.677869, -33.3652386 ] ] } },
{ "type": "Feature", "properties": { "osm_id": "way/1363353213", "name": null, "source": "OpenStreetMap/Overpass", "highway": "service", "surface": null }, "geometry": { "type": "LineString", "coordinates": [ [ -71.6847015, -33.3664243 ], [ -71.6848764, -33.3664781 ] ] } },
{ "type": "Feature", "properties": { "osm_id": "way/124967727", "name": null, "source": "OpenStreetMap/Overpass", "highway": "service", "surface": null }, "geometry": { "type": "LineString", "coordinates": [ [ -71.6846485, -33.3665271 ], [ -71.6842535, -33.3663528 ], [ -71.6840134, -33.3661896 ] ] } },
{ "type": "Feature", "properties": { "osm_id": "way/124967723", "name": null, "source": "OpenStreetMap/Overpass", "highway": "service", "surface": null }, "geometry": { "type": "LineString", "coordinates": [ [ -71.6842987, -33.3662712 ], [ -71.6842535, -33.3663528 ] ] } },
{ "type": "Feature", "properties": { "osm_id": "way/124967724", "name": null, "source": "OpenStreetMap/Overpass", "highway": "service", "surface": null }, "geometry": { "type": "LineString", "coordinates": [ [ -71.6840134, -33.3661896 ], [ -71.6842987, -33.3662712 ], [ -71.6847015, -33.3664243 ] ] } },
{ "type": "Feature", "properties": { "osm_id": "way/1333309929", "name": "Avenida El Canelo", "source": "OpenStreetMap/Overpass", "highway": "residential", "surface": "asphalt" }, "geometry": { "type": "LineString", "coordinates": [ [ -71.6855713, -33.3650633 ], [ -71.685322, -33.3656325 ], [ -71.6852853, -33.3657139 ], [ -71.6848764, -33.3664781 ], [ -71.684812, -33.3665934 ], [ -71.684702, -33.3668085 ], [ -71.6846189, -33.3669519 ], [ -71.6845008, -33.3671316 ], [ -71.6843515, -33.3673303 ], [ -71.6842997, -33.3673993 ] ] } },
{ "type": "Feature", "properties": { "osm_id": "way/172822285", "name": null, "source": "OpenStreetMap/Overpass", "highway": "service", "surface": "unpaved" }, "geometry": { "type": "LineString", "coordinates": [ [ -71.6857913, -33.3651607 ], [ -71.6857497, -33.3653157 ], [ -71.6857204, -33.3654504 ], [ -71.6856834, -33.3655837 ], [ -71.6856385, -33.3657153 ], [ -71.6856059, -33.3657982 ], [ -71.6855376, -33.3659489 ], [ -71.6854591, -33.3660961 ], [ -71.6853706, -33.3662393 ], [ -71.6853277, -33.3662947 ], [ -71.6852914, -33.3663533 ], [ -71.685262, -33.3664145 ], [ -71.6852399, -33.3664778 ], [ -71.6852253, -33.3665426 ], [ -71.6852187, -33.3665989 ], [ -71.6852178, -33.3666554 ], [ -71.6852224, -33.3667118 ], [ -71.6852378, -33.366796 ], [ -71.6852642, -33.3668782 ], [ -71.6853013, -33.3669574 ], [ -71.6853487, -33.3670328 ], [ -71.6853675, -33.367052 ], [ -71.6853919, -33.367066 ], [ -71.6854201, -33.3670738 ], [ -71.6854497, -33.3670748 ], [ -71.6854785, -33.3670688 ], [ -71.685506, -33.3670551 ], [ -71.6855273, -33.3670352 ], [ -71.6855406, -33.3670109 ], [ -71.6855444, -33.3669844 ], [ -71.6855386, -33.3669581 ], [ -71.6855236, -33.3669345 ], [ -71.6854836, -33.3668812 ], [ -71.6854511, -33.3668245 ], [ -71.6854266, -33.366765 ], [ -71.6854105, -33.3667036 ], [ -71.685403, -33.366641 ], [ -71.6854041, -33.3665781 ], [ -71.6854156, -33.3665084 ], [ -71.6854378, -33.3664405 ], [ -71.6854702, -33.3663755 ], [ -71.6855124, -33.3663146 ], [ -71.6855869, -33.3662058 ], [ -71.6856531, -33.3660933 ], [ -71.6857106, -33.3659775 ], [ -71.6857592, -33.3658586 ], [ -71.6857988, -33.3657374 ], [ -71.685829, -33.3656143 ], [ -71.6858498, -33.3654898 ], [ -71.685861, -33.3653645 ], [ -71.6859147, -33.3651607 ], [ -71.6859084, -33.3651454 ], [ -71.6858969, -33.3651325 ], [ -71.6858812, -33.3651231 ], [ -71.6858628, -33.3651181 ], [ -71.6858386, -33.3651188 ], [ -71.6858166, -33.3651272 ], [ -71.6858, -33.3651419 ], [ -71.6857913, -33.3651607 ] ] } },
{ "type": "Feature", "properties": { "osm_id": "way/442627391", "name": null, "source": "OpenStreetMap/Overpass", "highway": "service", "surface": null }, "geometry": { "type": "LineString", "coordinates": [ [ -71.6840134, -33.3661896 ], [ -71.6839354, -33.3661415 ], [ -71.6838536, -33.3660979 ], [ -71.6837684, -33.3660592 ], [ -71.6836803, -33.3660253 ], [ -71.683562, -33.3659889 ], [ -71.6834402, -33.3659615 ], [ -71.6833161, -33.3659431 ], [ -71.6831905, -33.365934 ], [ -71.6830644, -33.3659342 ], [ -71.6829388, -33.3659438 ], [ -71.6828142, -33.3659667 ], [ -71.6827271, -33.3659703 ], [ -71.6826585, -33.365976 ], [ -71.6825895, -33.3659764 ], [ -71.6825209, -33.3659715 ], [ -71.682453, -33.3659614 ], [ -71.6823868, -33.3659461 ], [ -71.6823226, -33.3659258 ], [ -71.6822609, -33.3659007 ], [ -71.6822022, -33.365871 ], [ -71.6820116, -33.3657708 ] ] } },
{ "type": "Feature", "properties": { "osm_id": "way/172822259", "name": null, "source": "OpenStreetMap/Overpass", "highway": "service", "surface": "unpaved" }, "geometry": { "type": "LineString", "coordinates": [ [ -71.6856059, -33.3657982 ], [ -71.6852853, -33.3657139 ] ] } },
{ "type": "Feature", "properties": { "osm_id": "way/124967745", "name": null, "source": "OpenStreetMap/Overpass", "highway": "service", "surface": null }, "geometry": { "type": "LineString", "coordinates": [ [ -71.6829388, -33.3659438 ], [ -71.6829763, -33.3658601 ], [ -71.6830228, -33.3657795 ], [ -71.683078, -33.3657029 ], [ -71.6831414, -33.3656309 ], [ -71.6831872, -33.3655864 ], [ -71.6832361, -33.3655443 ], [ -71.6831019, -33.3654286 ], [ -71.6830307, -33.3654752 ], [ -71.6829655, -33.3655275 ], [ -71.682902, -33.3655906 ], [ -71.6828473, -33.3656591 ], [ -71.6828019, -33.3657322 ], [ -71.6827665, -33.3658091 ], [ -71.6827415, -33.3658888 ], [ -71.6827271, -33.3659703 ] ] } },
{ "type": "Feature", "properties": { "osm_id": "way/1363353193", "name": null, "source": "OpenStreetMap/Overpass", "highway": "service", "surface": "unpaved" }, "geometry": { "type": "LineString", "coordinates": [ [ -71.6854812, -33.3656733 ], [ -71.6856385, -33.3657153 ] ] } },
{ "type": "Feature", "properties": { "osm_id": "way/172466428", "name": "Bellavista", "source": "OpenStreetMap/Overpass", "highway": "tertiary", "surface": "paved" }, "geometry": { "type": "LineString", "coordinates": [ [ -71.6766407, -33.365649 ], [ -71.6766092, -33.365591 ], [ -71.6765881, -33.3655297 ], [ -71.6765786, -33.365474 ], [ -71.6765777, -33.3654176 ], [ -71.6765855, -33.3653617 ] ] } },
{ "type": "Feature", "properties": { "osm_id": "way/70869660", "name": "La Quebrada", "source": "OpenStreetMap/Overpass", "highway": "tertiary", "surface": "paved" }, "geometry": { "type": "LineString", "coordinates": [ [ -71.6762275, -33.3655906 ], [ -71.6763159, -33.3655533 ], [ -71.6763992, -33.3655086 ], [ -71.6764765, -33.365457 ], [ -71.6765334, -33.3654112 ], [ -71.6765855, -33.3653617 ] ] } },
{ "type": "Feature", "properties": { "osm_id": "way/172822278", "name": "Ruperto Freyle", "source": "OpenStreetMap/Overpass", "highway": "residential", "surface": "paved" }, "geometry": { "type": "LineString", "coordinates": [ [ -71.6793641, -33.3650595 ], [ -71.6787699, -33.3657422 ] ] } },
{ "type": "Feature", "properties": { "osm_id": "way/172822266", "name": "Alfonso Casanova", "source": "OpenStreetMap/Overpass", "highway": "residential", "surface": "paved" }, "geometry": { "type": "LineString", "coordinates": [ [ -71.6787699, -33.3657422 ], [ -71.677869, -33.3652386 ], [ -71.6775147, -33.365021 ], [ -71.6773594, -33.3649338 ] ] } },
{ "type": "Feature", "properties": { "osm_id": "way/476130188", "name": "Lazaro Maratrassi", "source": "OpenStreetMap/Overpass", "highway": "residential", "surface": "paved" }, "geometry": { "type": "LineString", "coordinates": [ [ -71.6769507, -33.3648952 ], [ -71.6769847, -33.3653711 ] ] } },
{ "type": "Feature", "properties": { "osm_id": "way/39365263", "name": "Bellavista", "source": "OpenStreetMap/Overpass", "highway": "tertiary", "surface": "paved" }, "geometry": { "type": "LineString", "coordinates": [ [ -71.6765855, -33.3653617 ], [ -71.6766445, -33.3648687 ] ] } },
{ "type": "Feature", "properties": { "osm_id": "way/172822284", "name": "Alfonso Casanova", "source": "OpenStreetMap/Overpass", "highway": "residential", "surface": "paved" }, "geometry": { "type": "LineString", "coordinates": [ [ -71.677869, -33.3652386 ], [ -71.677909, -33.3649783 ] ] } },
{ "type": "Feature", "properties": { "osm_id": "way/70869846", "name": "Avenida Carlos Alessandri", "source": "OpenStreetMap/Overpass", "highway": "tertiary", "surface": "paved" }, "geometry": { "type": "LineString", "coordinates": [ [ -71.6793641, -33.3650595 ], [ -71.6792977, -33.3650228 ], [ -71.6790458, -33.3648835 ], [ -71.6789851, -33.364856 ], [ -71.6789205, -33.3648356 ], [ -71.6788532, -33.3648228 ], [ -71.6787933, -33.364818 ], [ -71.6787331, -33.3648192 ], [ -71.6786735, -33.3648264 ], [ -71.6781499, -33.3649529 ], [ -71.6780805, -33.3649707 ], [ -71.6780087, -33.3649799 ], [ -71.6779588, -33.3649812 ], [ -71.677909, -33.3649783 ] ] } },
{ "type": "Feature", "properties": { "osm_id": "way/1333309937", "name": "Avenida Carlos Alessandri", "source": "OpenStreetMap/Overpass", "highway": "tertiary", "surface": "paved" }, "geometry": { "type": "LineString", "coordinates": [ [ -71.677909, -33.3649783 ], [ -71.6778247, -33.364971 ], [ -71.6773594, -33.3649338 ], [ -71.6769507, -33.3648952 ], [ -71.6766445, -33.3648687 ] ] } },
{ "type": "Feature", "properties": { "osm_id": "way/402068343", "name": "José Toribio Merino", "source": "OpenStreetMap/Overpass", "highway": "tertiary", "surface": "paved" }, "geometry": { "type": "LineString", "coordinates": [ [ -71.6793641, -33.3650595 ], [ -71.680014, -33.3653369 ], [ -71.680597, -33.3654567 ], [ -71.680661, -33.365461 ], [ -71.6807251, -33.3654588 ], [ -71.6807885, -33.3654504 ], [ -71.68084, -33.3654386 ], [ -71.6808899, -33.3654227 ], [ -71.6809376, -33.3654027 ], [ -71.6811914, -33.3652428 ], [ -71.681276, -33.3651942 ], [ -71.6813558, -33.3651403 ], [ -71.6814302, -33.3650812 ], [ -71.681508, -33.3650081 ], [ -71.6815776, -33.3649294 ], [ -71.6816761, -33.3648108 ], [ -71.6817815, -33.3646964 ], [ -71.6818965, -33.3645838 ], [ -71.6820182, -33.3644761 ], [ -71.682208, -33.3643212 ] ] } },
{ "type": "Feature", "properties": { "osm_id": "way/545768098", "name": null, "source": "OpenStreetMap/Overpass", "highway": "footway", "surface": null }, "geometry": { "type": "LineString", "coordinates": [ [ -71.669303043074123, -33.370114372900005 ], [ -71.6690364, -33.3699129 ], [ -71.6687492, -33.3697928 ] ] } },
{ "type": "Feature", "properties": { "osm_id": "way/172829188", "name": "Guacolda", "source": "OpenStreetMap/Overpass", "highway": "residential", "surface": "unpaved" }, "geometry": { "type": "LineString", "coordinates": [ [ -71.6750142, -33.3699455 ], [ -71.675017282323807, -33.369991265807677 ] ] } },
{ "type": "Feature", "properties": { "osm_id": "way/545772961", "name": null, "source": "OpenStreetMap/Overpass", "highway": "footway", "surface": null }, "geometry": { "type": "LineString", "coordinates": [ [ -71.673215313761006, -33.370030087267637 ], [ -71.6732167, -33.3700167 ], [ -71.6732888, -33.3693693 ], [ -71.6733818, -33.3685632 ] ] } },
{ "type": "Feature", "properties": { "osm_id": "way/545768104", "name": "Avenida Peñablanca", "source": "OpenStreetMap/Overpass", "highway": "secondary", "surface": "paved" }, "geometry": { "type": "LineString", "coordinates": [ [ -71.673325584609515, -33.370027711601701 ], [ -71.6733355, -33.3699398 ], [ -71.6734097, -33.3693826 ], [ -71.6734928, -33.3685718 ] ] } },
{ "type": "Feature", "properties": { "osm_id": "way/381497499", "name": null, "source": "OpenStreetMap/Overpass", "highway": "service", "surface": null }, "geometry": { "type": "LineString", "coordinates": [ [ -71.6731692, -33.369664 ], [ -71.673131351923402, -33.370031896134442 ] ] } },
{ "type": "Feature", "properties": { "osm_id": "way/172829157", "name": "Ñielol", "source": "OpenStreetMap/Overpass", "highway": "residential", "surface": "unpaved" }, "geometry": { "type": "LineString", "coordinates": [ [ -71.674681645454584, -33.369998496740308 ], [ -71.6750142, -33.3699455 ] ] } },
{ "type": "Feature", "properties": { "osm_id": "way/172829191", "name": "Ñielol", "source": "OpenStreetMap/Overpass", "highway": "residential", "surface": "unpaved" }, "geometry": { "type": "LineString", "coordinates": [ [ -71.6739842, -33.3699903 ], [ -71.673424, -33.3699467 ], [ -71.6733355, -33.3699398 ] ] } },
{ "type": "Feature", "properties": { "osm_id": "way/172191175", "name": "Pasaje Jorge Matte", "source": "OpenStreetMap/Overpass", "highway": "living_street", "surface": "unpaved" }, "geometry": { "type": "LineString", "coordinates": [ [ -71.676294572457465, -33.369963747975895 ], [ -71.6763365, -33.3695978 ] ] } },
{ "type": "Feature", "properties": { "osm_id": "way/381497497", "name": null, "source": "OpenStreetMap/Overpass", "highway": "service", "surface": null }, "geometry": { "type": "LineString", "coordinates": [ [ -71.671474, -33.3690189 ], [ -71.6709376, -33.3695475 ], [ -71.67195340776928, -33.370057273664749 ] ] } },
{ "type": "Feature", "properties": { "osm_id": "way/1417949297", "name": null, "source": "OpenStreetMap/Overpass", "highway": "footway", "surface": null }, "geometry": { "type": "LineString", "coordinates": [ [ -71.673414362598095, -33.370025798976144 ], [ -71.673424, -33.3699467 ], [ -71.6735906, -33.3685786 ], [ -71.6736674, -33.3679476 ], [ -71.673738, -33.3673679 ], [ -71.6737667, -33.3671053 ], [ -71.6736675, -33.3671008 ] ] } },
{ "type": "Feature", "properties": { "osm_id": "way/1417947690", "name": "Los Canelos", "source": "OpenStreetMap/Overpass", "highway": "residential", "surface": "asphalt" }, "geometry": { "type": "LineString", "coordinates": [ [ -71.671148655797793, -33.370074611173898 ], [ -71.67071, -33.3698528 ], [ -71.6705666, -33.3697802 ] ] } },
{ "type": "Feature", "properties": { "osm_id": "way/172829159", "name": "El Maitén", "source": "OpenStreetMap/Overpass", "highway": "residential", "surface": "asphalt" }, "geometry": { "type": "LineString", "coordinates": [ [ -71.670508427834321, -33.370088404191577 ], [ -71.6706341, -33.3699386 ], [ -71.67071, -33.3698528 ] ] } },
{ "type": "Feature", "properties": { "osm_id": "way/545768100", "name": "Luz Divina", "source": "OpenStreetMap/Overpass", "highway": "residential", "surface": "asphalt" }, "geometry": { "type": "LineString", "coordinates": [ [ -71.66867, -33.3701004 ], [ -71.6681514, -33.3696699 ], [ -71.6680986, -33.3697872 ] ] } },
{ "type": "Feature", "properties": { "osm_id": "way/999276205", "name": "Los Canelos", "source": "OpenStreetMap/Overpass", "highway": "residential", "surface": "asphalt" }, "geometry": { "type": "LineString", "coordinates": [ [ -71.6705666, -33.3697802 ], [ -71.670498, -33.3698707 ], [ -71.6705651, -33.3699042 ], [ -71.6706341, -33.3699386 ] ] } },
{ "type": "Feature", "properties": { "osm_id": "way/1507575331", "name": null, "source": "OpenStreetMap/Overpass", "highway": "footway", "surface": "paved" }, "geometry": { "type": "LineString", "coordinates": [ [ -71.6683181, -33.3694803 ], [ -71.6684415, -33.3695655 ], [ -71.6685355, -33.3696316 ], [ -71.6687492, -33.3697928 ] ] } },
{ "type": "Feature", "properties": { "osm_id": "way/1507575348", "name": null, "source": "OpenStreetMap/Overpass", "highway": "footway", "surface": null }, "geometry": { "type": "LineString", "coordinates": [ [ -71.668236, -33.3695395 ], [ -71.6683181, -33.3694803 ] ] } },
{ "type": "Feature", "properties": { "osm_id": "way/381497503", "name": null, "source": "OpenStreetMap/Overpass", "highway": "service", "surface": "asphalt" }, "geometry": { "type": "LineString", "coordinates": [ [ -71.6691783, -33.3690788 ], [ -71.6688649, -33.3695247 ], [ -71.6687618, -33.3696713 ] ] } },
{ "type": "Feature", "properties": { "osm_id": "way/381497500", "name": null, "source": "OpenStreetMap/Overpass", "highway": "service", "surface": null }, "geometry": { "type": "LineString", "coordinates": [ [ -71.6687355, -33.3686291 ], [ -71.6686229, -33.3688065 ], [ -71.6685769, -33.3688758 ], [ -71.6685622, -33.3689361 ], [ -71.6685558, -33.3689975 ], [ -71.6685578, -33.3690591 ], [ -71.6685708, -33.3691212 ], [ -71.6685839, -33.3691713 ], [ -71.6686055, -33.3692211 ], [ -71.6686324, -33.3692686 ], [ -71.6686667, -33.3693154 ], [ -71.668706, -33.3693589 ], [ -71.6687469, -33.3693971 ], [ -71.6688649, -33.3695247 ], [ -71.6691262, -33.3697698 ], [ -71.6691406, -33.3698004 ], [ -71.6691497, -33.3698323 ], [ -71.6691533, -33.369865 ], [ -71.6691497, -33.3699071 ], [ -71.6691371, -33.369948 ] ] } },
{ "type": "Feature", "properties": { "osm_id": "way/381497505", "name": null, "source": "OpenStreetMap/Overpass", "highway": "service", "surface": null }, "geometry": { "type": "LineString", "coordinates": [ [ -71.6687469, -33.3693971 ], [ -71.6690238, -33.3690031 ] ] } },
{ "type": "Feature", "properties": { "osm_id": "way/1507575345", "name": null, "source": "OpenStreetMap/Overpass", "highway": "footway", "surface": null }, "geometry": { "type": "LineString", "coordinates": [ [ -71.6676379, -33.3699978 ], [ -71.6677736, -33.3698893 ], [ -71.6679334, -33.3697616 ], [ -71.6681061, -33.3696236 ] ] } },
{ "type": "Feature", "properties": { "osm_id": "way/172825846", "name": "El Litre", "source": "OpenStreetMap/Overpass", "highway": "residential", "surface": "paved" }, "geometry": { "type": "LineString", "coordinates": [ [ -71.6673833, -33.3697362 ], [ -71.6674487, -33.3697542 ], [ -71.6675911, -33.3697933 ] ] } },
{ "type": "Feature", "properties": { "osm_id": "way/545772936", "name": null, "source": "OpenStreetMap/Overpass", "highway": "steps", "surface": "dirt" }, "geometry": { "type": "LineString", "coordinates": [ [ -71.6656909, -33.3697816 ], [ -71.665938, -33.369681 ] ] } },
{ "type": "Feature", "properties": { "osm_id": "way/545772935", "name": "Puente La Guitarra", "source": "OpenStreetMap/Overpass", "highway": "footway", "surface": "wood" }, "geometry": { "type": "LineString", "coordinates": [ [ -71.6654818, -33.3696096 ], [ -71.6656909, -33.3697816 ] ] } },
{ "type": "Feature", "properties": { "osm_id": "way/1068016717", "name": "Avenida Guillermo Mucke", "source": "OpenStreetMap/Overpass", "highway": "trunk", "surface": "asphalt" }, "geometry": { "type": "LineString", "coordinates": [ [ -71.6677422, -33.369552 ], [ -71.6675911, -33.3697933 ] ] } },
{ "type": "Feature", "properties": { "osm_id": "way/1507575332", "name": null, "source": "OpenStreetMap/Overpass", "highway": "footway", "surface": "paved" }, "geometry": { "type": "LineString", "coordinates": [ [ -71.6677135, -33.3698026 ], [ -71.6677677, -33.3697083 ], [ -71.6678391, -33.3695999 ], [ -71.6679197, -33.3695153 ], [ -71.6679739, -33.3694903 ], [ -71.6680094, -33.3694749 ], [ -71.668112, -33.3694506 ], [ -71.6682404, -33.369457 ], [ -71.6683181, -33.3694803 ] ] } },
{ "type": "Feature", "properties": { "osm_id": "way/1507575346", "name": null, "source": "OpenStreetMap/Overpass", "highway": "steps", "surface": null }, "geometry": { "type": "LineString", "coordinates": [ [ -71.6681061, -33.3696236 ], [ -71.668236, -33.3695395 ] ] } },
{ "type": "Feature", "properties": { "osm_id": "way/545772939", "name": null, "source": "OpenStreetMap/Overpass", "highway": "steps", "surface": "paving_stones" }, "geometry": { "type": "LineString", "coordinates": [ [ -71.6649661, -33.3697345 ], [ -71.6650447, -33.3696519 ], [ -71.6651524, -33.3695091 ], [ -71.6652252, -33.3694136 ] ] } },
{ "type": "Feature", "properties": { "osm_id": "way/1507114020", "name": "El Litre", "source": "OpenStreetMap/Overpass", "highway": "residential", "surface": "paved" }, "geometry": { "type": "LineString", "coordinates": [ [ -71.6661789, -33.3694057 ], [ -71.6673833, -33.3697362 ] ] } },
{ "type": "Feature", "properties": { "osm_id": "way/1507575347", "name": null, "source": "OpenStreetMap/Overpass", "highway": "footway", "surface": null }, "geometry": { "type": "LineString", "coordinates": [ [ -71.6679739, -33.3694903 ], [ -71.6680202, -33.3695406 ], [ -71.6681061, -33.3696236 ] ] } },
{ "type": "Feature", "properties": { "osm_id": "way/1474001981", "name": null, "source": "OpenStreetMap/Overpass", "highway": "path", "surface": "ground" }, "geometry": { "type": "LineString", "coordinates": [ [ -71.675146308936917, -33.369988486069118 ], [ -71.6751496, -33.3699797 ], [ -71.6751389, -33.3698199 ], [ -71.6750906, -33.3695974 ], [ -71.6751263, -33.369478 ], [ -71.6751764, -33.3693241 ], [ -71.6748081, -33.3690583 ], [ -71.6747696, -33.3689391 ] ] } },
{ "type": "Feature", "properties": { "osm_id": "way/1237970847", "name": null, "source": "OpenStreetMap/Overpass", "highway": "service", "surface": null }, "geometry": { "type": "LineString", "coordinates": [ [ -71.6747696, -33.3689391 ], [ -71.6747315, -33.3690425 ], [ -71.6747155, -33.3691247 ], [ -71.6747377, -33.3691771 ], [ -71.6747942, -33.3692161 ], [ -71.6748951, -33.3692366 ], [ -71.6749677, -33.3692859 ], [ -71.6750562, -33.3693435 ], [ -71.675098, -33.3694051 ], [ -71.6750968, -33.3694554 ], [ -71.6750685, -33.3695376 ], [ -71.6750378, -33.3695848 ], [ -71.6746442, -33.3696927 ], [ -71.6739075, -33.3696095 ], [ -71.6738885, -33.3696047 ], [ -71.6738717, -33.3695959 ], [ -71.6738583, -33.3695838 ], [ -71.6738474, -33.3695647 ], [ -71.6738448, -33.3695437 ], [ -71.6738719, -33.3693024 ] ] } },
{ "type": "Feature", "properties": { "osm_id": "way/172829186", "name": "Pasaje Los Jardines", "source": "OpenStreetMap/Overpass", "highway": "living_street", "surface": "unpaved" }, "geometry": { "type": "LineString", "coordinates": [ [ -71.6756096, -33.368821 ], [ -71.6753682, -33.3691122 ], [ -71.6751107, -33.3689778 ], [ -71.6747912, -33.3688889 ] ] } },
{ "type": "Feature", "properties": { "osm_id": "way/172191168", "name": "Los Tamarindos", "source": "OpenStreetMap/Overpass", "highway": "residential", "surface": "concrete" }, "geometry": { "type": "LineString", "coordinates": [ [ -71.6719145, -33.3684014 ], [ -71.6718248, -33.3684695 ], [ -71.6716772, -33.3686106 ], [ -71.6716602, -33.368636 ], [ -71.6716517, -33.3686642 ], [ -71.6716522, -33.3686932 ], [ -71.6716621, -33.3687218 ], [ -71.6716807, -33.3687471 ], [ -71.6717068, -33.3687674 ], [ -71.6719419, -33.3688971 ], [ -71.6722915, -33.3690564 ], [ -71.6727209, -33.3692761 ], [ -71.6727922, -33.3693086 ], [ -71.6728442, -33.3693259 ], [ -71.672898, -33.3693389 ], [ -71.672953, -33.3693475 ], [ -71.6732888, -33.3693693 ], [ -71.6734097, -33.3693826 ] ] } },
{ "type": "Feature", "properties": { "osm_id": "way/39365255", "name": "Avenida Los Claveles", "source": "OpenStreetMap/Overpass", "highway": "residential", "surface": "paved" }, "geometry": { "type": "LineString", "coordinates": [ [ -71.6748864, -33.3686684 ], [ -71.6735906, -33.3685786 ], [ -71.6734928, -33.3685718 ] ] } },
{ "type": "Feature", "properties": { "osm_id": "way/545772962", "name": null, "source": "OpenStreetMap/Overpass", "highway": "footway", "surface": null }, "geometry": { "type": "LineString", "coordinates": [ [ -71.6733818, -33.3685632 ], [ -71.6733974, -33.3684414 ] ] } },
{ "type": "Feature", "properties": { "osm_id": "way/509969222", "name": "La Quebrada", "source": "OpenStreetMap/Overpass", "highway": "residential", "surface": "paved" }, "geometry": { "type": "LineString", "coordinates": [ [ -71.6751548, -33.3680616 ], [ -71.6750807, -33.3682179 ], [ -71.6748864, -33.3686684 ], [ -71.6747912, -33.3688889 ], [ -71.6747696, -33.3689391 ] ] } },
{ "type": "Feature", "properties": { "osm_id": "way/172829177", "name": "Pescadores Poniente", "source": "OpenStreetMap/Overpass", "highway": "residential", "surface": "unpaved" }, "geometry": { "type": "LineString", "coordinates": [ [ -71.6729432, -33.3678914 ], [ -71.6728547, -33.3685221 ] ] } },
{ "type": "Feature", "properties": { "osm_id": "way/172829212", "name": "Los Castaños", "source": "OpenStreetMap/Overpass", "highway": "residential", "surface": "unpaved" }, "geometry": { "type": "LineString", "coordinates": [ [ -71.6751548, -33.3680616 ], [ -71.6736674, -33.3679476 ], [ -71.6735663, -33.3679398 ], [ -71.6734598, -33.3679315 ], [ -71.6729432, -33.3678914 ], [ -71.6726431, -33.367869 ], [ -71.6726163, -33.3678618 ], [ -71.6725945, -33.3678468 ], [ -71.6725836, -33.3678318 ], [ -71.6725781, -33.367815 ], [ -71.6725785, -33.3677975 ] ] } },
{ "type": "Feature", "properties": { "osm_id": "way/545772963", "name": null, "source": "OpenStreetMap/Overpass", "highway": "footway", "surface": null }, "geometry": { "type": "LineString", "coordinates": [ [ -71.6733974, -33.3684414 ], [ -71.6734304, -33.3681846 ], [ -71.6734598, -33.3679315 ], [ -71.6735405, -33.3673492 ], [ -71.6735682, -33.3670896 ], [ -71.6736675, -33.3671008 ] ] } },
{ "type": "Feature", "properties": { "osm_id": "way/545772937", "name": null, "source": "OpenStreetMap/Overpass", "highway": "footway", "surface": null }, "geometry": { "type": "LineString", "coordinates": [ [ -71.665938, -33.369681 ], [ -71.6660172, -33.3695805 ], [ -71.6660178, -33.3694951 ], [ -71.6660763, -33.3694268 ], [ -71.6660837, -33.369353 ], [ -71.6662136, -33.3693556 ], [ -71.6661789, -33.3694057 ] ] } },
{ "type": "Feature", "properties": { "osm_id": "way/545772934", "name": null, "source": "OpenStreetMap/Overpass", "highway": "steps", "surface": "asphalt" }, "geometry": { "type": "LineString", "coordinates": [ [ -71.6654818, -33.3696096 ], [ -71.6652252, -33.3694136 ] ] } },
{ "type": "Feature", "properties": { "osm_id": "way/673538150", "name": null, "source": "OpenStreetMap/Overpass", "highway": "trunk_link", "surface": "asphalt" }, "geometry": { "type": "LineString", "coordinates": [ [ -71.6684798, -33.3694672 ], [ -71.6684267, -33.3694437 ], [ -71.668368, -33.3694229 ], [ -71.668307, -33.3694076 ], [ -71.6682444, -33.369398 ], [ -71.6681808, -33.3693942 ], [ -71.6681171, -33.3693962 ], [ -71.6680466, -33.3694053 ], [ -71.667978, -33.3694216 ], [ -71.6679122, -33.3694449 ], [ -71.6678504, -33.3694746 ], [ -71.6677934, -33.3695105 ], [ -71.6677422, -33.369552 ] ] } },
{ "type": "Feature", "properties": { "osm_id": "way/1068016720", "name": "Avenida Guillermo Mucke", "source": "OpenStreetMap/Overpass", "highway": "trunk", "surface": "asphalt" }, "geometry": { "type": "LineString", "coordinates": [ [ -71.6680302, -33.3691214 ], [ -71.6679957, -33.3691729 ], [ -71.667944, -33.3692503 ], [ -71.667919, -33.3692876 ], [ -71.6677422, -33.369552 ] ] } },
{ "type": "Feature", "properties": { "osm_id": "way/172825607", "name": "Pasaje Los Ciruelos", "source": "OpenStreetMap/Overpass", "highway": "residential", "surface": "asphalt" }, "geometry": { "type": "LineString", "coordinates": [ [ -71.666871, -33.3692556 ], [ -71.6669559, -33.3692404 ], [ -71.6670384, -33.3692179 ], [ -71.6671177, -33.3691884 ], [ -71.6671886, -33.3691545 ], [ -71.6672552, -33.3691151 ], [ -71.667317, -33.3690704 ], [ -71.6673732, -33.3690209 ], [ -71.6674234, -33.3689671 ], [ -71.6674671, -33.3689095 ] ] } },
{ "type": "Feature", "properties": { "osm_id": "way/545772940", "name": null, "source": "OpenStreetMap/Overpass", "highway": "footway", "surface": "paving_stones" }, "geometry": { "type": "LineString", "coordinates": [ [ -71.6652252, -33.3694136 ], [ -71.6652696, -33.3693318 ], [ -71.6653108, -33.3692181 ], [ -71.6653773, -33.3691017 ], [ -71.6654153, -33.3690488 ], [ -71.6658018, -33.3687495 ] ] } },
{ "type": "Feature", "properties": { "osm_id": "way/172825573", "name": null, "source": "OpenStreetMap/Overpass", "highway": "unclassified", "surface": "unpaved" }, "geometry": { "type": "LineString", "coordinates": [ [ -71.6673913, -33.3688748 ], [ -71.6674671, -33.3689095 ], [ -71.6678444, -33.3691001 ], [ -71.6679957, -33.3691729 ] ] } },
{ "type": "Feature", "properties": { "osm_id": "way/1068016718", "name": "Avenida Doctor Guillermo Mucke", "source": "OpenStreetMap/Overpass", "highway": "secondary", "surface": "asphalt" }, "geometry": { "type": "LineString", "coordinates": [ [ -71.6680302, -33.3691214 ], [ -71.6680988, -33.3690201 ], [ -71.6681308, -33.3689728 ], [ -71.6683198, -33.3687086 ] ] } },
{ "type": "Feature", "properties": { "osm_id": "way/545772941", "name": null, "source": "OpenStreetMap/Overpass", "highway": "footway", "surface": null }, "geometry": { "type": "LineString", "coordinates": [ [ -71.6656909, -33.3697816 ], [ -71.6657543, -33.3696228 ], [ -71.6658303, -33.3694562 ], [ -71.6659253, -33.3692339 ], [ -71.6660615, -33.3690752 ], [ -71.6664258, -33.3688265 ], [ -71.6667172, -33.3687604 ], [ -71.6669928, -33.3685858 ], [ -71.6671449, -33.3684588 ], [ -71.6672494, -33.368316 ], [ -71.667525, -33.368062 ], [ -71.6678671, -33.3676784 ], [ -71.6680128, -33.3675541 ], [ -71.6681332, -33.3675117 ], [ -71.6683232, -33.3673504 ], [ -71.6684436, -33.3672631 ], [ -71.6686495, -33.3671281 ], [ -71.6687442, -33.3670258 ] ] } },
{ "type": "Feature", "properties": { "osm_id": "way/172825596", "name": "Pasaje Municipal", "source": "OpenStreetMap/Overpass", "highway": "residential", "surface": "concrete" }, "geometry": { "type": "LineString", "coordinates": [ [ -71.668477, -33.3685033 ], [ -71.6677937, -33.368149 ] ] } },
{ "type": "Feature", "properties": { "osm_id": "way/381497504", "name": null, "source": "OpenStreetMap/Overpass", "highway": "service", "surface": null }, "geometry": { "type": "LineString", "coordinates": [ [ -71.6688716, -33.3689284 ], [ -71.6686324, -33.3692686 ] ] } },
{ "type": "Feature", "properties": { "osm_id": "way/172466110", "name": null, "source": "OpenStreetMap/Overpass", "highway": "primary_link", "surface": "asphalt" }, "geometry": { "type": "LineString", "coordinates": [ [ -71.6683198, -33.3687086 ], [ -71.6683178, -33.3688445 ], [ -71.6683206, -33.3689593 ], [ -71.6683332, -33.3690598 ], [ -71.6683349, -33.3690736 ], [ -71.6683576, -33.3691751 ], [ -71.6683895, -33.369275 ], [ -71.6684303, -33.3693725 ], [ -71.6684798, -33.3694672 ] ] } },
{ "type": "Feature", "properties": { "osm_id": "way/381497502", "name": null, "source": "OpenStreetMap/Overpass", "highway": "service", "surface": null }, "geometry": { "type": "LineString", "coordinates": [ [ -71.6685708, -33.3691212 ], [ -71.6687487, -33.3688682 ] ] } },
{ "type": "Feature", "properties": { "osm_id": "way/172825593", "name": null, "source": "OpenStreetMap/Overpass", "highway": "service", "surface": "asphalt" }, "geometry": { "type": "LineString", "coordinates": [ [ -71.6683479, -33.3686719 ], [ -71.6686229, -33.3688065 ], [ -71.6687487, -33.3688682 ], [ -71.6688716, -33.3689284 ], [ -71.6690238, -33.3690031 ], [ -71.6691783, -33.3690788 ] ] } },
{ "type": "Feature", "properties": { "osm_id": "way/545772972", "name": null, "source": "OpenStreetMap/Overpass", "highway": "path", "surface": "ground" }, "geometry": { "type": "LineString", "coordinates": [ [ -71.6689159, -33.3686325 ], [ -71.6694344, -33.3688384 ], [ -71.6695738, -33.3688167 ], [ -71.6703225, -33.3685439 ], [ -71.6705105, -33.3684487 ] ] } },
{ "type": "Feature", "properties": { "osm_id": "way/1333309935", "name": null, "source": "OpenStreetMap/Overpass", "highway": "path", "surface": "ground" }, "geometry": { "type": "LineString", "coordinates": [ [ -71.6685034, -33.3684706 ], [ -71.6686095, -33.3685259 ], [ -71.6687442, -33.3685793 ], [ -71.6689159, -33.3686325 ] ] } },
{ "type": "Feature", "properties": { "osm_id": "way/545772971", "name": null, "source": "OpenStreetMap/Overpass", "highway": "path", "surface": "ground" }, "geometry": { "type": "LineString", "coordinates": [ [ -71.6689159, -33.3686325 ], [ -71.6689793, -33.368591 ], [ -71.669922, -33.3684693 ], [ -71.6705105, -33.3684487 ], [ -71.670847, -33.3683962 ], [ -71.6710604, -33.3681691 ] ] } },
{ "type": "Feature", "properties": { "osm_id": "way/532598017", "name": "Avenida Los Claveles", "source": "OpenStreetMap/Overpass", "highway": "tertiary", "surface": "asphalt" }, "geometry": { "type": "LineString", "coordinates": [ [ -71.6734928, -33.3685718 ], [ -71.6733818, -33.3685632 ], [ -71.6728547, -33.3685221 ], [ -71.6725369, -33.3684986 ], [ -71.6723128, -33.3684748 ], [ -71.672113, -33.3684406 ], [ -71.6719145, -33.3684014 ], [ -71.6716976, -33.3683523 ], [ -71.6714828, -33.3682972 ], [ -71.6712703, -33.3682361 ], [ -71.6710604, -33.3681691 ], [ -71.6709053, -33.3681151 ], [ -71.6707109, -33.368042 ], [ -71.6705193, -33.3679637 ], [ -71.6703308, -33.3678804 ], [ -71.6700894, -33.3677807 ] ] } },
{ "type": "Feature", "properties": { "osm_id": "way/172829174", "name": null, "source": "OpenStreetMap/Overpass", "highway": "residential", "surface": "unpaved" }, "geometry": { "type": "LineString", "coordinates": [ [ -71.6709053, -33.3681151 ], [ -71.6711596, -33.3675018 ] ] } },
{ "type": "Feature", "properties": { "osm_id": "way/242745046", "name": "Avenida Doctor Guillermo Mucke", "source": "OpenStreetMap/Overpass", "highway": "secondary", "surface": "asphalt" }, "geometry": { "type": "LineString", "coordinates": [ [ -71.6683198, -33.3687086 ], [ -71.6683479, -33.3686719 ], [ -71.668477, -33.3685033 ], [ -71.6685034, -33.3684706 ], [ -71.6693728, -33.3673922 ], [ -71.6697891, -33.3668758 ] ] } },
{ "type": "Feature", "properties": { "osm_id": "way/532598018", "name": "Avenida Peñablanca", "source": "OpenStreetMap/Overpass", "highway": "secondary", "surface": "asphalt" }, "geometry": { "type": "LineString", "coordinates": [ [ -71.6734928, -33.3685718 ], [ -71.6735663, -33.3679398 ], [ -71.6736406, -33.3673584 ], [ -71.6736675, -33.3671008 ], [ -71.673675, -33.3670289 ], [ -71.6737046, -33.3667508 ] ] } },
{ "type": "Feature", "properties": { "osm_id": "way/1333309912", "name": "Las Tinajas", "source": "OpenStreetMap/Overpass", "highway": "residential", "surface": "unpaved" }, "geometry": { "type": "LineString", "coordinates": [ [ -71.6764234, -33.3670115 ], [ -71.676288, -33.3680685 ] ] } },
{ "type": "Feature", "properties": { "osm_id": "way/1333309938", "name": "Pescadores Poniente", "source": "OpenStreetMap/Overpass", "highway": "residential", "surface": "unpaved" }, "geometry": { "type": "LineString", "coordinates": [ [ -71.6725785, -33.3677975 ], [ -71.6727006, -33.3673299 ], [ -71.6727165, -33.3672691 ] ] } },
{ "type": "Feature", "properties": { "osm_id": "way/1333309940", "name": "La Quebrada", "source": "OpenStreetMap/Overpass", "highway": "residential", "surface": "unpaved" }, "geometry": { "type": "LineString", "coordinates": [ [ -71.6755809, -33.3669301 ], [ -71.6753864, -33.3675279 ], [ -71.6751548, -33.3680616 ] ] } },
{ "type": "Feature", "properties": { "osm_id": "way/545772973", "name": null, "source": "OpenStreetMap/Overpass", "highway": "path", "surface": "ground" }, "geometry": { "type": "LineString", "coordinates": [ [ -71.6721216, -33.3675202 ], [ -71.6723186, -33.3673975 ], [ -71.6727165, -33.3672691 ] ] } },
{ "type": "Feature", "properties": { "osm_id": "way/427743030", "name": "Los Pescadores Oriente", "source": "OpenStreetMap/Overpass", "highway": "residential", "surface": "unpaved" }, "geometry": { "type": "LineString", "coordinates": [ [ -71.6724819, -33.3665766 ], [ -71.6724661, -33.3667198 ], [ -71.6722617, -33.3671946 ], [ -71.6721216, -33.3675202 ], [ -71.6720101, -33.3677144 ] ] } },
{ "type": "Feature", "properties": { "osm_id": "way/1518368470", "name": null, "source": "OpenStreetMap/Overpass", "highway": "service", "surface": null }, "geometry": { "type": "LineString", "coordinates": [ [ -71.673861, -33.3668812 ], [ -71.6738746, -33.3670403 ], [ -71.6738776, -33.3671342 ], [ -71.6738463, -33.3672379 ], [ -71.6737681, -33.3673708 ] ] } },
{ "type": "Feature", "properties": { "osm_id": "way/172829168", "name": "La Municipalidad", "source": "OpenStreetMap/Overpass", "highway": "residential", "surface": "concrete" }, "geometry": { "type": "LineString", "coordinates": [ [ -71.6701756, -33.3663965 ], [ -71.6704175, -33.3665232 ], [ -71.6706649, -33.3666423 ], [ -71.6709173, -33.3667537 ], [ -71.6711745, -33.3668572 ], [ -71.6714361, -33.3669528 ], [ -71.6717076, -33.3670421 ], [ -71.6718488, -33.3670834 ], [ -71.6719829, -33.3671227 ], [ -71.6722617, -33.3671946 ], [ -71.6727165, -33.3672691 ], [ -71.6727826, -33.3672799 ], [ -71.6735405, -33.3673492 ], [ -71.6736406, -33.3673584 ], [ -71.673738, -33.3673679 ], [ -71.6737681, -33.3673708 ], [ -71.6753864, -33.3675279 ] ] } },
{ "type": "Feature", "properties": { "osm_id": "way/819560509", "name": null, "source": "OpenStreetMap/Overpass", "highway": "secondary_link", "surface": "paved" }, "geometry": { "type": "LineString", "coordinates": [ [ -71.6740869, -33.3667873 ], [ -71.6739703, -33.3668245 ], [ -71.673861, -33.3668812 ], [ -71.6737619, -33.3669497 ], [ -71.673675, -33.3670289 ] ] } },
{ "type": "Feature", "properties": { "osm_id": "way/172466109", "name": "Santa Teresita", "source": "OpenStreetMap/Overpass", "highway": "tertiary", "surface": "asphalt" }, "geometry": { "type": "LineString", "coordinates": [ [ -71.6755809, -33.3669301 ], [ -71.6746554, -33.3668417 ], [ -71.6740869, -33.3667873 ], [ -71.673816, -33.3667614 ], [ -71.6737771, -33.3667577 ], [ -71.6737046, -33.3667508 ] ] } },
{ "type": "Feature", "properties": { "osm_id": "way/476130190", "name": "Santa Teresita", "source": "OpenStreetMap/Overpass", "highway": "secondary", "surface": "asphalt" }, "geometry": { "type": "LineString", "coordinates": [ [ -71.6737046, -33.3667508 ], [ -71.6736022, -33.3667375 ], [ -71.6735731, -33.3667337 ], [ -71.673413, -33.3667128 ], [ -71.6728279, -33.3666349 ], [ -71.6724819, -33.3665766 ], [ -71.6722775, -33.366535 ], [ -71.672075, -33.3664871 ], [ -71.6718749, -33.366433 ], [ -71.6716772, -33.3663728 ], [ -71.6714478, -33.366294 ], [ -71.6712227, -33.366207 ], [ -71.6710024, -33.3661118 ], [ -71.6707872, -33.3660087 ], [ -71.6705776, -33.3658979 ] ] } },
{ "type": "Feature", "properties": { "osm_id": "way/172829139", "name": "Pescadores Poniente", "source": "OpenStreetMap/Overpass", "highway": "residential", "surface": "unpaved" }, "geometry": { "type": "LineString", "coordinates": [ [ -71.6727165, -33.3672691 ], [ -71.6727278, -33.3672049 ], [ -71.6728279, -33.3666349 ], [ -71.6727555, -33.36616 ], [ -71.6727333, -33.3660278 ], [ -71.6727226, -33.3658946 ], [ -71.6727236, -33.3657611 ], [ -71.6727342, -33.3656428 ], [ -71.672754, -33.3655254 ], [ -71.6727828, -33.3654093 ], [ -71.6728205, -33.3652949 ] ] } },
{ "type": "Feature", "properties": { "osm_id": "way/532598015", "name": "La Quebrada", "source": "OpenStreetMap/Overpass", "highway": "tertiary", "surface": "paved" }, "geometry": { "type": "LineString", "coordinates": [ [ -71.6762275, -33.3655906 ], [ -71.6761002, -33.3656201 ], [ -71.6759759, -33.3656735 ], [ -71.6759151, -33.3657388 ], [ -71.6758776, -33.3657937 ], [ -71.6758333, -33.3659158 ], [ -71.6755809, -33.3669301 ] ] } },
{ "type": "Feature", "properties": { "osm_id": "way/172829170", "name": "Central", "source": "OpenStreetMap/Overpass", "highway": "residential", "surface": "unpaved" }, "geometry": { "type": "LineString", "coordinates": [ [ -71.6746554, -33.3668417 ], [ -71.6746977, -33.3664197 ], [ -71.6748801, -33.3660926 ], [ -71.6750295, -33.3655893 ] ] } },
{ "type": "Feature", "properties": { "osm_id": "way/1417949295", "name": null, "source": "OpenStreetMap/Overpass", "highway": "footway", "surface": null }, "geometry": { "type": "LineString", "coordinates": [ [ -71.6739482, -33.3654032 ], [ -71.673816, -33.3667614 ] ] } },
{ "type": "Feature", "properties": { "osm_id": "way/1417949296", "name": null, "source": "OpenStreetMap/Overpass", "highway": "footway", "surface": null }, "geometry": { "type": "LineString", "coordinates": [ [ -71.6735731, -33.3667337 ], [ -71.673708, -33.3654302 ] ] } },
{ "type": "Feature", "properties": { "osm_id": "way/476130189", "name": "Avenida Peñablanca", "source": "OpenStreetMap/Overpass", "highway": "secondary", "surface": "asphalt" }, "geometry": { "type": "LineString", "coordinates": [ [ -71.6738611, -33.3654072 ], [ -71.6737046, -33.3667508 ] ] } },
{ "type": "Feature", "properties": { "osm_id": "way/1333309939", "name": "Los Pescadores Oriente", "source": "OpenStreetMap/Overpass", "highway": "residential", "surface": null }, "geometry": { "type": "LineString", "coordinates": [ [ -71.6724217, -33.3654206 ], [ -71.6724822, -33.3664062 ], [ -71.6724819, -33.3665766 ] ] } },
{ "type": "Feature", "properties": { "osm_id": "way/124967657", "name": "Avenida Las Tinajas", "source": "OpenStreetMap/Overpass", "highway": "tertiary", "surface": "asphalt" }, "geometry": { "type": "LineString", "coordinates": [ [ -71.6759759, -33.3656735 ], [ -71.6758756, -33.3656836 ], [ -71.6757747, -33.3656886 ], [ -71.6756737, -33.3656885 ], [ -71.6755567, -33.365682 ], [ -71.6754406, -33.3656687 ], [ -71.6753259, -33.3656487 ], [ -71.6750295, -33.3655893 ], [ -71.6744183, -33.3654561 ], [ -71.6742927, -33.3654293 ], [ -71.6741647, -33.3654117 ], [ -71.6740354, -33.3654035 ], [ -71.6739482, -33.3654032 ], [ -71.6738611, -33.3654072 ] ] } },
{ "type": "Feature", "properties": { "osm_id": "way/172829158", "name": "José Toribio Larraín", "source": "OpenStreetMap/Overpass", "highway": "residential", "surface": null }, "geometry": { "type": "LineString", "coordinates": [ [ -71.6722107, -33.3652859 ], [ -71.6723122, -33.3653447 ], [ -71.6724217, -33.3654206 ] ] } },
{ "type": "Feature", "properties": { "osm_id": "way/1507505054", "name": "Avenida Los Claveles", "source": "OpenStreetMap/Overpass", "highway": "tertiary", "surface": "asphalt" }, "geometry": { "type": "LineString", "coordinates": [ [ -71.6700894, -33.3677807 ], [ -71.6698413, -33.3676541 ], [ -71.669679, -33.3675645 ], [ -71.6693728, -33.3673922 ], [ -71.6689487, -33.367145 ] ] } },
{ "type": "Feature", "properties": { "osm_id": "way/172829216", "name": "Los Castaños", "source": "OpenStreetMap/Overpass", "highway": "residential", "surface": "unpaved" }, "geometry": { "type": "LineString", "coordinates": [ [ -71.6697891, -33.3668758 ], [ -71.6700028, -33.3670011 ], [ -71.670223, -33.3671183 ], [ -71.6704492, -33.3672271 ], [ -71.6706811, -33.3673275 ], [ -71.670918, -33.3674191 ], [ -71.6711596, -33.3675018 ], [ -71.6713684, -33.367565 ], [ -71.67158, -33.3676216 ], [ -71.671794, -33.3676714 ], [ -71.6720101, -33.3677144 ] ] } },
{ "type": "Feature", "properties": { "osm_id": "way/1383858259", "name": "Circuito Peatonal Humedal Santa Teresita", "source": "OpenStreetMap/Overpass", "highway": "footway", "surface": "paving_stones" }, "geometry": { "type": "LineString", "coordinates": [ [ -71.6688876, -33.3671094 ], [ -71.6692992, -33.3666679 ], [ -71.6698249, -33.3661281 ], [ -71.6700851, -33.3657293 ], [ -71.6700851, -33.3657122 ] ] } },
{ "type": "Feature", "properties": { "osm_id": "way/1507331072", "name": "Avenida Doctor Guillermo Mucke", "source": "OpenStreetMap/Overpass", "highway": "secondary", "surface": "asphalt" }, "geometry": { "type": "LineString", "coordinates": [ [ -71.6697891, -33.3668758 ], [ -71.6701756, -33.3663965 ], [ -71.6705776, -33.3658979 ] ] } },
{ "type": "Feature", "properties": { "osm_id": "way/1153388543", "name": null, "source": "OpenStreetMap/Overpass", "highway": "footway", "surface": "paved" }, "geometry": { "type": "MultiLineString", "coordinates": [ [ [ -71.6700851, -33.3657122 ], [ -71.6700851, -33.3656957 ], [ -71.6699058, -33.3655834 ], [ -71.6696532, -33.3654336 ], [ -71.6696133, -33.3654249 ], [ -71.6695704, -33.3654271 ], [ -71.6692227, -33.3658623 ] ], [ [ -71.6692227, -33.3658623 ], [ -71.6690514, -33.3660767 ], [ -71.6687416, -33.3662011 ], [ -71.668645, -33.3662795 ], [ -71.6685444, -33.3663332 ], [ -71.668472, -33.3662582 ], [ -71.6684157, -33.36635 ], [ -71.6682883, -33.3663108 ], [ -71.6681944, -33.3663624 ], [ -71.6681086, -33.3662761 ], [ -71.6681019, -33.3664217 ], [ -71.6680791, -33.3664296 ], [ -71.6680362, -33.3663388 ], [ -71.6680134, -33.3663288 ], [ -71.6678886, -33.3665057 ], [ -71.6677709, -33.3664681 ], [ -71.6679222, -33.3664083 ], [ -71.6680295, -33.3662459 ], [ -71.6679812, -33.3661999 ], [ -71.667999, -33.3661685 ], [ -71.6681569, -33.3658908 ], [ -71.6682373, -33.3659054 ], [ -71.6682963, -33.3660151 ], [ -71.6688878, -33.3658393 ], [ -71.6689334, -33.3657474 ], [ -71.6692227, -33.3658623 ] ] ] } },
{ "type": "Feature", "properties": { "osm_id": "way/172829210", "name": "Carabineros de Chile", "source": "OpenStreetMap/Overpass", "highway": "residential", "surface": "asphalt" }, "geometry": { "type": "LineString", "coordinates": [ [ -71.6692069, -33.3658081 ], [ -71.6695559, -33.3653198 ] ] } },
{ "type": "Feature", "properties": { "osm_id": "way/25479614", "name": "Avenida Doctor Guillermo Mucke", "source": "OpenStreetMap/Overpass", "highway": "secondary", "surface": "asphalt" }, "geometry": { "type": "LineString", "coordinates": [ [ -71.671175, -33.3651792 ], [ -71.6705776, -33.3658979 ] ] } },
{ "type": "Feature", "properties": { "osm_id": "way/532598009", "name": "José Toribio Larraín", "source": "OpenStreetMap/Overpass", "highway": "residential", "surface": "concrete" }, "geometry": { "type": "LineString", "coordinates": [ [ -71.671175, -33.3651792 ], [ -71.671252, -33.36522 ], [ -71.6713325, -33.3652557 ], [ -71.6714161, -33.3652861 ], [ -71.6715022, -33.365311 ], [ -71.6716008, -33.3653322 ], [ -71.6717013, -33.3653461 ], [ -71.6718054, -33.3653522 ], [ -71.6719097, -33.365349 ], [ -71.672013, -33.3653368 ], [ -71.6721142, -33.3653155 ], [ -71.6722107, -33.3652859 ], [ -71.6723029, -33.3652482 ], [ -71.6723899, -33.3652028 ], [ -71.6724992, -33.3651646 ] ] } },
{ "type": "Feature", "properties": { "osm_id": "way/172829179", "name": "El Mercado", "source": "OpenStreetMap/Overpass", "highway": "residential", "surface": "asphalt" }, "geometry": { "type": "LineString", "coordinates": [ [ -71.6697331, -33.3653621 ], [ -71.6695559, -33.3653198 ], [ -71.6684899, -33.3648726 ], [ -71.6675724, -33.3644877 ] ] } },
{ "type": "Feature", "properties": { "osm_id": "way/172466116", "name": "Avenida Doctor Guillermo Mucke", "source": "OpenStreetMap/Overpass", "highway": "secondary", "surface": "asphalt" }, "geometry": { "type": "LineString", "coordinates": [ [ -71.6721225, -33.3641328 ], [ -71.6717759, -33.3645073 ], [ -71.671175, -33.3651792 ] ] } },
{ "type": "Feature", "properties": { "osm_id": "way/427743028", "name": "Avenida Las Tinajas", "source": "OpenStreetMap/Overpass", "highway": "secondary", "surface": "asphalt" }, "geometry": { "type": "LineString", "coordinates": [ [ -71.6724992, -33.3651646 ], [ -71.6728205, -33.3652949 ], [ -71.6728638, -33.3653161 ], [ -71.6730538, -33.3653935 ], [ -71.673361, -33.3654335 ], [ -71.6736689, -33.3654361 ], [ -71.673708, -33.3654302 ], [ -71.6738611, -33.3654072 ] ] } },
{ "type": "Feature", "properties": { "osm_id": "way/172829160", "name": "Los Pescadores Oriente", "source": "OpenStreetMap/Overpass", "highway": "residential", "surface": null }, "geometry": { "type": "LineString", "coordinates": [ [ -71.6724992, -33.3651646 ], [ -71.6724662, -33.3653031 ], [ -71.6724217, -33.3654206 ] ] } },
{ "type": "Feature", "properties": { "osm_id": "way/1474001971", "name": null, "source": "OpenStreetMap/Overpass", "highway": "service", "surface": "paved" }, "geometry": { "type": "LineString", "coordinates": [ [ -71.6740354, -33.3654035 ], [ -71.674049, -33.3653242 ], [ -71.6740575, -33.3652749 ], [ -71.6741253, -33.3652862 ], [ -71.6741686, -33.3652749 ], [ -71.6741971, -33.36525 ], [ -71.674311, -33.3650336 ] ] } },
{ "type": "Feature", "properties": { "osm_id": "way/1474001972", "name": null, "source": "OpenStreetMap/Overpass", "highway": "service", "surface": "paved" }, "geometry": { "type": "LineString", "coordinates": [ [ -71.6741117, -33.3649523 ], [ -71.674311, -33.3650336 ], [ -71.6747053, -33.3651945 ] ] } },
{ "type": "Feature", "properties": { "osm_id": "way/172829153", "name": "Pescadores Poniente", "source": "OpenStreetMap/Overpass", "highway": "living_street", "surface": "unpaved" }, "geometry": { "type": "LineString", "coordinates": [ [ -71.6734746, -33.3648426 ], [ -71.6732385, -33.3648068 ], [ -71.6731366, -33.3648785 ], [ -71.6729381, -33.3650622 ], [ -71.6728638, -33.3653161 ] ] } },
{ "type": "Feature", "properties": { "osm_id": "way/1474229986", "name": "Pescadores Poniente", "source": "OpenStreetMap/Overpass", "highway": "steps", "surface": null }, "geometry": { "type": "LineString", "coordinates": [ [ -71.6730902, -33.3648342 ], [ -71.6731366, -33.3648785 ] ] } },
{ "type": "Feature", "properties": { "osm_id": "way/427743029", "name": "Avenida Peñablanca", "source": "OpenStreetMap/Overpass", "highway": "tertiary", "surface": "asphalt" }, "geometry": { "type": "LineString", "coordinates": [ [ -71.6743845, -33.3643053 ], [ -71.6739893, -33.3649369 ], [ -71.6739424, -33.3650347 ], [ -71.6739059, -33.3651355 ], [ -71.6738828, -33.365225 ], [ -71.6738678, -33.3653158 ], [ -71.6738611, -33.3654072 ] ] } },
{ "type": "Feature", "properties": { "osm_id": "way/1153388529", "name": "Pescadores Poniente", "source": "OpenStreetMap/Overpass", "highway": "path", "surface": null }, "geometry": { "type": "LineString", "coordinates": [ [ -71.6731817, -33.3647688 ], [ -71.6730902, -33.3648342 ] ] } },
{ "type": "Feature", "properties": { "osm_id": "way/1474229983", "name": "Pescadores Poniente", "source": "OpenStreetMap/Overpass", "highway": "steps", "surface": null }, "geometry": { "type": "LineString", "coordinates": [ [ -71.6731309, -33.3646708 ], [ -71.6731817, -33.3647688 ] ] } },
{ "type": "Feature", "properties": { "osm_id": "way/1474229985", "name": null, "source": "OpenStreetMap/Overpass", "highway": "footway", "surface": null }, "geometry": { "type": "LineString", "coordinates": [ [ -71.6726279, -33.3647321 ], [ -71.6727178, -33.3646856 ] ] } },
{ "type": "Feature", "properties": { "osm_id": "way/172825582", "name": "El Molle", "source": "OpenStreetMap/Overpass", "highway": "residential", "surface": "asphalt" }, "geometry": { "type": "LineString", "coordinates": [ [ -71.665807181750694, -33.37018968744389 ], [ -71.6658571, -33.3701202 ], [ -71.6659344, -33.3699447 ], [ -71.6661789, -33.3694057 ] ] } },
{ "type": "Feature", "properties": { "osm_id": "way/172466114", "name": "Avenida Guillermo Mucke", "source": "OpenStreetMap/Overpass", "highway": "trunk", "surface": "asphalt" }, "geometry": { "type": "LineString", "coordinates": [ [ -71.6675911, -33.3697933 ], [ -71.6674632, -33.3701121 ], [ -71.667446314981831, -33.370154374094689 ] ] } },
{ "type": "Feature", "properties": { "osm_id": "way/172824045", "name": "El Boldo", "source": "OpenStreetMap/Overpass", "highway": "residential", "surface": "asphalt" }, "geometry": { "type": "LineString", "coordinates": [ [ -71.666088313100843, -33.370183630773603 ], [ -71.6658571, -33.3701202 ] ] } },
{ "type": "Feature", "properties": { "osm_id": "way/1506979832", "name": "Luz Divina", "source": "OpenStreetMap/Overpass", "highway": "residential", "surface": "asphalt" }, "geometry": { "type": "LineString", "coordinates": [ [ -71.6680986, -33.3697872 ], [ -71.667937581516526, -33.370143790289568 ] ] } },
{ "type": "Feature", "properties": { "osm_id": "way/1507575333", "name": null, "source": "OpenStreetMap/Overpass", "highway": "footway", "surface": "paved" }, "geometry": { "type": "LineString", "coordinates": [ [ -71.667578278299061, -33.370151531088027 ], [ -71.6676379, -33.3699978 ], [ -71.6677135, -33.3698026 ] ] } },
{ "type": "Feature", "properties": { "osm_id": "way/1507575339", "name": null, "source": "OpenStreetMap/Overpass", "highway": "footway", "surface": "paving_stones" }, "geometry": { "type": "LineString", "coordinates": [ [ -71.667752858330545, -33.370147769950428 ], [ -71.6677815, -33.3700814 ], [ -71.6677736, -33.3698893 ], [ -71.6677688, -33.3697712 ], [ -71.6677677, -33.3697083 ], [ -71.6678391, -33.3695999 ], [ -71.6679177, -33.3695662 ], [ -71.6680202, -33.3695406 ], [ -71.6680752, -33.3695248 ], [ -71.6681906, -33.3695321 ], [ -71.668236, -33.3695395 ], [ -71.6682751, -33.3695584 ], [ -71.6684735, -33.3696704 ] ] } },
{ "type": "Feature", "properties": { "osm_id": "way/545772938", "name": null, "source": "OpenStreetMap/Overpass", "highway": "footway", "surface": "dirt" }, "geometry": { "type": "LineString", "coordinates": [ [ -71.6656909, -33.3697816 ], [ -71.6657036, -33.3698768 ], [ -71.6657067, -33.3699614 ], [ -71.6656402, -33.370054 ], [ -71.6656402, -33.3700937 ], [ -71.6657479, -33.3701096 ], [ -71.6658571, -33.3701202 ] ] } },
{ "type": "Feature", "properties": { "osm_id": "way/1507575349", "name": null, "source": "OpenStreetMap/Overpass", "highway": "pedestrian", "surface": "wood" }, "geometry": { "type": "LineString", "coordinates": [ [ -71.6677815, -33.3700814 ], [ -71.6679334, -33.3697616 ], [ -71.6677736, -33.3698893 ], [ -71.6677815, -33.3700814 ] ] } },
{ "type": "Feature", "properties": { "osm_id": "way/545772933", "name": null, "source": "OpenStreetMap/Overpass", "highway": "steps", "surface": "asphalt" }, "geometry": { "type": "LineString", "coordinates": [ [ -71.6659344, -33.3699447 ], [ -71.6656909, -33.3697816 ] ] } },
{ "type": "Feature", "properties": { "osm_id": "way/172829166", "name": "Alicia Monckeberg", "source": "OpenStreetMap/Overpass", "highway": "residential", "surface": "asphalt" }, "geometry": { "type": "LineString", "coordinates": [ [ -71.6649447, -33.3689947 ], [ -71.6646084, -33.3695621 ], [ -71.6645428, -33.3696722 ], [ -71.6642948, -33.3700663 ], [ -71.664186725129952, -33.370224598425757 ] ] } },
{ "type": "Feature", "properties": { "osm_id": "way/172829187", "name": "Pasaje Las Hortencias", "source": "OpenStreetMap/Overpass", "highway": "living_street", "surface": "concrete" }, "geometry": { "type": "LineString", "coordinates": [ [ -71.6637761, -33.3698205 ], [ -71.663487141163174, -33.370239670204207 ] ] } },
{ "type": "Feature", "properties": { "osm_id": "way/172829182", "name": "Pasaje Los Cardenales", "source": "OpenStreetMap/Overpass", "highway": "living_street", "surface": "concrete" }, "geometry": { "type": "LineString", "coordinates": [ [ -71.6622337, -33.3702276 ], [ -71.662314227263892, -33.370264939363125 ] ] } },
{ "type": "Feature", "properties": { "osm_id": "way/172829189", "name": "Pasaje Los Hibiscus", "source": "OpenStreetMap/Overpass", "highway": "living_street", "surface": "concrete" }, "geometry": { "type": "LineString", "coordinates": [ [ -71.662842262319259, -33.370253563420071 ], [ -71.6632916, -33.3695908 ] ] } },
{ "type": "Feature", "properties": { "osm_id": "way/400805532", "name": "Los Geranios", "source": "OpenStreetMap/Overpass", "highway": "residential", "surface": "asphalt" }, "geometry": { "type": "LineString", "coordinates": [ [ -71.6629231, -33.3687593 ], [ -71.6628068, -33.3693611 ], [ -71.6622337, -33.3702276 ], [ -71.662207043815627, -33.370267248514367 ] ] } },
{ "type": "Feature", "properties": { "osm_id": "way/172829141", "name": "Los Pingüinos", "source": "OpenStreetMap/Overpass", "highway": "residential", "surface": "asphalt" }, "geometry": { "type": "LineString", "coordinates": [ [ -71.6642948, -33.3700663 ], [ -71.6637761, -33.3698205 ], [ -71.6632916, -33.3695908 ], [ -71.6628068, -33.3693611 ] ] } },
{ "type": "Feature", "properties": { "osm_id": "way/188246748", "name": "San Pedro", "source": "OpenStreetMap/Overpass", "highway": "residential", "surface": "asphalt" }, "geometry": { "type": "LineString", "coordinates": [ [ -71.6650036, -33.3697506 ], [ -71.6649661, -33.3697345 ], [ -71.6646084, -33.3695621 ], [ -71.6634128, -33.3689917 ], [ -71.6629231, -33.3687593 ] ] } },
{ "type": "Feature", "properties": { "osm_id": "way/172829167", "name": "Lso Quillayes", "source": "OpenStreetMap/Overpass", "highway": "residential", "surface": "asphalt" }, "geometry": { "type": "LineString", "coordinates": [ [ -71.6649447, -33.3689947 ], [ -71.664871, -33.3689586 ], [ -71.6640157, -33.3685394 ], [ -71.6639848, -33.3685242 ], [ -71.663897, -33.3684813 ] ] } },
{ "type": "Feature", "properties": { "osm_id": "way/172829148", "name": "Los Aromos", "source": "OpenStreetMap/Overpass", "highway": "residential", "surface": "asphalt" }, "geometry": { "type": "LineString", "coordinates": [ [ -71.6634128, -33.3689917 ], [ -71.6634618, -33.36894 ], [ -71.6634789, -33.368922 ], [ -71.663897, -33.3684813 ], [ -71.664242, -33.3681177 ], [ -71.6642645, -33.368094 ], [ -71.6643127, -33.3680431 ] ] } },
{ "type": "Feature", "properties": { "osm_id": "way/545772976", "name": null, "source": "OpenStreetMap/Overpass", "highway": "footway", "surface": null }, "geometry": { "type": "LineString", "coordinates": [ [ -71.6632835, -33.3677093 ], [ -71.6633034, -33.3677616 ], [ -71.6633517, -33.3677824 ], [ -71.6633634, -33.3678234 ], [ -71.6633576, -33.3678535 ], [ -71.6634199, -33.3679138 ], [ -71.663531, -33.3680293 ] ] } },
{ "type": "Feature", "properties": { "osm_id": "way/172829163", "name": "Tierra del Fuego", "source": "OpenStreetMap/Overpass", "highway": "residential", "surface": "asphalt" }, "geometry": { "type": "LineString", "coordinates": [ [ -71.661403634495187, -33.370284557097548 ], [ -71.6614464, -33.3702211 ] ] } },
{ "type": "Feature", "properties": { "osm_id": "way/172829161", "name": "Vista Hermosa", "source": "OpenStreetMap/Overpass", "highway": "living_street", "surface": "asphalt" }, "geometry": { "type": "LineString", "coordinates": [ [ -71.661180083022415, -33.370289373271781 ], [ -71.660965, -33.3701883 ] ] } },
{ "type": "Feature", "properties": { "osm_id": "way/962229676", "name": null, "source": "OpenStreetMap/Overpass", "highway": "service", "surface": "paved" }, "geometry": { "type": "LineString", "coordinates": [ [ -71.658764147807787, -33.369340758447635 ], [ -71.6592696, -33.368989 ], [ -71.65961, -33.3687517 ] ] } },
{ "type": "Feature", "properties": { "osm_id": "way/673674410", "name": null, "source": "OpenStreetMap/Overpass", "highway": "service", "surface": "paved" }, "geometry": { "type": "LineString", "coordinates": [ [ -71.658738896028069, -33.368510948762157 ], [ -71.6587714, -33.3685592 ], [ -71.6587607, -33.3686353 ], [ -71.658743085135399, -33.368648608835144 ] ] } },
{ "type": "Feature", "properties": { "osm_id": "way/545772977", "name": null, "source": "OpenStreetMap/Overpass", "highway": "footway", "surface": null }, "geometry": { "type": "LineString", "coordinates": [ [ -71.6626897, -33.3677868 ], [ -71.6624162, -33.3679885 ], [ -71.6623096, -33.3682713 ], [ -71.6622783, -33.368465 ], [ -71.6622532, -33.3687635 ], [ -71.6621591, -33.3689678 ], [ -71.6618582, -33.3690358 ], [ -71.6616889, -33.3690934 ], [ -71.6614757, -33.3690568 ], [ -71.6612123, -33.3690568 ], [ -71.6609866, -33.3690882 ], [ -71.6605602, -33.3691929 ], [ -71.6600084, -33.3694757 ], [ -71.6597263, -33.3695804 ], [ -71.6597012, -33.3694548 ], [ -71.6599018, -33.3692296 ], [ -71.6600837, -33.3690358 ], [ -71.6600649, -33.3688892 ], [ -71.659047, -33.3695974 ] ] } },
{ "type": "Feature", "properties": { "osm_id": "way/172829181", "name": "Pasaje El Alba 2", "source": "OpenStreetMap/Overpass", "highway": "living_street", "surface": "dirt" }, "geometry": { "type": "LineString", "coordinates": [ [ -71.6595952, -33.3677275 ], [ -71.6606104, -33.3678781 ], [ -71.66063, -33.367878 ], [ -71.6606487, -33.3678731 ], [ -71.6606672, -33.3678619 ], [ -71.6606802, -33.3678462 ], [ -71.6608512, -33.3674296 ] ] } },
{ "type": "Feature", "properties": { "osm_id": "way/172829126", "name": "Juan XII", "source": "OpenStreetMap/Overpass", "highway": "residential", "surface": "unpaved" }, "geometry": { "type": "LineString", "coordinates": [ [ -71.658713957661263, -33.367691438274569 ], [ -71.6590245, -33.3669904 ] ] } },
{ "type": "Feature", "properties": { "osm_id": "way/146527605", "name": "Juan Pablo II", "source": "OpenStreetMap/Overpass", "highway": "residential", "surface": "unpaved" }, "geometry": { "type": "MultiLineString", "coordinates": [ [ [ -71.6598708, -33.3672531 ], [ -71.6590245, -33.3669904 ], [ -71.658689379507109, -33.366883764891256 ] ], [ [ -71.658723821647754, -33.368015583012664 ], [ -71.6594242, -33.3682354 ] ] ] } },
{ "type": "Feature", "properties": { "osm_id": "way/172829130", "name": "Las Petras", "source": "OpenStreetMap/Overpass", "highway": "residential", "surface": "asphalt" }, "geometry": { "type": "LineString", "coordinates": [ [ -71.6641798, -33.3677174 ], [ -71.6643127, -33.3680431 ], [ -71.6651464, -33.3684455 ], [ -71.6652376, -33.3684896 ], [ -71.6653254, -33.36853 ], [ -71.6658018, -33.3687495 ], [ -71.6658517, -33.3687762 ] ] } },
{ "type": "Feature", "properties": { "osm_id": "way/172829190", "name": "Brisas Algarrobinas", "source": "OpenStreetMap/Overpass", "highway": "residential", "surface": "asphalt" }, "geometry": { "type": "LineString", "coordinates": [ [ -71.6664786, -33.3682816 ], [ -71.6656073, -33.3678589 ], [ -71.6649952, -33.3675885 ], [ -71.6649256, -33.3675663 ], [ -71.6648533, -33.367551 ], [ -71.6647794, -33.367543 ], [ -71.6646996, -33.3675425 ], [ -71.6646598, -33.3675452 ], [ -71.6646203, -33.3675504 ], [ -71.6645475, -33.3675667 ], [ -71.6644782, -33.3675914 ], [ -71.6642609, -33.3676788 ], [ -71.6641798, -33.3677174 ], [ -71.663531, -33.3680293 ], [ -71.6632712, -33.3681542 ], [ -71.6632299, -33.368176 ], [ -71.6631927, -33.3682024 ], [ -71.6631638, -33.3682292 ], [ -71.6631391, -33.3682589 ], [ -71.6630305, -33.3684051 ], [ -71.6630096, -33.3684383 ], [ -71.6629922, -33.3684729 ], [ -71.6629767, -33.3685138 ], [ -71.6629661, -33.3685557 ], [ -71.6629231, -33.3687593 ] ] } },
{ "type": "Feature", "properties": { "osm_id": "way/172829200", "name": "Las Gaviotas", "source": "OpenStreetMap/Overpass", "highway": "living_street", "surface": "unpaved" }, "geometry": { "type": "LineString", "coordinates": [ [ -71.6671016, -33.3678578 ], [ -71.6659538, -33.3672687 ] ] } },
{ "type": "Feature", "properties": { "osm_id": "way/1507114218", "name": "Alicia Monckeberg", "source": "OpenStreetMap/Overpass", "highway": "residential", "surface": "asphalt" }, "geometry": { "type": "LineString", "coordinates": [ [ -71.6666138, -33.3661148 ], [ -71.6660403, -33.3671175 ], [ -71.6659538, -33.3672687 ], [ -71.6656073, -33.3678589 ], [ -71.6652376, -33.3684896 ], [ -71.6652106, -33.3685438 ], [ -71.6650849, -33.368757 ], [ -71.6649447, -33.3689947 ] ] } },
{ "type": "Feature", "properties": { "osm_id": "way/172829173", "name": null, "source": "OpenStreetMap/Overpass", "highway": "service", "surface": "asphalt" }, "geometry": { "type": "LineString", "coordinates": [ [ -71.6677386, -33.3669035 ], [ -71.6679119, -33.3666346 ] ] } },
{ "type": "Feature", "properties": { "osm_id": "way/500429961", "name": null, "source": "OpenStreetMap/Overpass", "highway": "service", "surface": null }, "geometry": { "type": "LineString", "coordinates": [ [ -71.6666442, -33.3664779 ], [ -71.6675358, -33.3668553 ], [ -71.6676305, -33.3670338 ], [ -71.6676742, -33.3670278 ], [ -71.6677386, -33.3669035 ] ] } },
{ "type": "Feature", "properties": { "osm_id": "way/172829198", "name": "Pacífico", "source": "OpenStreetMap/Overpass", "highway": "residential", "surface": "asphalt" }, "geometry": { "type": "LineString", "coordinates": [ [ -71.6656612, -33.3662197 ], [ -71.6652708, -33.3662252 ], [ -71.6652136, -33.3662307 ], [ -71.6651576, -33.3662421 ], [ -71.6651037, -33.3662592 ], [ -71.6650453, -33.3662856 ], [ -71.664992, -33.3663186 ], [ -71.6648859, -33.3663952 ], [ -71.664798, -33.3664674 ], [ -71.6647551, -33.3665106 ], [ -71.6647142, -33.3665593 ], [ -71.6646914, -33.366594 ], [ -71.6646659, -33.3666405 ], [ -71.6646331, -33.3667357 ], [ -71.664627, -33.3667693 ], [ -71.6646225, -33.3668127 ], [ -71.664626, -33.366845 ], [ -71.6646359, -33.3668753 ], [ -71.664652, -33.3669037 ], [ -71.6646767, -33.3669289 ], [ -71.6647001, -33.3669429 ], [ -71.6652147, -33.3672163 ] ] } },
{ "type": "Feature", "properties": { "osm_id": "way/1507505053", "name": "Avenida Los Claveles", "source": "OpenStreetMap/Overpass", "highway": "tertiary", "surface": "asphalt" }, "geometry": { "type": "LineString", "coordinates": [ [ -71.6689487, -33.367145 ], [ -71.6688876, -33.3671094 ], [ -71.6687442, -33.3670258 ], [ -71.668605, -33.3669527 ], [ -71.6685417, -33.3669194 ], [ -71.6683768, -33.366832 ], [ -71.6680817, -33.3667032 ], [ -71.6679119, -33.3666346 ], [ -71.6677201, -33.3665571 ], [ -71.6675908, -33.3665054 ], [ -71.6667076, -33.3661523 ], [ -71.6666138, -33.3661148 ] ] } },
{ "type": "Feature", "properties": { "osm_id": "way/400805533", "name": "Las Brisas", "source": "OpenStreetMap/Overpass", "highway": "residential", "surface": "asphalt" }, "geometry": { "type": "LineString", "coordinates": [ [ -71.665551, -33.3656421 ], [ -71.6655742, -33.3657644 ], [ -71.6655802, -33.3657965 ], [ -71.6656612, -33.3662197 ], [ -71.6656693, -33.3662623 ], [ -71.6656777, -33.3663034 ], [ -71.6656806, -33.3663449 ], [ -71.6656776, -33.3663878 ], [ -71.6656686, -33.3664301 ], [ -71.6656538, -33.3664713 ], [ -71.6652147, -33.3672163 ], [ -71.6649952, -33.3675885 ] ] } },
{ "type": "Feature", "properties": { "osm_id": "way/1153388544", "name": null, "source": "OpenStreetMap/Overpass", "highway": "footway", "surface": null }, "geometry": { "type": "LineString", "coordinates": [ [ -71.6681086, -33.3662761 ], [ -71.667999, -33.3661685 ] ] } },
{ "type": "Feature", "properties": { "osm_id": "way/146526414", "name": "San Marino", "source": "OpenStreetMap/Overpass", "highway": "residential", "surface": "dirt" }, "geometry": { "type": "LineString", "coordinates": [ [ -71.659955, -33.3671391 ], [ -71.6608512, -33.3674296 ], [ -71.6611596, -33.367536 ], [ -71.6611978, -33.3675463 ], [ -71.6612378, -33.3675496 ], [ -71.6612776, -33.3675455 ], [ -71.6613168, -33.3675337 ], [ -71.6613518, -33.3675149 ], [ -71.6613809, -33.36749 ], [ -71.6617504, -33.3670616 ], [ -71.6619207, -33.3668382 ], [ -71.661967, -33.3667743 ], [ -71.6620099, -33.3667038 ], [ -71.6621125, -33.3664943 ], [ -71.6621561, -33.3664019 ] ] } },
{ "type": "Feature", "properties": { "osm_id": "way/172829208", "name": "El Jardín", "source": "OpenStreetMap/Overpass", "highway": "residential", "surface": "unpaved" }, "geometry": { "type": "LineString", "coordinates": [ [ -71.6617504, -33.3670616 ], [ -71.6611251, -33.3668544 ], [ -71.6603529, -33.3665985 ] ] } },
{ "type": "Feature", "properties": { "osm_id": "way/1362858555", "name": "La Capilla", "source": "OpenStreetMap/Overpass", "highway": "residential", "surface": "unpaved" }, "geometry": { "type": "LineString", "coordinates": [ [ -71.6601035, -33.3666791 ], [ -71.6602396, -33.3667535 ] ] } },
{ "type": "Feature", "properties": { "osm_id": "way/1332943034", "name": "Avenida Santa Teresa de Los Andes", "source": "OpenStreetMap/Overpass", "highway": "residential", "surface": "unpaved" }, "geometry": { "type": "LineString", "coordinates": [ [ -71.6635058, -33.3608603 ], [ -71.6631639, -33.361338 ], [ -71.6629627, -33.3616281 ], [ -71.6627683, -33.3619373 ], [ -71.6624665, -33.3624324 ], [ -71.6621339, -33.3629448 ], [ -71.6620716, -33.3630462 ], [ -71.6620085, -33.3631537 ], [ -71.6619548, -33.3632603 ], [ -71.661912, -33.3633632 ], [ -71.6615399, -33.3643134 ], [ -71.6615006, -33.3644178 ], [ -71.6613468, -33.3648245 ], [ -71.6610624, -33.3655764 ], [ -71.661026, -33.3656639 ], [ -71.6609819, -33.3657489 ], [ -71.6609462, -33.3658074 ], [ -71.6609068, -33.3658643 ], [ -71.6608197, -33.3659752 ], [ -71.6607419, -33.3660715 ], [ -71.6603529, -33.3665985 ], [ -71.6602396, -33.3667535 ], [ -71.659955, -33.3671391 ], [ -71.6598708, -33.3672531 ], [ -71.6597816, -33.367378 ], [ -71.6597264, -33.3674548 ], [ -71.6596676, -33.3675646 ], [ -71.6596295, -33.3676455 ], [ -71.6595952, -33.3677275 ], [ -71.6595416, -33.367858 ], [ -71.6594611, -33.3681156 ], [ -71.6594242, -33.3682354 ], [ -71.659402, -33.3682893 ], [ -71.6593733, -33.368341 ], [ -71.6593385, -33.36839 ], [ -71.6592878, -33.3684459 ], [ -71.6592292, -33.3684961 ], [ -71.6590504, -33.3686347 ], [ -71.6588077, -33.368777 ], [ -71.658748264921556, -33.36881882403452 ] ] } },
{ "type": "Feature", "properties": { "osm_id": "way/172829138", "name": "La Capilla", "source": "OpenStreetMap/Overpass", "highway": "residential", "surface": "unpaved" }, "geometry": { "type": "LineString", "coordinates": [ [ -71.6601035, -33.3666791 ], [ -71.6599768, -33.3666192 ], [ -71.6598762, -33.366571 ], [ -71.658667750026055, -33.366172989133503 ] ] } },
{ "type": "Feature", "properties": { "osm_id": "way/400818764", "name": "Clavelillos", "source": "OpenStreetMap/Overpass", "highway": "residential", "surface": "dirt" }, "geometry": { "type": "LineString", "coordinates": [ [ -71.661403, -33.3662748 ], [ -71.6607419, -33.3660715 ] ] } },
{ "type": "Feature", "properties": { "osm_id": "way/146526441", "name": null, "source": "OpenStreetMap/Overpass", "highway": "footway", "surface": "unpaved" }, "geometry": { "type": "LineString", "coordinates": [ [ -71.6608197, -33.3659752 ], [ -71.6614468, -33.3661801 ] ] } },
{ "type": "Feature", "properties": { "osm_id": "way/146527568", "name": "Clavelillos", "source": "OpenStreetMap/Overpass", "highway": "residential", "surface": "unpaved" }, "geometry": { "type": "LineString", "coordinates": [ [ -71.658649127153339, -33.365561014836281 ], [ -71.6599204, -33.3659797 ], [ -71.6599646, -33.366005 ], [ -71.660002, -33.366037 ], [ -71.6600315, -33.3660744 ], [ -71.6600519, -33.3661157 ], [ -71.660062, -33.3661565 ], [ -71.6600632, -33.3661982 ], [ -71.6600555, -33.3662393 ], [ -71.6600391, -33.3662787 ], [ -71.6598762, -33.366571 ] ] } },
{ "type": "Feature", "properties": { "osm_id": "way/1318002637", "name": null, "source": "OpenStreetMap/Overpass", "highway": "service", "surface": null }, "geometry": { "type": "LineString", "coordinates": [ [ -71.6610691, -33.3648764 ], [ -71.6612622, -33.3643656 ], [ -71.6612542, -33.3643051 ], [ -71.6613078, -33.3642447 ], [ -71.6614339, -33.3639266 ], [ -71.6595858, -33.3632948 ], [ -71.6592318, -33.3637922 ], [ -71.6592613, -33.3639422 ], [ -71.659449, -33.363996 ], [ -71.6595402, -33.3640229 ], [ -71.6595671, -33.3643544 ] ] } },
{ "type": "Feature", "properties": { "osm_id": "way/146524546", "name": "Mar Rojo", "source": "OpenStreetMap/Overpass", "highway": "residential", "surface": null }, "geometry": { "type": "LineString", "coordinates": [ [ -71.658539216690613, -33.361949199451232 ], [ -71.6585404, -33.3619482 ], [ -71.6586118, -33.3618897 ] ] } },
{ "type": "Feature", "properties": { "osm_id": "way/545772975", "name": null, "source": "OpenStreetMap/Overpass", "highway": "footway", "surface": null }, "geometry": { "type": "LineString", "coordinates": [ [ -71.6631521, -33.3668268 ], [ -71.6633301, -33.3668467 ], [ -71.6633366, -33.3669624 ], [ -71.6632753, -33.3670701 ], [ -71.6631722, -33.3672074 ], [ -71.6631013, -33.3673528 ], [ -71.6630078, -33.3675412 ], [ -71.6628663, -33.3676505 ], [ -71.6626897, -33.3677868 ], [ -71.6630175, -33.3676516 ], [ -71.6632835, -33.3677093 ], [ -71.6635226, -33.3675116 ], [ -71.6635757, -33.3675223 ], [ -71.6636566, -33.3676003 ], [ -71.6637361, -33.3675906 ], [ -71.6639941, -33.3675008 ], [ -71.6641359, -33.3674281 ], [ -71.6642262, -33.367342 ], [ -71.6642543, -33.3673512 ], [ -71.6642658, -33.3673791 ], [ -71.6642546, -33.3674926 ], [ -71.6642248, -33.3675728 ], [ -71.6642183, -33.3676364 ], [ -71.6642609, -33.3676788 ] ] } },
{ "type": "Feature", "properties": { "osm_id": "way/400818768", "name": "Pasaje El Alba 1", "source": "OpenStreetMap/Overpass", "highway": "living_street", "surface": "dirt" }, "geometry": { "type": "LineString", "coordinates": [ [ -71.6611251, -33.3668544 ], [ -71.6612877, -33.3665218 ], [ -71.661403, -33.3662748 ] ] } },
{ "type": "Feature", "properties": { "osm_id": "way/146526384", "name": "Clavelillos", "source": "OpenStreetMap/Overpass", "highway": "residential", "surface": "dirt" }, "geometry": { "type": "LineString", "coordinates": [ [ -71.663194, -33.3667229 ], [ -71.6631521, -33.3668268 ], [ -71.6621125, -33.3664943 ], [ -71.6619579, -33.3664477 ], [ -71.661403, -33.3662748 ] ] } },
{ "type": "Feature", "properties": { "osm_id": "way/400818761", "name": "Clavelillos", "source": "OpenStreetMap/Overpass", "highway": "residential", "surface": "dirt" }, "geometry": { "type": "LineString", "coordinates": [ [ -71.6614468, -33.3661801 ], [ -71.6619987, -33.3663503 ], [ -71.6621561, -33.3664019 ], [ -71.6630097, -33.3666655 ], [ -71.6631164, -33.3666987 ], [ -71.663194, -33.3667229 ] ] } },
{ "type": "Feature", "properties": { "osm_id": "way/1332943030", "name": "Fray Bernardo", "source": "OpenStreetMap/Overpass", "highway": "path", "surface": "ground" }, "geometry": { "type": "LineString", "coordinates": [ [ -71.6627818, -33.3661976 ], [ -71.6630097, -33.3666655 ] ] } },
{ "type": "Feature", "properties": { "osm_id": "way/400818758", "name": "Pasaje Fray Rufino", "source": "OpenStreetMap/Overpass", "highway": "residential", "surface": "dirt" }, "geometry": { "type": "LineString", "coordinates": [ [ -71.6614468, -33.3661801 ], [ -71.661403, -33.3662748 ] ] } },
{ "type": "Feature", "properties": { "osm_id": "way/400818754", "name": "Fray Ángel", "source": "OpenStreetMap/Overpass", "highway": "residential", "surface": "unpaved" }, "geometry": { "type": "LineString", "coordinates": [ [ -71.6624825, -33.3651047 ], [ -71.6619987, -33.3663503 ], [ -71.6619579, -33.3664477 ] ] } },
{ "type": "Feature", "properties": { "osm_id": "way/146526409", "name": "Fray Bernardo", "source": "OpenStreetMap/Overpass", "highway": "living_street", "surface": "unpaved" }, "geometry": { "type": "LineString", "coordinates": [ [ -71.6627818, -33.3661976 ], [ -71.6627667, -33.3661599 ], [ -71.6627577, -33.3661208 ], [ -71.662755, -33.3660811 ], [ -71.6627597, -33.3660352 ], [ -71.6627728, -33.3659904 ], [ -71.6627939, -33.3659478 ], [ -71.6628226, -33.3659085 ], [ -71.6628581, -33.3658732 ], [ -71.6628937, -33.3658318 ], [ -71.6629117, -33.3658111 ], [ -71.6629252, -33.3657881 ], [ -71.6629342, -33.3657617 ], [ -71.6629372, -33.3657344 ], [ -71.6629342, -33.365707 ], [ -71.6629252, -33.3656806 ], [ -71.6629071, -33.365646 ], [ -71.6628828, -33.3656142 ], [ -71.6628528, -33.3655859 ], [ -71.6628179, -33.3655619 ], [ -71.6625577, -33.3654095 ], [ -71.6625387, -33.3653867 ], [ -71.6625282, -33.3653603 ], [ -71.6625265, -33.3653396 ], [ -71.6625302, -33.3653191 ], [ -71.6625389, -33.3652998 ], [ -71.6625845, -33.365181 ], [ -71.662582, -33.3651636 ], [ -71.6625738, -33.3651474 ], [ -71.6625584, -33.3651321 ], [ -71.662538, -33.3651216 ], [ -71.6624825, -33.3651047 ] ] } },
{ "type": "Feature", "properties": { "osm_id": "way/1332943032", "name": "Pasaje Fray Rufino", "source": "OpenStreetMap/Overpass", "highway": "residential", "surface": "concrete" }, "geometry": { "type": "LineString", "coordinates": [ [ -71.6619247, -33.364975 ], [ -71.6614468, -33.3661801 ] ] } },
{ "type": "Feature", "properties": { "osm_id": "way/146526431", "name": "Fray Ángel", "source": "OpenStreetMap/Overpass", "highway": "residential", "surface": "unpaved" }, "geometry": { "type": "LineString", "coordinates": [ [ -71.6624543, -33.3649112 ], [ -71.6624825, -33.3651047 ] ] } },
{ "type": "Feature", "properties": { "osm_id": "way/146526401", "name": "Fray Pedro Bordesi", "source": "OpenStreetMap/Overpass", "highway": "residential", "surface": "unpaved" }, "geometry": { "type": "LineString", "coordinates": [ [ -71.6624825, -33.3651047 ], [ -71.6621593, -33.3650266 ], [ -71.6619247, -33.364975 ], [ -71.6613468, -33.3648245 ] ] } },
{ "type": "Feature", "properties": { "osm_id": "way/172829149", "name": "Maitencillo", "source": "OpenStreetMap/Overpass", "highway": "residential", "surface": "unpaved" }, "geometry": { "type": "LineString", "coordinates": [ [ -71.6621593, -33.3650266 ], [ -71.6624543, -33.3649112 ], [ -71.662861, -33.3647515 ] ] } },
{ "type": "Feature", "properties": { "osm_id": "way/1332943031", "name": "Los Molles", "source": "OpenStreetMap/Overpass", "highway": "residential", "surface": null }, "geometry": { "type": "LineString", "coordinates": [ [ -71.662861, -33.3647515 ], [ -71.6629696, -33.3648468 ], [ -71.6630071, -33.3648602 ] ] } },
{ "type": "Feature", "properties": { "osm_id": "way/146526407", "name": "Angelmó", "source": "OpenStreetMap/Overpass", "highway": "living_street", "surface": "concrete" }, "geometry": { "type": "LineString", "coordinates": [ [ -71.6633263, -33.3643299 ], [ -71.6633512, -33.364319 ], [ -71.663379, -33.3643156 ], [ -71.6634065, -33.3643202 ], [ -71.6634266, -33.3643296 ], [ -71.6634429, -33.3643432 ], [ -71.6635984, -33.3645919 ], [ -71.6636196, -33.3646319 ], [ -71.6636306, -33.3646748 ], [ -71.6636318, -33.3647083 ], [ -71.6636267, -33.3647415 ], [ -71.6635382, -33.3651156 ] ] } },
{ "type": "Feature", "properties": { "osm_id": "way/172829192", "name": "Los Molles", "source": "OpenStreetMap/Overpass", "highway": "residential", "surface": "unpaved" }, "geometry": { "type": "LineString", "coordinates": [ [ -71.6630071, -33.3648602 ], [ -71.6630354, -33.3647933 ], [ -71.662875, -33.3645166 ] ] } },
{ "type": "Feature", "properties": { "osm_id": "way/1428168589", "name": "Los Molles", "source": "OpenStreetMap/Overpass", "highway": "residential", "surface": "unpaved" }, "geometry": { "type": "LineString", "coordinates": [ [ -71.6627468, -33.3645639 ], [ -71.662861, -33.3647515 ] ] } },
{ "type": "Feature", "properties": { "osm_id": "way/146526439", "name": "Maitencillo", "source": "OpenStreetMap/Overpass", "highway": "residential", "surface": "unpaved" }, "geometry": { "type": "LineString", "coordinates": [ [ -71.6627468, -33.3645639 ], [ -71.662875, -33.3645166 ], [ -71.6633263, -33.3643299 ] ] } },
{ "type": "Feature", "properties": { "osm_id": "way/1318002638", "name": null, "source": "OpenStreetMap/Overpass", "highway": "service", "surface": null }, "geometry": { "type": "LineString", "coordinates": [ [ -71.6615006, -33.3644178 ], [ -71.6613446, -33.3643836 ] ] } },
{ "type": "Feature", "properties": { "osm_id": "way/1362858558", "name": null, "source": "OpenStreetMap/Overpass", "highway": "service", "surface": null }, "geometry": { "type": "LineString", "coordinates": [ [ -71.6613446, -33.3643836 ], [ -71.6612622, -33.3643656 ] ] } },
{ "type": "Feature", "properties": { "osm_id": "way/1362858559", "name": null, "source": "OpenStreetMap/Overpass", "highway": "service", "surface": null }, "geometry": { "type": "LineString", "coordinates": [ [ -71.6613768, -33.3642651 ], [ -71.6615399, -33.3643134 ] ] } },
{ "type": "Feature", "properties": { "osm_id": "way/1318002639", "name": null, "source": "OpenStreetMap/Overpass", "highway": "service", "surface": null }, "geometry": { "type": "LineString", "coordinates": [ [ -71.6613078, -33.3642447 ], [ -71.6613768, -33.3642651 ] ] } },
{ "type": "Feature", "properties": { "osm_id": "way/146526419", "name": "Los Molles", "source": "OpenStreetMap/Overpass", "highway": "residential", "surface": "concrete" }, "geometry": { "type": "LineString", "coordinates": [ [ -71.6623364, -33.3639142 ], [ -71.6627468, -33.3645639 ] ] } },
{ "type": "Feature", "properties": { "osm_id": "way/146526402", "name": "Pasaje Fray Rufino", "source": "OpenStreetMap/Overpass", "highway": "living_street", "surface": "concrete" }, "geometry": { "type": "LineString", "coordinates": [ [ -71.6625685, -33.3633049 ], [ -71.6624543, -33.3636047 ], [ -71.6623364, -33.3639142 ], [ -71.6619247, -33.364975 ] ] } },
{ "type": "Feature", "properties": { "osm_id": "way/146526388", "name": "Angelmó", "source": "OpenStreetMap/Overpass", "highway": "residential", "surface": "paved" }, "geometry": { "type": "LineString", "coordinates": [ [ -71.6621339, -33.3629448 ], [ -71.6625685, -33.3633049 ], [ -71.6627803, -33.3634707 ], [ -71.6628179, -33.3635077 ], [ -71.6628521, -33.3635485 ], [ -71.6633263, -33.3643299 ] ] } },
{ "type": "Feature", "properties": { "osm_id": "way/1428168590", "name": "Pasaje Fray Rufino", "source": "OpenStreetMap/Overpass", "highway": "living_street", "surface": "concrete" }, "geometry": { "type": "LineString", "coordinates": [ [ -71.6627803, -33.3634707 ], [ -71.6624543, -33.3636047 ] ] } },
{ "type": "Feature", "properties": { "osm_id": "way/146526399", "name": null, "source": "OpenStreetMap/Overpass", "highway": "service", "surface": "unpaved" }, "geometry": { "type": "LineString", "coordinates": [ [ -71.6650349, -33.3618136 ], [ -71.6643222, -33.3619382 ], [ -71.6638815, -33.3620017 ], [ -71.6638386, -33.3620017 ], [ -71.663785, -33.361948 ], [ -71.6637582, -33.361715 ], [ -71.6636938, -33.3616567 ] ] } },
{ "type": "Feature", "properties": { "osm_id": "way/146526429", "name": null, "source": "OpenStreetMap/Overpass", "highway": "service", "surface": "unpaved" }, "geometry": { "type": "LineString", "coordinates": [ [ -71.6641498, -33.3611594 ], [ -71.6641498, -33.3616836 ], [ -71.6641873, -33.3617463 ], [ -71.6642356, -33.3618225 ], [ -71.6643222, -33.3619382 ] ] } },
{ "type": "Feature", "properties": { "osm_id": "way/1332943033", "name": "Alberto Lyon", "source": "OpenStreetMap/Overpass", "highway": "residential", "surface": "unpaved" }, "geometry": { "type": "LineString", "coordinates": [ [ -71.6636938, -33.3616567 ], [ -71.6631639, -33.361338 ] ] } },
{ "type": "Feature", "properties": { "osm_id": "way/146526413", "name": "Fray Pedro Subercaseux", "source": "OpenStreetMap/Overpass", "highway": "residential", "surface": "unpaved" }, "geometry": { "type": "LineString", "coordinates": [ [ -71.6618149, -33.3608956 ], [ -71.6627657, -33.360438 ], [ -71.6628569, -33.3604291 ], [ -71.6629535, -33.3604605 ], [ -71.6635058, -33.3608603 ] ] } },
{ "type": "Feature", "properties": { "osm_id": "way/146527585", "name": "Avenida Santa Teresa de Los Andes", "source": "OpenStreetMap/Overpass", "highway": "residential", "surface": "paved" }, "geometry": { "type": "LineString", "coordinates": [ [ -71.6633882, -33.3590338 ], [ -71.6633731, -33.3590658 ], [ -71.6633671, -33.3590781 ], [ -71.6632831, -33.3593034 ], [ -71.6632112, -33.3594993 ], [ -71.663193, -33.359552 ], [ -71.6631848, -33.3596064 ], [ -71.6631864, -33.3596582 ], [ -71.663197, -33.3597093 ], [ -71.6632164, -33.3597585 ], [ -71.6632431, -33.3598054 ], [ -71.6632789, -33.3598479 ], [ -71.6633081, -33.359877 ], [ -71.6633427, -33.3599018 ], [ -71.6633816, -33.3599215 ], [ -71.6634239, -33.3599356 ], [ -71.6634724, -33.3599443 ], [ -71.663522, -33.3599456 ], [ -71.6635626, -33.3599473 ], [ -71.6636021, -33.3599555 ], [ -71.663637, -33.359969 ], [ -71.6636684, -33.3599876 ], [ -71.6636952, -33.3600107 ], [ -71.6637324, -33.360047 ], [ -71.6637599, -33.3600847 ], [ -71.6637803, -33.3601254 ], [ -71.6637931, -33.3601683 ], [ -71.663798, -33.3602122 ], [ -71.6637949, -33.3602563 ], [ -71.6637629, -33.360363 ], [ -71.663724, -33.3604682 ], [ -71.6636783, -33.3605713 ], [ -71.663627, -33.3606702 ], [ -71.6635694, -33.3607666 ], [ -71.6635058, -33.3608603 ] ] } },
{ "type": "Feature", "properties": { "osm_id": "way/1332880630", "name": "Avenida Aguas Marinas", "source": "OpenStreetMap/Overpass", "highway": "residential", "surface": "unpaved" }, "geometry": { "type": "LineString", "coordinates": [ [ -71.6585911, -33.3620035 ], [ -71.6585666, -33.3619776 ], [ -71.6585404, -33.3619482 ] ] } },
{ "type": "Feature", "properties": { "osm_id": "way/1332880631", "name": "Santiago", "source": "OpenStreetMap/Overpass", "highway": "living_street", "surface": null }, "geometry": { "type": "LineString", "coordinates": [ [ -71.658542197204781, -33.36204714342027 ], [ -71.6585911, -33.3620035 ], [ -71.6587356, -33.3618745 ], [ -71.6593969, -33.3612535 ], [ -71.6594091, -33.3612302 ], [ -71.6594157, -33.3612053 ], [ -71.6594154, -33.3611719 ], [ -71.6594051, -33.3611396 ] ] } },
{ "type": "Feature", "properties": { "osm_id": "way/400794952", "name": "Mar Adriático", "source": "OpenStreetMap/Overpass", "highway": "living_street", "surface": "paved" }, "geometry": { "type": "LineString", "coordinates": [ [ -71.658966, -33.3613137 ], [ -71.658612, -33.3616498 ] ] } },
{ "type": "Feature", "properties": { "osm_id": "way/146524532", "name": "Avenida Aguas Marinas", "source": "OpenStreetMap/Overpass", "highway": "residential", "surface": "paved" }, "geometry": { "type": "LineString", "coordinates": [ [ -71.6585404, -33.3619482 ], [ -71.658539141224935, -33.361946719540938 ] ] } },
{ "type": "Feature", "properties": { "osm_id": "way/255614193", "name": "Avenida Aguas Marinas", "source": "OpenStreetMap/Overpass", "highway": "residential", "surface": "paved" }, "geometry": { "type": "LineString", "coordinates": [ [ -71.658534805380583, -33.361804237479191 ], [ -71.6586118, -33.3618897 ] ] } },
{ "type": "Feature", "properties": { "osm_id": "way/172467019", "name": "Mar Caspio", "source": "OpenStreetMap/Overpass", "highway": "living_street", "surface": "paved" }, "geometry": { "type": "LineString", "coordinates": [ [ -71.658516209205786, -33.361193140513663 ], [ -71.6587535, -33.3609833 ] ] } },
{ "type": "Feature", "properties": { "osm_id": "way/172467020", "name": "Mar Mediterráneo", "source": "OpenStreetMap/Overpass", "highway": "living_street", "surface": "paved" }, "geometry": { "type": "LineString", "coordinates": [ [ -71.658506737692335, -33.360881893002627 ], [ -71.6586469, -33.3608176 ] ] } },
{ "type": "Feature", "properties": { "osm_id": "way/400794951", "name": "Océano Pacífico", "source": "OpenStreetMap/Overpass", "highway": "residential", "surface": "paved" }, "geometry": { "type": "LineString", "coordinates": [ [ -71.658497721760639, -33.360585616560826 ], [ -71.6586469, -33.3608176 ], [ -71.658672, -33.3608566 ], [ -71.6587535, -33.3609833 ], [ -71.658966, -33.3613137 ] ] } },
{ "type": "Feature", "properties": { "osm_id": "way/1474001958", "name": null, "source": "OpenStreetMap/Overpass", "highway": "steps", "surface": null }, "geometry": { "type": "LineString", "coordinates": [ [ -71.6674384, -33.3609634 ], [ -71.6674109, -33.3609625 ], [ -71.6673858, -33.3609622 ] ] } },
{ "type": "Feature", "properties": { "osm_id": "way/122593038", "name": "Paseo Costanera", "source": "OpenStreetMap/Overpass", "highway": "pedestrian", "surface": "concrete" }, "geometry": { "type": "LineString", "coordinates": [ [ -71.6644576, -33.3598541 ], [ -71.664522, -33.359845 ], [ -71.6645884, -33.3598357 ], [ -71.6653381, -33.360709 ], [ -71.665381, -33.3607269 ], [ -71.6654545, -33.3607363 ], [ -71.6655433, -33.3607469 ], [ -71.6655859, -33.360752 ], [ -71.6657384, -33.36075 ] ] } },
{ "type": "Feature", "properties": { "osm_id": "way/172829195", "name": "Los Pinares", "source": "OpenStreetMap/Overpass", "highway": "residential", "surface": "asphalt" }, "geometry": { "type": "LineString", "coordinates": [ [ -71.6677201, -33.3665571 ], [ -71.6677709, -33.3664681 ], [ -71.6680375, -33.3660009 ], [ -71.6683436, -33.3654645 ] ] } },
{ "type": "Feature", "properties": { "osm_id": "way/172829211", "name": "Avenida Los Claveles", "source": "OpenStreetMap/Overpass", "highway": "residential", "surface": "asphalt" }, "geometry": { "type": "LineString", "coordinates": [ [ -71.665197, -33.3654846 ], [ -71.665551, -33.3656421 ], [ -71.6665237, -33.3660747 ], [ -71.6666138, -33.3661148 ] ] } },
{ "type": "Feature", "properties": { "osm_id": "way/172829184", "name": "Los Acacios", "source": "OpenStreetMap/Overpass", "highway": "residential", "surface": "unpaved" }, "geometry": { "type": "LineString", "coordinates": [ [ -71.6654253, -33.3649203 ], [ -71.666947, -33.3655498 ], [ -71.6680375, -33.3660009 ] ] } },
{ "type": "Feature", "properties": { "osm_id": "way/172829164", "name": "El Retamo", "source": "OpenStreetMap/Overpass", "highway": "residential", "surface": "asphalt" }, "geometry": { "type": "LineString", "coordinates": [ [ -71.667253, -33.3650304 ], [ -71.6683436, -33.3654645 ], [ -71.6692069, -33.3658081 ] ] } },
{ "type": "Feature", "properties": { "osm_id": "way/532598020", "name": "Alicia Monckeberg", "source": "OpenStreetMap/Overpass", "highway": "tertiary", "surface": "asphalt" }, "geometry": { "type": "LineString", "coordinates": [ [ -71.6682713, -33.3633032 ], [ -71.6682208, -33.3633888 ], [ -71.6680599, -33.3636615 ], [ -71.66796, -33.3638309 ], [ -71.667932, -33.3638782 ], [ -71.6675724, -33.3644877 ], [ -71.6675255, -33.3645675 ], [ -71.6672969, -33.3649559 ], [ -71.667253, -33.3650304 ], [ -71.666947, -33.3655498 ], [ -71.6668923, -33.3656425 ], [ -71.6666548, -33.3660452 ], [ -71.6666138, -33.3661148 ] ] } },
{ "type": "Feature", "properties": { "osm_id": "way/810765524", "name": "El Retamo", "source": "OpenStreetMap/Overpass", "highway": "residential", "surface": "unpaved" }, "geometry": { "type": "LineString", "coordinates": [ [ -71.6653045, -33.3642268 ], [ -71.667253, -33.3650304 ] ] } },
{ "type": "Feature", "properties": { "osm_id": "way/172829209", "name": "Doctor Juan Verdaguer", "source": "OpenStreetMap/Overpass", "highway": "residential", "surface": "unpaved" }, "geometry": { "type": "LineString", "coordinates": [ [ -71.667932, -33.3638782 ], [ -71.6680063, -33.3639079 ], [ -71.6680724, -33.3639407 ], [ -71.6681324, -33.3639808 ], [ -71.6681851, -33.3640275 ], [ -71.6682295, -33.3640799 ], [ -71.6682563, -33.3641214 ], [ -71.6682778, -33.364165 ], [ -71.6684572, -33.3645527 ], [ -71.6684809, -33.3646101 ], [ -71.6684971, -33.3646692 ], [ -71.6685057, -33.3647295 ], [ -71.6685063, -33.3647944 ], [ -71.6684899, -33.3648726 ] ] } },
{ "type": "Feature", "properties": { "osm_id": "way/172829180", "name": "Avenida Los Claveles", "source": "OpenStreetMap/Overpass", "highway": "residential", "surface": "unpaved" }, "geometry": { "type": "LineString", "coordinates": [ [ -71.6661453, -33.3624539 ], [ -71.6661203, -33.3624593 ], [ -71.6660967, -33.3624683 ], [ -71.6660754, -33.3624805 ], [ -71.6658005, -33.3627942 ], [ -71.6657254, -33.3628916 ], [ -71.6656624, -33.3629812 ], [ -71.6653198, -33.363571 ], [ -71.6652954, -33.3636352 ], [ -71.6652769, -33.3637008 ], [ -71.6652643, -33.3637673 ], [ -71.6652577, -33.3638374 ], [ -71.6652577, -33.3639078 ], [ -71.6652643, -33.3639779 ], [ -71.6653045, -33.3642268 ], [ -71.6654253, -33.3649203 ], [ -71.665551, -33.3656421 ] ] } },
{ "type": "Feature", "properties": { "osm_id": "way/708161117", "name": "El Mercado", "source": "OpenStreetMap/Overpass", "highway": "residential", "surface": "unpaved" }, "geometry": { "type": "LineString", "coordinates": [ [ -71.6675724, -33.3644877 ], [ -71.6664099, -33.3640146 ], [ -71.6653198, -33.363571 ] ] } },
{ "type": "Feature", "properties": { "osm_id": "way/1333309941", "name": "Doctor Juan Verdaguer", "source": "OpenStreetMap/Overpass", "highway": "residential", "surface": "unpaved" }, "geometry": { "type": "LineString", "coordinates": [ [ -71.6656624, -33.3629812 ], [ -71.6667565, -33.3634118 ], [ -71.667932, -33.3638782 ] ] } },
{ "type": "Feature", "properties": { "osm_id": "way/172466108", "name": "José Toribio Larraín", "source": "OpenStreetMap/Overpass", "highway": "residential", "surface": "asphalt" }, "geometry": { "type": "LineString", "coordinates": [ [ -71.6703925, -33.3640898 ], [ -71.6704496, -33.3642271 ], [ -71.6705016, -33.3643463 ], [ -71.6705711, -33.364479 ], [ -71.670742, -33.3647529 ], [ -71.6709057, -33.3649542 ], [ -71.671175, -33.3651792 ] ] } },
{ "type": "Feature", "properties": { "osm_id": "way/172829215", "name": "Edmundo Pérez Zujovic", "source": "OpenStreetMap/Overpass", "highway": "residential", "surface": "unpaved" }, "geometry": { "type": "LineString", "coordinates": [ [ -71.6692972, -33.3647144 ], [ -71.6698697, -33.3645335 ], [ -71.6698912, -33.3645152 ], [ -71.6699072, -33.3644932 ], [ -71.6699167, -33.364469 ], [ -71.6699195, -33.3644437 ], [ -71.6699154, -33.3644184 ], [ -71.6699046, -33.3643946 ], [ -71.6697029, -33.3642116 ], [ -71.669101, -33.3636611 ], [ -71.6690768, -33.3636488 ], [ -71.66905, -33.3636477 ], [ -71.6688132, -33.363732 ] ] } },
{ "type": "Feature", "properties": { "osm_id": "way/172829193", "name": "María Ruiz Tagle de Frei", "source": "OpenStreetMap/Overpass", "highway": "residential", "surface": "unpaved" }, "geometry": { "type": "LineString", "coordinates": [ [ -71.6704496, -33.3642271 ], [ -71.6709819, -33.3638582 ], [ -71.6710072, -33.3638436 ], [ -71.671029, -33.3638347 ], [ -71.6710529, -33.3638319 ], [ -71.671076, -33.3638353 ], [ -71.6710968, -33.3638444 ], [ -71.6711133, -33.3638582 ], [ -71.6713272, -33.364089 ], [ -71.6714264, -33.3641853 ], [ -71.6717759, -33.3645073 ] ] } },
{ "type": "Feature", "properties": { "osm_id": "way/188248811", "name": null, "source": "OpenStreetMap/Overpass", "highway": "steps", "surface": null }, "geometry": { "type": "LineString", "coordinates": [ [ -71.6697029, -33.3642116 ], [ -71.670049, -33.3639539 ], [ -71.670194, -33.3638462 ] ] } },
{ "type": "Feature", "properties": { "osm_id": "way/188248803", "name": null, "source": "OpenStreetMap/Overpass", "highway": "steps", "surface": null }, "geometry": { "type": "LineString", "coordinates": [ [ -71.6702517, -33.363919 ], [ -71.6703941, -33.3638756 ] ] } },
{ "type": "Feature", "properties": { "osm_id": "way/172466113", "name": "Santa Teresita", "source": "OpenStreetMap/Overpass", "highway": "secondary", "surface": "asphalt" }, "geometry": { "type": "LineString", "coordinates": [ [ -71.6705776, -33.3658979 ], [ -71.6699443, -33.3655189 ], [ -71.669829, -33.3654385 ], [ -71.6697331, -33.3653621 ], [ -71.6696528, -33.36528 ], [ -71.6695791, -33.3651936 ], [ -71.6695123, -33.3651035 ], [ -71.6694526, -33.3650099 ], [ -71.6694003, -33.3649133 ], [ -71.6692972, -33.3647144 ], [ -71.6688132, -33.363732 ], [ -71.6686752, -33.3634684 ], [ -71.6686257, -33.3633432 ], [ -71.6685845, -33.3632159 ], [ -71.6685551, -33.3630971 ], [ -71.6685311, -33.3629803 ], [ -71.6685162, -33.3628729 ], [ -71.6684921, -33.3627684 ], [ -71.6684633, -33.3626535 ], [ -71.6684331, -33.3625713 ], [ -71.668387, -33.362469 ], [ -71.6683325, -33.3623696 ], [ -71.6682955, -33.3623188 ], [ -71.6682538, -33.3622706 ], [ -71.6682078, -33.3622251 ], [ -71.6681367, -33.3621669 ], [ -71.6674844, -33.3617189 ] ] } },
{ "type": "Feature", "properties": { "osm_id": "way/188248806", "name": "Pasaje El Parque", "source": "OpenStreetMap/Overpass", "highway": "steps", "surface": null }, "geometry": { "type": "LineString", "coordinates": [ [ -71.6703941, -33.3638756 ], [ -71.6704862, -33.3638352 ], [ -71.6707866, -33.3635258 ] ] } },
{ "type": "Feature", "properties": { "osm_id": "way/427743031", "name": "San Eugenio", "source": "OpenStreetMap/Overpass", "highway": "secondary", "surface": "asphalt" }, "geometry": { "type": "LineString", "coordinates": [ [ -71.6715659, -33.3632177 ], [ -71.6715648, -33.3632927 ], [ -71.6715704, -33.3633676 ], [ -71.6715825, -33.3634419 ], [ -71.6716013, -33.3635153 ], [ -71.6716326, -33.3636025 ], [ -71.6716733, -33.363687 ], [ -71.6717228, -33.3637681 ], [ -71.6717809, -33.3638452 ], [ -71.671847, -33.3639176 ], [ -71.6719207, -33.3639848 ], [ -71.6721225, -33.3641328 ] ] } },
{ "type": "Feature", "properties": { "osm_id": "way/188248807", "name": "Pasaje El Parque", "source": "OpenStreetMap/Overpass", "highway": "footway", "surface": null }, "geometry": { "type": "LineString", "coordinates": [ [ -71.6710602, -33.3632326 ], [ -71.6707866, -33.3635258 ], [ -71.6710529, -33.3638319 ] ] } },
{ "type": "Feature", "properties": { "osm_id": "way/188248809", "name": "José Toribio Larraín", "source": "OpenStreetMap/Overpass", "highway": "residential", "surface": "paved" }, "geometry": { "type": "LineString", "coordinates": [ [ -71.6703925, -33.3640898 ], [ -71.6702517, -33.363919 ], [ -71.670212, -33.3638689 ], [ -71.670194, -33.3638462 ], [ -71.6701035, -33.3637557 ], [ -71.6698302, -33.363469 ], [ -71.6696824, -33.3633441 ], [ -71.669519, -33.3632384 ], [ -71.6690206, -33.3630035 ], [ -71.6689461, -33.3629673 ], [ -71.6688681, -33.3629367 ], [ -71.6687872, -33.3629118 ], [ -71.6686984, -33.3628918 ], [ -71.6686078, -33.3628788 ], [ -71.6685162, -33.3628729 ] ] } },
{ "type": "Feature", "properties": { "osm_id": "way/188248810", "name": "José Toribio Larraín", "source": "OpenStreetMap/Overpass", "highway": "residential", "surface": "paved" }, "geometry": { "type": "LineString", "coordinates": [ [ -71.6685162, -33.3628729 ], [ -71.6687053, -33.3628423 ], [ -71.6688368, -33.3628378 ], [ -71.6689427, -33.3628502 ], [ -71.6691113, -33.3629094 ], [ -71.6696066, -33.3631313 ], [ -71.6698393, -33.3632404 ], [ -71.6699322, -33.3632965 ], [ -71.6700191, -33.363359 ], [ -71.6700993, -33.3634275 ], [ -71.6701775, -33.3635073 ], [ -71.6702466, -33.3635928 ], [ -71.6703061, -33.3636831 ], [ -71.6703239, -33.3637173 ], [ -71.6703554, -33.3637777 ], [ -71.6703941, -33.3638756 ], [ -71.6703925, -33.3640898 ] ] } },
{ "type": "Feature", "properties": { "osm_id": "way/708161118", "name": "Carlos Ossa Videla", "source": "OpenStreetMap/Overpass", "highway": "residential", "surface": "asphalt" }, "geometry": { "type": "LineString", "coordinates": [ [ -71.6686752, -33.3634684 ], [ -71.6683498, -33.3633353 ], [ -71.6682713, -33.3633032 ] ] } },
{ "type": "Feature", "properties": { "osm_id": "way/721769451", "name": null, "source": "OpenStreetMap/Overpass", "highway": "service", "surface": null }, "geometry": { "type": "LineString", "coordinates": [ [ -71.6701579, -33.3633328 ], [ -71.6700993, -33.3634275 ] ] } },
{ "type": "Feature", "properties": { "osm_id": "way/721769427", "name": null, "source": "OpenStreetMap/Overpass", "highway": "service", "surface": null }, "geometry": { "type": "LineString", "coordinates": [ [ -71.6698873, -33.3631718 ], [ -71.6701579, -33.3633328 ], [ -71.670242, -33.3633828 ] ] } },
{ "type": "Feature", "properties": { "osm_id": "way/721769445", "name": null, "source": "OpenStreetMap/Overpass", "highway": "service", "surface": null }, "geometry": { "type": "LineString", "coordinates": [ [ -71.6702591, -33.36346 ], [ -71.670242, -33.3633828 ], [ -71.670169, -33.3630546 ] ] } },
{ "type": "Feature", "properties": { "osm_id": "way/1153388509", "name": null, "source": "OpenStreetMap/Overpass", "highway": "steps", "surface": null }, "geometry": { "type": "LineString", "coordinates": [ [ -71.6710602, -33.3631071 ], [ -71.6710602, -33.3632326 ] ] } },
{ "type": "Feature", "properties": { "osm_id": "way/172466107", "name": null, "source": "OpenStreetMap/Overpass", "highway": "tertiary_link", "surface": "asphalt" }, "geometry": { "type": "LineString", "coordinates": [ [ -71.6720152, -33.3630449 ], [ -71.6719555, -33.3630367 ], [ -71.6718951, -33.3630361 ], [ -71.6718352, -33.3630432 ], [ -71.671779, -33.3630572 ], [ -71.6717259, -33.363078 ], [ -71.671677, -33.3631051 ], [ -71.6716335, -33.3631379 ], [ -71.6715962, -33.3631757 ], [ -71.6715659, -33.3632177 ] ] } },
{ "type": "Feature", "properties": { "osm_id": "way/800207828", "name": "Alicia Monckeberg", "source": "OpenStreetMap/Overpass", "highway": "tertiary", "surface": "asphalt" }, "geometry": { "type": "LineString", "coordinates": [ [ -71.6682713, -33.3633032 ], [ -71.6685162, -33.3628729 ] ] } },
{ "type": "Feature", "properties": { "osm_id": "way/172466112", "name": "San Eugenio", "source": "OpenStreetMap/Overpass", "highway": "secondary", "surface": "asphalt" }, "geometry": { "type": "LineString", "coordinates": [ [ -71.671389, -33.3626422 ], [ -71.671434, -33.3627053 ], [ -71.6714728, -33.3627711 ], [ -71.6715053, -33.3628393 ], [ -71.6715324, -33.3629128 ], [ -71.6715521, -33.3629879 ], [ -71.6715643, -33.3630641 ], [ -71.6715689, -33.3631409 ], [ -71.6715659, -33.3632177 ] ] } },
{ "type": "Feature", "properties": { "osm_id": "way/1153388508", "name": "Pasaje El Parque", "source": "OpenStreetMap/Overpass", "highway": "footway", "surface": "unhewn_cobblestone" }, "geometry": { "type": "LineString", "coordinates": [ [ -71.6713253, -33.3626151 ], [ -71.671248, -33.3627845 ], [ -71.6710602, -33.3631071 ] ] } },
{ "type": "Feature", "properties": { "osm_id": "way/172829140", "name": "Los Clarines", "source": "OpenStreetMap/Overpass", "highway": "residential", "surface": "unpaved" }, "geometry": { "type": "LineString", "coordinates": [ [ -71.6664099, -33.3640146 ], [ -71.6667565, -33.3634118 ], [ -71.667097, -33.3628197 ] ] } },
{ "type": "Feature", "properties": { "osm_id": "way/172829185", "name": "Carlos Ossa Videla", "source": "OpenStreetMap/Overpass", "highway": "residential", "surface": "unpaved" }, "geometry": { "type": "LineString", "coordinates": [ [ -71.6682713, -33.3633032 ], [ -71.667097, -33.3628197 ], [ -71.666235, -33.3624648 ], [ -71.6662062, -33.362456 ], [ -71.6661759, -33.3624523 ], [ -71.6661453, -33.3624539 ] ] } },
{ "type": "Feature", "properties": { "osm_id": "way/453435660", "name": null, "source": "OpenStreetMap/Overpass", "highway": "service", "surface": null }, "geometry": { "type": "LineString", "coordinates": [ [ -71.6669876, -33.3614722 ], [ -71.666958, -33.3615605 ], [ -71.6668513, -33.3618781 ] ] } },
{ "type": "Feature", "properties": { "osm_id": "way/675353840", "name": "Santa Teresita", "source": "OpenStreetMap/Overpass", "highway": "secondary", "surface": "asphalt" }, "geometry": { "type": "LineString", "coordinates": [ [ -71.6674844, -33.3617189 ], [ -71.667372, -33.3616498 ], [ -71.6673075, -33.3616165 ], [ -71.667256, -33.3615898 ], [ -71.667191, -33.3615534 ], [ -71.6671006, -33.3614993 ] ] } },
{ "type": "Feature", "properties": { "osm_id": "way/172466115", "name": null, "source": "OpenStreetMap/Overpass", "highway": "secondary_link", "surface": "asphalt" }, "geometry": { "type": "LineString", "coordinates": [ [ -71.6674844, -33.3617189 ], [ -71.6674764, -33.3616824 ], [ -71.667474, -33.3616453 ], [ -71.6674799, -33.3615952 ], [ -71.6674961, -33.3615466 ], [ -71.6675221, -33.3615012 ], [ -71.6675571, -33.3614601 ], [ -71.6676001, -33.3614248 ] ] } },
{ "type": "Feature", "properties": { "osm_id": "way/675353839", "name": "Avenida Carlos Alessandri", "source": "OpenStreetMap/Overpass", "highway": "secondary", "surface": "asphalt" }, "geometry": { "type": "LineString", "coordinates": [ [ -71.6671006, -33.3614993 ], [ -71.6672076, -33.3614884 ], [ -71.6673168, -33.3614781 ], [ -71.6674201, -33.3614641 ], [ -71.6675109, -33.3614469 ], [ -71.6676001, -33.3614248 ] ] } },
{ "type": "Feature", "properties": { "osm_id": "way/93486204", "name": "Avenida Carlos Alessandri", "source": "OpenStreetMap/Overpass", "highway": "secondary", "surface": "asphalt" }, "geometry": { "type": "LineString", "coordinates": [ [ -71.6676001, -33.3614248 ], [ -71.6678185, -33.3613518 ], [ -71.6678891, -33.3613318 ], [ -71.6679618, -33.3613178 ], [ -71.6680358, -33.3613101 ], [ -71.6681103, -33.3613088 ], [ -71.6681951, -33.361315 ], [ -71.6682784, -33.3613294 ], [ -71.6683592, -33.3613518 ], [ -71.6687048, -33.3614993 ], [ -71.6687783, -33.3615307 ] ] } },
{ "type": "Feature", "properties": { "osm_id": "way/93486206", "name": "Avenida Carlos Alessandri", "source": "OpenStreetMap/Overpass", "highway": "secondary", "surface": "asphalt" }, "geometry": { "type": "LineString", "coordinates": [ [ -71.6671006, -33.3614993 ], [ -71.6669876, -33.3614722 ], [ -71.6667503, -33.3614067 ], [ -71.6665798, -33.3613477 ], [ -71.6663456, -33.3612718 ], [ -71.6661092, -33.3612009 ], [ -71.6658706, -33.3611352 ] ] } },
{ "type": "Feature", "properties": { "osm_id": "way/188248808", "name": null, "source": "OpenStreetMap/Overpass", "highway": "footway", "surface": "concrete" }, "geometry": { "type": "LineString", "coordinates": [ [ -71.6674201, -33.3614641 ], [ -71.6674116, -33.3614265 ], [ -71.6674088, -33.3613987 ], [ -71.66741, -33.3610261 ], [ -71.6674109, -33.3609625 ] ] } },
{ "type": "Feature", "properties": { "osm_id": "way/453435669", "name": "Avenida Carlos Alessandri", "source": "OpenStreetMap/Overpass", "highway": "secondary", "surface": "asphalt" }, "geometry": { "type": "LineString", "coordinates": [ [ -71.6658706, -33.3611352 ], [ -71.6655709, -33.3610307 ] ] } },
{ "type": "Feature", "properties": { "osm_id": "way/188251185", "name": "Avenida Carlos Alessandri", "source": "OpenStreetMap/Overpass", "highway": "tertiary", "surface": "asphalt" }, "geometry": { "type": "LineString", "coordinates": [ [ -71.671389, -33.3626422 ], [ -71.6715563, -33.3627206 ], [ -71.6720152, -33.3630449 ] ] } },
{ "type": "Feature", "properties": { "osm_id": "way/1014913380", "name": null, "source": "OpenStreetMap/Overpass", "highway": "service", "surface": null }, "geometry": { "type": "LineString", "coordinates": [ [ -71.6697472, -33.3619432 ], [ -71.6694391, -33.3625086 ] ] } },
{ "type": "Feature", "properties": { "osm_id": "way/122593036", "name": "Pasaje El Teatro", "source": "OpenStreetMap/Overpass", "highway": "living_street", "surface": "compacted" }, "geometry": { "type": "LineString", "coordinates": [ [ -71.6688394, -33.3624792 ], [ -71.6692865, -33.3617471 ] ] } },
{ "type": "Feature", "properties": { "osm_id": "way/1332943035", "name": "Avenida Carlos Alessandri", "source": "OpenStreetMap/Overpass", "highway": "secondary", "surface": "asphalt" }, "geometry": { "type": "LineString", "coordinates": [ [ -71.6687783, -33.3615307 ], [ -71.6688067, -33.3615428 ], [ -71.6688312, -33.3615532 ], [ -71.6692865, -33.3617471 ], [ -71.669362, -33.3617792 ], [ -71.6697472, -33.3619432 ], [ -71.6707557, -33.3623726 ], [ -71.670859, -33.3624166 ], [ -71.6712128, -33.3625672 ], [ -71.6713253, -33.3626151 ], [ -71.671389, -33.3626422 ] ] } },
{ "type": "Feature", "properties": { "osm_id": "way/1014913379", "name": null, "source": "OpenStreetMap/Overpass", "highway": "service", "surface": null }, "geometry": { "type": "LineString", "coordinates": [ [ -71.669362, -33.3617792 ], [ -71.6690218, -33.3623548 ] ] } },
{ "type": "Feature", "properties": { "osm_id": "way/1014913381", "name": null, "source": "OpenStreetMap/Overpass", "highway": "service", "surface": null }, "geometry": { "type": "LineString", "coordinates": [ [ -71.6688312, -33.3615532 ], [ -71.6687818, -33.3616774 ], [ -71.66877, -33.3617903 ], [ -71.6686061, -33.3620909 ] ] } },
{ "type": "Feature", "properties": { "osm_id": "way/172829155", "name": "Avenida Algarrobo", "source": "OpenStreetMap/Overpass", "highway": "residential", "surface": "asphalt" }, "geometry": { "type": "LineString", "coordinates": [ [ -71.6687783, -33.3615307 ], [ -71.6687997, -33.361496 ], [ -71.6688144, -33.3614722 ], [ -71.6689068, -33.3613435 ], [ -71.6689615, -33.3612863 ], [ -71.6690234, -33.3612346 ], [ -71.6690919, -33.3611889 ], [ -71.6691662, -33.3611497 ], [ -71.6692452, -33.3611177 ], [ -71.6693281, -33.3610932 ], [ -71.66953, -33.3610443 ], [ -71.6697771, -33.3609845 ], [ -71.6698788, -33.3609525 ], [ -71.6699832, -33.3609272 ], [ -71.6700896, -33.3609088 ], [ -71.6701972, -33.3608973 ], [ -71.6703056, -33.3608928 ], [ -71.670414, -33.3608954 ], [ -71.6705219, -33.3609049 ], [ -71.6706286, -33.3609214 ], [ -71.6707334, -33.3609447 ], [ -71.6707881, -33.3609685 ], [ -71.6708383, -33.3609985 ], [ -71.6708829, -33.3610341 ], [ -71.6709211, -33.3610746 ], [ -71.6709541, -33.3611227 ], [ -71.670978, -33.3611744 ], [ -71.6709923, -33.3612285 ], [ -71.6709966, -33.3612838 ], [ -71.6710003, -33.3613368 ], [ -71.6709842, -33.3614796 ], [ -71.6709698, -33.3616199 ], [ -71.6709478, -33.3617594 ], [ -71.6709139, -33.3619156 ], [ -71.6708706, -33.3620701 ], [ -71.6708178, -33.3622226 ], [ -71.6707714, -33.3623347 ], [ -71.6707557, -33.3623726 ] ] } },
{ "type": "Feature", "properties": { "osm_id": "way/453435670", "name": "Paseo Costanera", "source": "OpenStreetMap/Overpass", "highway": "pedestrian", "surface": "concrete" }, "geometry": { "type": "LineString", "coordinates": [ [ -71.6657384, -33.36075 ], [ -71.6659979, -33.3607538 ], [ -71.6667353, -33.3609292 ], [ -71.6671067, -33.3609986 ], [ -71.6673455, -33.3610277 ], [ -71.66741, -33.3610261 ], [ -71.6679651, -33.3609247 ], [ -71.6684867, -33.3608048 ], [ -71.6693544, -33.3605864 ], [ -71.6695851, -33.3605304 ], [ -71.6697057, -33.3604969 ], [ -71.6698284, -33.3604689 ], [ -71.6699526, -33.3604464 ], [ -71.6700877, -33.3604284 ], [ -71.6702238, -33.360417 ], [ -71.6703604, -33.3604121 ], [ -71.6704972, -33.3604137 ], [ -71.6706336, -33.360422 ], [ -71.6707201, -33.3604274 ], [ -71.6708055, -33.36044 ], [ -71.670889, -33.3604596 ], [ -71.6709697, -33.360486 ], [ -71.6710469, -33.360519 ], [ -71.671119, -33.3605578 ], [ -71.6711862, -33.3606023 ], [ -71.6712479, -33.3606522 ], [ -71.6713033, -33.3607068 ], [ -71.6713521, -33.3607658 ], [ -71.6714, -33.3608395 ], [ -71.6714374, -33.3609173 ], [ -71.671479, -33.3610351 ], [ -71.6715121, -33.3611548 ], [ -71.6715364, -33.361276 ], [ -71.6715495, -33.3613721 ], [ -71.6715571, -33.3614685 ], [ -71.6715592, -33.3615652 ], [ -71.6715534, -33.3616954 ], [ -71.6715377, -33.3618251 ], [ -71.6714787, -33.3620446 ], [ -71.671447, -33.3621531 ], [ -71.6714052, -33.3622592 ], [ -71.6713512, -33.3623662 ], [ -71.671287, -33.3624691 ], [ -71.6712399, -33.3625313 ], [ -71.6712128, -33.3625672 ] ] } },
{ "type": "Feature", "properties": { "osm_id": "way/172829178", "name": "La Serena", "source": "OpenStreetMap/Overpass", "highway": "residential", "surface": "asphalt" }, "geometry": { "type": "LineString", "coordinates": [ [ -71.6693281, -33.3610932 ], [ -71.6696363, -33.36122 ], [ -71.6709478, -33.3617594 ] ] } },
{ "type": "Feature", "properties": { "osm_id": "way/122593040", "name": "Pasaje Dos", "source": "OpenStreetMap/Overpass", "highway": "pedestrian", "surface": "concrete" }, "geometry": { "type": "LineString", "coordinates": [ [ -71.6710003, -33.3613368 ], [ -71.6711133, -33.3613249 ], [ -71.6715364, -33.361276 ] ] } },
{ "type": "Feature", "properties": { "osm_id": "way/453435684", "name": "Algarrobo", "source": "OpenStreetMap/Overpass", "highway": "residential", "surface": "asphalt" }, "geometry": { "type": "LineString", "coordinates": [ [ -71.6696363, -33.36122 ], [ -71.6697771, -33.3609845 ] ] } },
{ "type": "Feature", "properties": { "osm_id": "way/188248804", "name": "Pasaje Uno", "source": "OpenStreetMap/Overpass", "highway": "pedestrian", "surface": "paving_stones" }, "geometry": { "type": "LineString", "coordinates": [ [ -71.66953, -33.3610443 ], [ -71.6694133, -33.3607325 ], [ -71.6693544, -33.3605864 ] ] } },
{ "type": "Feature", "properties": { "osm_id": "way/569443291", "name": null, "source": "OpenStreetMap/Overpass", "highway": "service", "surface": "unpaved" }, "geometry": { "type": "LineString", "coordinates": [ [ -71.685322, -33.3656325 ], [ -71.6854812, -33.3656733 ] ] } },
{ "type": "Feature", "properties": { "osm_id": "way/124967726", "name": null, "source": "OpenStreetMap/Overpass", "highway": "service", "surface": "concrete" }, "geometry": { "type": "LineString", "coordinates": [ [ -71.6827377, -33.3647704 ], [ -71.6825303, -33.3648995 ], [ -71.6824367, -33.3649856 ], [ -71.6824011, -33.3650529 ], [ -71.6823121, -33.3651296 ], [ -71.6822305, -33.3652119 ], [ -71.6821568, -33.3652993 ], [ -71.6820952, -33.3653855 ], [ -71.6820413, -33.3654752 ], [ -71.6819954, -33.365568 ], [ -71.6819577, -33.3656633 ] ] } },
{ "type": "Feature", "properties": { "osm_id": "way/1363353147", "name": null, "source": "OpenStreetMap/Overpass", "highway": "service", "surface": "unpaved" }, "geometry": { "type": "LineString", "coordinates": [ [ -71.6853538, -33.3649884 ], [ -71.6854128, -33.3649961 ], [ -71.6854696, -33.3650115 ], [ -71.6855229, -33.365034 ], [ -71.6855713, -33.3650633 ] ] } },
{ "type": "Feature", "properties": { "osm_id": "way/1285602247", "name": null, "source": "OpenStreetMap/Overpass", "highway": "service", "surface": "unpaved" }, "geometry": { "type": "LineString", "coordinates": [ [ -71.685117, -33.364845 ], [ -71.6851311, -33.3648798 ], [ -71.6851531, -33.3649116 ], [ -71.6851822, -33.3649391 ], [ -71.6852194, -33.3649626 ], [ -71.6852617, -33.364979 ], [ -71.6853072, -33.3649877 ], [ -71.6853538, -33.3649884 ] ] } },
{ "type": "Feature", "properties": { "osm_id": "way/427890584", "name": null, "source": "OpenStreetMap/Overpass", "highway": "path", "surface": "ground" }, "geometry": { "type": "LineString", "coordinates": [ [ -71.6856311, -33.3649413 ], [ -71.6859583, -33.3649995 ], [ -71.6861568, -33.3650757 ], [ -71.68630859089636, -33.365031210420959 ] ] } },
{ "type": "Feature", "properties": { "osm_id": "way/188251180", "name": "Sendero Punta del Fraile", "source": "OpenStreetMap/Overpass", "highway": "pedestrian", "surface": "ground" }, "geometry": { "type": "LineString", "coordinates": [ [ -71.68626914995049, -33.363748458865551 ], [ -71.686186, -33.3637267 ], [ -71.6859162, -33.3636324 ], [ -71.6854933, -33.3634245 ], [ -71.6853572, -33.3632659 ], [ -71.68529, -33.3632143 ], [ -71.6851772, -33.3630542 ], [ -71.6850313, -33.3629825 ], [ -71.6847676, -33.3629039 ], [ -71.6844364, -33.3628345 ], [ -71.6842755, -33.3628028 ], [ -71.6840334, -33.3627327 ] ] } },
{ "type": "Feature", "properties": { "osm_id": "way/427904104", "name": null, "source": "OpenStreetMap/Overpass", "highway": "path", "surface": "ground" }, "geometry": { "type": "LineString", "coordinates": [ [ -71.686292456650619, -33.364506470753412 ], [ -71.6861881, -33.3644597 ], [ -71.6860594, -33.3643701 ], [ -71.6857161, -33.3642357 ], [ -71.6855605, -33.364164 ] ] } },
{ "type": "Feature", "properties": { "osm_id": "way/427904102", "name": null, "source": "OpenStreetMap/Overpass", "highway": "path", "surface": "ground" }, "geometry": { "type": "LineString", "coordinates": [ [ -71.6856311, -33.3649413 ], [ -71.685117, -33.364845 ], [ -71.6848917, -33.3647285 ], [ -71.6844518, -33.3643566 ], [ -71.6841139, -33.3640923 ], [ -71.6838618, -33.3638772 ], [ -71.6837741, -33.36381 ] ] } },
{ "type": "Feature", "properties": { "osm_id": "way/1474001975", "name": null, "source": "OpenStreetMap/Overpass", "highway": "footway", "surface": null }, "geometry": { "type": "LineString", "coordinates": [ [ -71.6821526, -33.3643029 ], [ -71.6821167, -33.3642672 ], [ -71.6820648, -33.3642899 ], [ -71.6818784, -33.364415 ] ] } },
{ "type": "Feature", "properties": { "osm_id": "way/1474001974", "name": null, "source": "OpenStreetMap/Overpass", "highway": "footway", "surface": "concrete" }, "geometry": { "type": "LineString", "coordinates": [ [ -71.6816944, -33.3642534 ], [ -71.6818784, -33.364415 ] ] } },
{ "type": "Feature", "properties": { "osm_id": "way/172466106", "name": "San Eugenio", "source": "OpenStreetMap/Overpass", "highway": "secondary", "surface": "concrete" }, "geometry": { "type": "LineString", "coordinates": [ [ -71.6721225, -33.3641328 ], [ -71.6722218, -33.364188 ], [ -71.6723906, -33.3642731 ], [ -71.6724378, -33.3642974 ], [ -71.6724813, -33.3643261 ], [ -71.6725203, -33.364359 ], [ -71.6725543, -33.3643956 ], [ -71.6725829, -33.3644352 ], [ -71.6726077, -33.3644822 ], [ -71.6726249, -33.3645315 ], [ -71.6726341, -33.3645822 ], [ -71.6726352, -33.3646335 ], [ -71.6726279, -33.3647321 ], [ -71.6726145, -33.3648179 ], [ -71.6725972, -33.3649033 ], [ -71.6725734, -33.3649974 ], [ -71.6724992, -33.3651646 ] ] } },
{ "type": "Feature", "properties": { "osm_id": "way/188248802", "name": "Pescadores Poniente", "source": "OpenStreetMap/Overpass", "highway": "steps", "surface": null }, "geometry": { "type": "LineString", "coordinates": [ [ -71.6727178, -33.3646856 ], [ -71.673045, -33.364505 ] ] } },
{ "type": "Feature", "properties": { "osm_id": "way/1474229984", "name": "Pescadores Poniente", "source": "OpenStreetMap/Overpass", "highway": "footway", "surface": "wood" }, "geometry": { "type": "LineString", "coordinates": [ [ -71.673045, -33.364505 ], [ -71.6731309, -33.3646708 ] ] } },
{ "type": "Feature", "properties": { "osm_id": "way/188251178", "name": "Avenida Carlos Alessandri", "source": "OpenStreetMap/Overpass", "highway": "tertiary", "surface": "asphalt" }, "geometry": { "type": "LineString", "coordinates": [ [ -71.6766445, -33.3648687 ], [ -71.6764975, -33.3648537 ], [ -71.6763061, -33.3648377 ], [ -71.6761157, -33.364815 ], [ -71.6759266, -33.3647855 ], [ -71.6757391, -33.3647494 ], [ -71.6755536, -33.3647067 ], [ -71.6753705, -33.3646575 ], [ -71.6752259, -33.3646134 ], [ -71.6750831, -33.3645653 ], [ -71.6749424, -33.3645132 ], [ -71.6743845, -33.3643053 ], [ -71.6743622, -33.3642962 ] ] } },
{ "type": "Feature", "properties": { "osm_id": "way/188248805", "name": "Pescadores Poniente", "source": "OpenStreetMap/Overpass", "highway": "footway", "surface": null }, "geometry": { "type": "LineString", "coordinates": [ [ -71.6734148, -33.3638997 ], [ -71.6733892, -33.3639298 ], [ -71.673324, -33.3640301 ], [ -71.6732382, -33.364281 ], [ -71.673045, -33.364505 ] ] } },
{ "type": "Feature", "properties": { "osm_id": "way/188248801", "name": null, "source": "OpenStreetMap/Overpass", "highway": "steps", "surface": "concrete" }, "geometry": { "type": "LineString", "coordinates": [ [ -71.6722218, -33.364188 ], [ -71.6724549, -33.363936 ], [ -71.672735, -33.3635958 ] ] } },
{ "type": "Feature", "properties": { "osm_id": "way/1153388533", "name": null, "source": "OpenStreetMap/Overpass", "highway": "footway", "surface": null }, "geometry": { "type": "LineString", "coordinates": [ [ -71.6731683, -33.3636561 ], [ -71.6730985, -33.3636068 ], [ -71.6729859, -33.3637157 ], [ -71.6729537, -33.3637383 ] ] } },
{ "type": "Feature", "properties": { "osm_id": "way/1507331154", "name": "Avenida Carlos Alessandri", "source": "OpenStreetMap/Overpass", "highway": "tertiary", "surface": "asphalt" }, "geometry": { "type": "LineString", "coordinates": [ [ -71.6743622, -33.3642962 ], [ -71.6740154, -33.3641548 ], [ -71.6733892, -33.3639298 ], [ -71.6732756, -33.3638898 ], [ -71.6731649, -33.3638444 ], [ -71.6730575, -33.3637938 ], [ -71.6729537, -33.3637383 ], [ -71.6728416, -33.36367 ], [ -71.672735, -33.3635958 ], [ -71.6724003, -33.3633422 ], [ -71.6720152, -33.3630449 ] ] } },
{ "type": "Feature", "properties": { "osm_id": "way/1153388532", "name": null, "source": "OpenStreetMap/Overpass", "highway": "steps", "surface": null }, "geometry": { "type": "LineString", "coordinates": [ [ -71.6731683, -33.3636561 ], [ -71.6731937, -33.3636706 ] ] } },
{ "type": "Feature", "properties": { "osm_id": "way/1333309911", "name": null, "source": "OpenStreetMap/Overpass", "highway": "footway", "surface": null }, "geometry": { "type": "LineString", "coordinates": [ [ -71.6727623, -33.3635703 ], [ -71.672735, -33.3635958 ] ] } },
{ "type": "Feature", "properties": { "osm_id": "way/1333309913", "name": null, "source": "OpenStreetMap/Overpass", "highway": "footway", "surface": null }, "geometry": { "type": "LineString", "coordinates": [ [ -71.682208, -33.3643212 ], [ -71.6821821, -33.3643083 ], [ -71.6821526, -33.3643029 ], [ -71.6821206, -33.3643061 ], [ -71.6820917, -33.3643182 ], [ -71.6820695, -33.3643376 ], [ -71.6818455, -33.3645292 ], [ -71.6815679, -33.3648585 ], [ -71.6814843, -33.3649478 ], [ -71.6813935, -33.3650321 ], [ -71.6812974, -33.3651099 ], [ -71.6811951, -33.3651822 ], [ -71.6810715, -33.3652607 ], [ -71.6810099, -33.3653003 ], [ -71.6809429, -33.3653334 ], [ -71.6808741, -33.3653587 ], [ -71.6808021, -33.3653771 ], [ -71.6807359, -33.365387 ], [ -71.6806688, -33.3653907 ], [ -71.6806016, -33.3653881 ], [ -71.6805352, -33.3653793 ], [ -71.6801517, -33.3653031 ], [ -71.6800827, -33.3652868 ], [ -71.6800149, -33.3652673 ], [ -71.6799335, -33.365239 ], [ -71.6798547, -33.3652061 ], [ -71.6797788, -33.3651687 ], [ -71.6791767, -33.3648484 ], [ -71.6790995, -33.3648145 ], [ -71.6790184, -33.3647879 ], [ -71.6789343, -33.3647688 ], [ -71.6788481, -33.3647577 ], [ -71.6787675, -33.3647544 ], [ -71.6786868, -33.364758 ], [ -71.678607, -33.3647685 ], [ -71.6785289, -33.3647857 ], [ -71.6781735, -33.3648909 ], [ -71.6780972, -33.3649075 ], [ -71.6780193, -33.3649178 ], [ -71.6779446, -33.3649217 ], [ -71.6778697, -33.3649199 ], [ -71.6777954, -33.3649122 ], [ -71.6765817, -33.3648159 ], [ -71.6763853, -33.3647975 ], [ -71.6761898, -33.3647734 ], [ -71.6759955, -33.3647437 ], [ -71.6758025, -33.3647084 ], [ -71.6756122, -33.3646678 ], [ -71.6754236, -33.3646217 ], [ -71.6752371, -33.3645703 ], [ -71.6750528, -33.3645135 ], [ -71.6735239, -33.3639344 ], [ -71.6734148, -33.3638997 ], [ -71.6733361, -33.3638708 ], [ -71.6732584, -33.3638403 ], [ -71.6731657, -33.3638013 ], [ -71.6730746, -33.3637598 ], [ -71.6729859, -33.3637157 ], [ -71.6729091, -33.363671 ], [ -71.6728339, -33.3636235 ], [ -71.6727623, -33.3635703 ], [ -71.6724261, -33.3633232 ], [ -71.6719325, -33.362942 ], [ -71.671641, -33.3627309 ], [ -71.6715599, -33.3626726 ], [ -71.6714489, -33.3626201 ], [ -71.6713467, -33.362572 ], [ -71.6712399, -33.3625313 ], [ -71.6707714, -33.3623347 ], [ -71.6687997, -33.361496 ], [ -71.6683888, -33.3613257 ], [ -71.6683006, -33.3613009 ], [ -71.6682097, -33.3612841 ], [ -71.6681172, -33.3612755 ], [ -71.6680241, -33.3612753 ], [ -71.6679352, -33.3612829 ], [ -71.6678478, -33.361298 ], [ -71.6677626, -33.3613206 ], [ -71.6676807, -33.3613503 ], [ -71.6675566, -33.3613908 ], [ -71.6674116, -33.3614265 ] ] } },
{ "type": "Feature", "properties": { "osm_id": "way/1153388530", "name": null, "source": "OpenStreetMap/Overpass", "highway": "service", "surface": "paved" }, "geometry": { "type": "LineString", "coordinates": [ [ -71.6724003, -33.3633422 ], [ -71.6724261, -33.3633232 ], [ -71.6726157, -33.3631677 ] ] } },
{ "type": "Feature", "properties": { "osm_id": "way/427904103", "name": null, "source": "OpenStreetMap/Overpass", "highway": "path", "surface": "ground" }, "geometry": { "type": "LineString", "coordinates": [ [ -71.68529, -33.3632143 ], [ -71.6852279, -33.3632993 ], [ -71.6853244, -33.3634382 ], [ -71.6854049, -33.363595 ], [ -71.685421, -33.3637608 ], [ -71.6855015, -33.3639355 ], [ -71.6855605, -33.364164 ], [ -71.685598, -33.3643835 ], [ -71.68548, -33.3645851 ], [ -71.6854747, -33.364733 ], [ -71.6856311, -33.3649413 ] ] } },
{ "type": "Feature", "properties": { "osm_id": "way/427904105", "name": null, "source": "OpenStreetMap/Overpass", "highway": "path", "surface": "ground" }, "geometry": { "type": "LineString", "coordinates": [ [ -71.68628089677739, -33.364130504989291 ], [ -71.6861774, -33.3641237 ], [ -71.6859253, -33.3640609 ], [ -71.6857697, -33.3639624 ], [ -71.6856302, -33.3637832 ], [ -71.6854747, -33.3636174 ], [ -71.6854049, -33.363595 ], [ -71.6851742, -33.3634426 ], [ -71.6848577, -33.3633172 ], [ -71.6846539, -33.3633396 ], [ -71.68445, -33.3633575 ], [ -71.6842033, -33.3634382 ], [ -71.6839726, -33.3635815 ], [ -71.6837741, -33.36381 ] ] } },
{ "type": "Feature", "properties": { "osm_id": "way/1333309914", "name": "José Toribio Merino", "source": "OpenStreetMap/Overpass", "highway": "tertiary", "surface": "unpaved" }, "geometry": { "type": "LineString", "coordinates": [ [ -71.682208, -33.3643212 ], [ -71.6826371, -33.3639849 ], [ -71.6829697, -33.3636803 ], [ -71.6834632, -33.3631516 ], [ -71.6837636, -33.3628648 ], [ -71.6840334, -33.3627327 ], [ -71.684195, -33.3626836 ] ] } },
{ "type": "Feature", "properties": { "osm_id": "way/402068338", "name": null, "source": "OpenStreetMap/Overpass", "highway": "service", "surface": null }, "geometry": { "type": "LineString", "coordinates": [ [ -71.6854862, -33.3629927 ], [ -71.6855188, -33.3629111 ], [ -71.6855263, -33.3628066 ], [ -71.6855064, -33.3627174 ], [ -71.6854421, -33.3626391 ], [ -71.6853781, -33.362581 ], [ -71.6852474, -33.3625217 ], [ -71.6851354, -33.3625082 ], [ -71.6849872, -33.3625222 ], [ -71.6847943, -33.3625516 ] ] } },
{ "type": "Feature", "properties": { "osm_id": "way/161479262", "name": null, "source": "OpenStreetMap/Overpass", "highway": "service", "surface": "unpaved" }, "geometry": { "type": "LineString", "coordinates": [ [ -71.6853005, -33.362747 ], [ -71.6850384, -33.3626748 ], [ -71.6846461, -33.3626802 ], [ -71.6843135, -33.3626802 ], [ -71.684195, -33.3626836 ] ] } },
{ "type": "Feature", "properties": { "osm_id": "way/402068339", "name": null, "source": "OpenStreetMap/Overpass", "highway": "service", "surface": null }, "geometry": { "type": "LineString", "coordinates": [ [ -71.6849459, -33.3622038 ], [ -71.6851855, -33.3622073 ], [ -71.6853822, -33.36225 ], [ -71.6855536, -33.3623187 ], [ -71.6856946, -33.3623997 ], [ -71.6857232, -33.3624589 ], [ -71.6857569, -33.3625285 ], [ -71.6858048, -33.3627232 ], [ -71.6858397, -33.3628232 ], [ -71.6858615, -33.3628815 ], [ -71.6858083, -33.3629523 ], [ -71.6857543, -33.3630387 ] ] } },
{ "type": "Feature", "properties": { "osm_id": "way/402068342", "name": null, "source": "OpenStreetMap/Overpass", "highway": "service", "surface": null }, "geometry": { "type": "LineString", "coordinates": [ [ -71.6847828, -33.3618295 ], [ -71.6848505, -33.3618167 ], [ -71.6849014, -33.3618075 ], [ -71.6850216, -33.361785 ], [ -71.6850508, -33.3619596 ], [ -71.6848757, -33.3619997 ], [ -71.6849459, -33.3622038 ], [ -71.6849872, -33.3625222 ] ] } },
{ "type": "Feature", "properties": { "osm_id": "way/402068340", "name": null, "source": "OpenStreetMap/Overpass", "highway": "service", "surface": null }, "geometry": { "type": "LineString", "coordinates": [ [ -71.6850508, -33.3619596 ], [ -71.6851932, -33.3619642 ], [ -71.6853572, -33.3619894 ], [ -71.6855048, -33.3620352 ], [ -71.6856989, -33.3621223 ], [ -71.6859201, -33.3622785 ] ] } },
{ "type": "Feature", "properties": { "osm_id": "way/786992772", "name": null, "source": "OpenStreetMap/Overpass", "highway": "service", "surface": null }, "geometry": { "type": "LineString", "coordinates": [ [ -71.6849014, -33.3618075 ], [ -71.6848652, -33.3616272 ] ] } },
{ "type": "Feature", "properties": { "osm_id": "way/104015219", "name": null, "source": "OpenStreetMap/Overpass", "highway": "service", "surface": null }, "geometry": { "type": "LineString", "coordinates": [ [ -71.6847828, -33.3618295 ], [ -71.6847024, -33.361325 ] ] } },
{ "type": "Feature", "properties": { "osm_id": "way/786992773", "name": null, "source": "OpenStreetMap/Overpass", "highway": "service", "surface": null }, "geometry": { "type": "LineString", "coordinates": [ [ -71.6848652, -33.3616272 ], [ -71.6848303, -33.3614415 ] ] } },
{ "type": "Feature", "properties": { "osm_id": "way/402068337", "name": null, "source": "OpenStreetMap/Overpass", "highway": "service", "surface": "unpaved" }, "geometry": { "type": "MultiLineString", "coordinates": [ [ [ -71.6846296, -33.3609536 ], [ -71.68554, -33.3606202 ], [ -71.686165943315871, -33.360391833709393 ] ], [ [ -71.686217524483752, -33.362069425914015 ], [ -71.6859201, -33.3622785 ], [ -71.6857232, -33.3624589 ], [ -71.6854421, -33.3626391 ], [ -71.6853005, -33.362747 ] ] ] } },
{ "type": "Feature", "properties": { "osm_id": "way/172467028", "name": null, "source": "OpenStreetMap/Overpass", "highway": "residential", "surface": "paved" }, "geometry": { "type": "LineString", "coordinates": [ [ -71.6591143, -33.3606648 ], [ -71.658672, -33.3608566 ] ] } },
{ "type": "Feature", "properties": { "osm_id": "way/146524524", "name": "Santiago", "source": "OpenStreetMap/Overpass", "highway": "residential", "surface": "paved" }, "geometry": { "type": "LineString", "coordinates": [ [ -71.6594051, -33.3611396 ], [ -71.6591143, -33.3606648 ], [ -71.6588837, -33.3602884 ], [ -71.6588619, -33.3602528 ], [ -71.6588383, -33.3602144 ], [ -71.658469624540956, -33.359662301638892 ] ] } },
{ "type": "Feature", "properties": { "osm_id": "way/1332880629", "name": "Lance Bravo", "source": "OpenStreetMap/Overpass", "highway": "residential", "surface": "unpaved" }, "geometry": { "type": "LineString", "coordinates": [ [ -71.6606422, -33.3598717 ], [ -71.6604698, -33.3600662 ], [ -71.6599826, -33.3603594 ], [ -71.6599572, -33.3603663 ], [ -71.6599305, -33.3603646 ], [ -71.6599102, -33.3603567 ], [ -71.659894, -33.3603437 ], [ -71.65954, -33.3598889 ], [ -71.6595182, -33.3598798 ], [ -71.6594948, -33.3598744 ], [ -71.6594705, -33.3598729 ], [ -71.6594436, -33.3598758 ], [ -71.6594181, -33.3598835 ], [ -71.6593951, -33.3598956 ], [ -71.6588619, -33.3602528 ] ] } },
{ "type": "Feature", "properties": { "osm_id": "way/721785559", "name": null, "source": "OpenStreetMap/Overpass", "highway": "service", "surface": null }, "geometry": { "type": "LineString", "coordinates": [ [ -71.658634, -33.359624 ], [ -71.6589485, -33.3601303 ] ] } },
{ "type": "Feature", "properties": { "osm_id": "way/721785558", "name": null, "source": "OpenStreetMap/Overpass", "highway": "service", "surface": null }, "geometry": { "type": "LineString", "coordinates": [ [ -71.659072, -33.3600326 ], [ -71.658795, -33.3595589 ], [ -71.658634, -33.359624 ], [ -71.6585938, -33.3595597 ] ] } },
{ "type": "Feature", "properties": { "osm_id": "way/721785560", "name": null, "source": "OpenStreetMap/Overpass", "highway": "service", "surface": null }, "geometry": { "type": "LineString", "coordinates": [ [ -71.6585938, -33.3595597 ], [ -71.6588365, -33.3594773 ], [ -71.6588868, -33.3594957 ], [ -71.6590305, -33.3597359 ] ] } },
{ "type": "Feature", "properties": { "osm_id": "way/721785557", "name": null, "source": "OpenStreetMap/Overpass", "highway": "service", "surface": null }, "geometry": { "type": "LineString", "coordinates": [ [ -71.6585938, -33.3595597 ], [ -71.658467741447609, -33.359600420491368 ] ] } },
{ "type": "Feature", "properties": { "osm_id": "way/1332880625", "name": null, "source": "OpenStreetMap/Overpass", "highway": "service", "surface": null }, "geometry": { "type": "LineString", "coordinates": [ [ -71.6605783, -33.3594596 ], [ -71.6607499, -33.359594 ], [ -71.6608787, -33.3594752 ] ] } },
{ "type": "Feature", "properties": { "osm_id": "way/1332880628", "name": "Lance Bravo", "source": "OpenStreetMap/Overpass", "highway": "residential", "surface": "asphalt" }, "geometry": { "type": "LineString", "coordinates": [ [ -71.6614366, -33.3590728 ], [ -71.6613392, -33.3591519 ], [ -71.6611743, -33.3593009 ], [ -71.6610423, -33.3594255 ], [ -71.6609433, -33.3595269 ], [ -71.6609164, -33.3595544 ], [ -71.660797, -33.3596876 ], [ -71.6606996, -33.3598052 ], [ -71.6606422, -33.3598717 ] ] } },
{ "type": "Feature", "properties": { "osm_id": "way/1160953097", "name": null, "source": "OpenStreetMap/Overpass", "highway": "service", "surface": null }, "geometry": { "type": "LineString", "coordinates": [ [ -71.6632789, -33.3598479 ], [ -71.6632529, -33.3598717 ], [ -71.6631607, -33.359939 ], [ -71.6630696, -33.3599206 ] ] } },
{ "type": "Feature", "properties": { "osm_id": "way/1160953098", "name": null, "source": "OpenStreetMap/Overpass", "highway": "footway", "surface": null }, "geometry": { "type": "LineString", "coordinates": [ [ -71.663115, -33.3596522 ], [ -71.6631792, -33.3597763 ], [ -71.6632529, -33.3598717 ], [ -71.6632844, -33.3599016 ], [ -71.6633455, -33.3599428 ], [ -71.6634137, -33.3599809 ], [ -71.6635056, -33.3600117 ] ] } },
{ "type": "Feature", "properties": { "osm_id": "way/1153388516", "name": null, "source": "OpenStreetMap/Overpass", "highway": "steps", "surface": null }, "geometry": { "type": "LineString", "coordinates": [ [ -71.6645884, -33.3598357 ], [ -71.664678, -33.3597889 ] ] } },
{ "type": "Feature", "properties": { "osm_id": "way/453435668", "name": "Avenida Carlos Alessandri", "source": "OpenStreetMap/Overpass", "highway": "secondary", "surface": "asphalt" }, "geometry": { "type": "LineString", "coordinates": [ [ -71.6655709, -33.3610307 ], [ -71.6654919, -33.36099 ], [ -71.6654078, -33.3609385 ], [ -71.6653291, -33.3608813 ], [ -71.6652565, -33.3608188 ], [ -71.6651904, -33.3607514 ], [ -71.6649717, -33.3604751 ], [ -71.6646074, -33.3600251 ], [ -71.664534, -33.3599387 ], [ -71.6644576, -33.3598541 ], [ -71.664348, -33.359741 ], [ -71.664233, -33.3596316 ], [ -71.6641128, -33.3595261 ], [ -71.6639877, -33.3594248 ], [ -71.6638852, -33.3593474 ], [ -71.6637797, -33.3592728 ], [ -71.6636528, -33.3591891 ], [ -71.6635223, -33.3591094 ], [ -71.6633882, -33.3590338 ], [ -71.6632473, -33.3589605 ], [ -71.6626257, -33.3586492 ], [ -71.662062, -33.358363 ] ] } },
{ "type": "Feature", "properties": { "osm_id": "way/172467030", "name": null, "source": "OpenStreetMap/Overpass", "highway": "service", "surface": null }, "geometry": { "type": "LineString", "coordinates": [ [ -71.6616722, -33.3590889 ], [ -71.6618682, -33.3592303 ], [ -71.6619057, -33.3593154 ], [ -71.6609562, -33.3602384 ], [ -71.660865, -33.3602474 ], [ -71.6607524, -33.3601398 ], [ -71.6607148, -33.3600547 ], [ -71.6607792, -33.3599203 ], [ -71.6608221, -33.359862 ], [ -71.6616722, -33.3590889 ] ] } },
{ "type": "Feature", "properties": { "osm_id": "way/1160953093", "name": null, "source": "OpenStreetMap/Overpass", "highway": "steps", "surface": null }, "geometry": { "type": "LineString", "coordinates": [ [ -71.663107, -33.3595301 ], [ -71.6631016, -33.3595693 ], [ -71.6631083, -33.359622 ], [ -71.663115, -33.3596522 ], [ -71.6630788, -33.3596612 ], [ -71.6630654, -33.3596253 ] ] } },
{ "type": "Feature", "properties": { "osm_id": "way/1160953096", "name": null, "source": "OpenStreetMap/Overpass", "highway": "path", "surface": "ground" }, "geometry": { "type": "LineString", "coordinates": [ [ -71.6630654, -33.3596253 ], [ -71.6630413, -33.3595951 ], [ -71.6628213, -33.3595346 ] ] } },
{ "type": "Feature", "properties": { "osm_id": "way/1474001967", "name": null, "source": "OpenStreetMap/Overpass", "highway": "footway", "surface": null }, "geometry": { "type": "LineString", "coordinates": [ [ -71.6641653, -33.3594813 ], [ -71.6641128, -33.3595261 ], [ -71.6640729, -33.3595672 ] ] } },
{ "type": "Feature", "properties": { "osm_id": "way/1296312620", "name": null, "source": "OpenStreetMap/Overpass", "highway": "service", "surface": null }, "geometry": { "type": "LineString", "coordinates": [ [ -71.6637294, -33.3593433 ], [ -71.6636647, -33.359426 ], [ -71.6634727, -33.3595152 ] ] } },
{ "type": "Feature", "properties": { "osm_id": "way/1298608299", "name": null, "source": "OpenStreetMap/Overpass", "highway": "service", "surface": null }, "geometry": { "type": "LineString", "coordinates": [ [ -71.6637797, -33.3592728 ], [ -71.6637548, -33.3593077 ], [ -71.6637294, -33.3593433 ] ] } },
{ "type": "Feature", "properties": { "osm_id": "way/1332880624", "name": null, "source": "OpenStreetMap/Overpass", "highway": "service", "surface": null }, "geometry": { "type": "LineString", "coordinates": [ [ -71.6606963, -33.3593341 ], [ -71.6608787, -33.3594752 ], [ -71.6609433, -33.3595269 ] ] } },
{ "type": "Feature", "properties": { "osm_id": "way/172467023", "name": "Obispo González", "source": "OpenStreetMap/Overpass", "highway": "residential", "surface": "dirt" }, "geometry": { "type": "LineString", "coordinates": [ [ -71.6596251, -33.3587824 ], [ -71.6596846, -33.3588468 ], [ -71.6597492, -33.3589077 ], [ -71.659836, -33.3589778 ], [ -71.6599296, -33.3590415 ], [ -71.6600293, -33.3590983 ], [ -71.6601344, -33.3591479 ], [ -71.660173, -33.359172 ], [ -71.6602383, -33.3592532 ], [ -71.6602974, -33.3593377 ], [ -71.66035, -33.3594252 ], [ -71.6604049, -33.3595349 ], [ -71.6604495, -33.3596477 ], [ -71.6604908, -33.3597144 ], [ -71.6605405, -33.359777 ], [ -71.6605887, -33.3598263 ], [ -71.6606422, -33.3598717 ] ] } },
{ "type": "Feature", "properties": { "osm_id": "way/400797123", "name": "Echazarreta", "source": "OpenStreetMap/Overpass", "highway": "residential", "surface": "dirt" }, "geometry": { "type": "LineString", "coordinates": [ [ -71.6601344, -33.3591479 ], [ -71.6597665, -33.3594146 ] ] } },
{ "type": "Feature", "properties": { "osm_id": "way/146524507", "name": "Camino Casablanca", "source": "OpenStreetMap/Overpass", "highway": "secondary", "surface": "asphalt" }, "geometry": { "type": "LineString", "coordinates": [ [ -71.658451470607332, -33.35906573735226 ], [ -71.6584846, -33.3590309 ], [ -71.6585486, -33.3589552 ], [ -71.6586057, -33.3588756 ], [ -71.6586553, -33.3587927 ], [ -71.6586972, -33.3587069 ], [ -71.6587316, -33.3586174 ], [ -71.6587577, -33.358526 ], [ -71.6587752, -33.3584331 ], [ -71.6588177, -33.3581338 ] ] } },
{ "type": "Feature", "properties": { "osm_id": "way/146526425", "name": "José Miguel Eizaguirre", "source": "OpenStreetMap/Overpass", "highway": "residential", "surface": "asphalt" }, "geometry": { "type": "LineString", "coordinates": [ [ -71.6586972, -33.3587069 ], [ -71.6591018, -33.3590446 ], [ -71.6591271, -33.3590661 ], [ -71.6591582, -33.3590814 ], [ -71.659193, -33.3590894 ], [ -71.6592226, -33.3590901 ], [ -71.6592516, -33.3590856 ], [ -71.6592789, -33.359076 ], [ -71.6594678, -33.3589645 ], [ -71.6595107, -33.3589358 ], [ -71.6595485, -33.3589026 ], [ -71.6595806, -33.3588654 ], [ -71.6596062, -33.3588251 ], [ -71.6596251, -33.3587824 ] ] } },
{ "type": "Feature", "properties": { "osm_id": "way/172467031", "name": "Corina Aravena", "source": "OpenStreetMap/Overpass", "highway": "residential", "surface": "paved" }, "geometry": { "type": "LineString", "coordinates": [ [ -71.6588296, -33.3580116 ], [ -71.6587793, -33.3580146 ], [ -71.6586837, -33.3580409 ], [ -71.6585807, -33.3580876 ], [ -71.658424185933072, -33.358169123837975 ] ] } },
{ "type": "Feature", "properties": { "osm_id": "way/146526406", "name": "Corina Aravena", "source": "OpenStreetMap/Overpass", "highway": "residential", "surface": "paved" }, "geometry": { "type": "LineString", "coordinates": [ [ -71.65842118492607, -33.358070506445145 ], [ -71.6586477, -33.3579652 ], [ -71.6588391, -33.3579394 ] ] } },
{ "type": "Feature", "properties": { "osm_id": "way/1473722835", "name": null, "source": "OpenStreetMap/Overpass", "highway": "steps", "surface": "ground" }, "geometry": { "type": "LineString", "coordinates": [ [ -71.6605107, -33.3587395 ], [ -71.660636, -33.3585492 ] ] } },
{ "type": "Feature", "properties": { "osm_id": "way/1332880626", "name": "José Miguel Eizaguirre", "source": "OpenStreetMap/Overpass", "highway": "residential", "surface": "dirt" }, "geometry": { "type": "LineString", "coordinates": [ [ -71.6596251, -33.3587824 ], [ -71.6596536, -33.3586772 ], [ -71.6596894, -33.3585902 ], [ -71.6598065, -33.3584253 ] ] } },
{ "type": "Feature", "properties": { "osm_id": "way/146526385", "name": "Julio Hurtado", "source": "OpenStreetMap/Overpass", "highway": "residential", "surface": "dirt" }, "geometry": { "type": "LineString", "coordinates": [ [ -71.6588391, -33.3579394 ], [ -71.6598065, -33.3584253 ], [ -71.6605107, -33.3587395 ], [ -71.6613392, -33.3591519 ] ] } },
{ "type": "Feature", "properties": { "osm_id": "way/1160953094", "name": null, "source": "OpenStreetMap/Overpass", "highway": "footway", "surface": null }, "geometry": { "type": "LineString", "coordinates": [ [ -71.663107, -33.3595301 ], [ -71.6632847, -33.3590821 ] ] } },
{ "type": "Feature", "properties": { "osm_id": "way/1332943038", "name": null, "source": "OpenStreetMap/Overpass", "highway": "footway", "surface": null }, "geometry": { "type": "LineString", "coordinates": [ [ -71.666958, -33.3615605 ], [ -71.666326, -33.3613256 ], [ -71.6660877, -33.3612563 ], [ -71.6658515, -33.3611823 ], [ -71.6655993, -33.3610972 ], [ -71.6655192, -33.3610664 ], [ -71.6654421, -33.3610305 ], [ -71.6653687, -33.3609897 ], [ -71.6652957, -33.3609417 ], [ -71.6652278, -33.3608888 ], [ -71.6651652, -33.3608315 ], [ -71.6651085, -33.3607701 ], [ -71.664505, -33.3600151 ], [ -71.6643674, -33.3598577 ], [ -71.6642207, -33.359706 ], [ -71.6640729, -33.3595672 ], [ -71.6639175, -33.3594344 ], [ -71.6637548, -33.3593077 ], [ -71.6633671, -33.3590781 ], [ -71.6632174, -33.3590023 ], [ -71.6630118, -33.3588984 ], [ -71.662901, -33.3588424 ], [ -71.6623458, -33.3585702 ], [ -71.662028, -33.3584134 ], [ -71.6619518, -33.3583748 ], [ -71.6609514, -33.3577504 ], [ -71.6606078, -33.357506 ], [ -71.6605485, -33.3574702 ], [ -71.6604857, -33.3574388 ], [ -71.66042, -33.3574119 ], [ -71.660329, -33.3573836 ], [ -71.6602347, -33.3573641 ], [ -71.6601384, -33.3573537 ], [ -71.6595939, -33.3572753 ], [ -71.6595219, -33.3572619 ], [ -71.6594515, -33.3572436 ], [ -71.6593833, -33.3572203 ], [ -71.6593176, -33.3571924 ], [ -71.6592359, -33.3571487 ], [ -71.6591605, -33.3570977 ], [ -71.6590923, -33.35704 ], [ -71.6591367, -33.3569902 ] ] } },
{ "type": "Feature", "properties": { "osm_id": "way/172467026", "name": null, "source": "OpenStreetMap/Overpass", "highway": "service", "surface": null }, "geometry": { "type": "LineString", "coordinates": [ [ -71.6616722, -33.3590889 ], [ -71.6617039, -33.3590579 ] ] } },
{ "type": "Feature", "properties": { "osm_id": "way/172467029", "name": null, "source": "OpenStreetMap/Overpass", "highway": "service", "surface": null }, "geometry": { "type": "LineString", "coordinates": [ [ -71.6618981, -33.358687 ], [ -71.6619025, -33.3587144 ], [ -71.6619048, -33.3587287 ], [ -71.6619155, -33.3587601 ], [ -71.6619307, -33.3587901 ], [ -71.6619503, -33.3588183 ], [ -71.66235, -33.3592037 ], [ -71.6623748, -33.3592243 ], [ -71.6623926, -33.3592495 ], [ -71.6624023, -33.3592776 ], [ -71.6624032, -33.3593069 ], [ -71.6623952, -33.3593354 ], [ -71.6623789, -33.3593613 ], [ -71.6623554, -33.3593829 ], [ -71.6623266, -33.3593987 ], [ -71.6622941, -33.359408 ], [ -71.6622599, -33.3594104 ], [ -71.662226, -33.3594056 ], [ -71.6621946, -33.3593939 ], [ -71.6621676, -33.3593762 ], [ -71.6617039, -33.3590579 ], [ -71.6616799, -33.3590384 ], [ -71.6616516, -33.3590233 ], [ -71.6616203, -33.3590133 ], [ -71.6615873, -33.3590087 ], [ -71.6615519, -33.35901 ], [ -71.6615176, -33.3590175 ], [ -71.6614861, -33.359031 ], [ -71.6614586, -33.3590497 ], [ -71.6614366, -33.3590728 ] ] } },
{ "type": "Feature", "properties": { "osm_id": "way/1332943036", "name": null, "source": "OpenStreetMap/Overpass", "highway": "footway", "surface": null }, "geometry": { "type": "LineString", "coordinates": [ [ -71.6632174, -33.3590023 ], [ -71.6632473, -33.3589605 ], [ -71.6632777, -33.358918 ] ] } },
{ "type": "Feature", "properties": { "osm_id": "way/1153388512", "name": null, "source": "OpenStreetMap/Overpass", "highway": "steps", "surface": null }, "geometry": { "type": "LineString", "coordinates": [ [ -71.6615873, -33.3590087 ], [ -71.6615961, -33.3589342 ], [ -71.6618266, -33.3587613 ], [ -71.6618574, -33.3587311 ] ] } },
{ "type": "Feature", "properties": { "osm_id": "way/1332943037", "name": null, "source": "OpenStreetMap/Overpass", "highway": "footway", "surface": null }, "geometry": { "type": "LineString", "coordinates": [ [ -71.6674116, -33.3614265 ], [ -71.6670102, -33.3614287 ], [ -71.6665757, -33.3612921 ], [ -71.665763, -33.3610412 ], [ -71.6656684, -33.3610078 ], [ -71.6655778, -33.3609674 ], [ -71.6654921, -33.3609202 ], [ -71.665407, -33.3608632 ], [ -71.665329, -33.3607995 ], [ -71.6652587, -33.3607298 ], [ -71.664522, -33.359845 ], [ -71.6644116, -33.3597181 ], [ -71.6642926, -33.3595967 ], [ -71.6641653, -33.3594813 ], [ -71.6640303, -33.3593722 ], [ -71.6639038, -33.3592807 ], [ -71.6637732, -33.3591932 ], [ -71.6636387, -33.3591101 ], [ -71.6635042, -33.3590334 ], [ -71.6633665, -33.3589609 ], [ -71.6632777, -33.358918 ], [ -71.6632256, -33.3588928 ], [ -71.6623592, -33.3584682 ], [ -71.6622372, -33.3584091 ], [ -71.6621178, -33.3583461 ], [ -71.6619596, -33.3582543 ], [ -71.6617235, -33.3581194 ], [ -71.6614922, -33.3579788 ], [ -71.6612659, -33.3578325 ], [ -71.661045, -33.3576808 ], [ -71.6609111, -33.3575843 ], [ -71.6607794, -33.3574858 ], [ -71.6607029, -33.3574348 ], [ -71.6606209, -33.3573902 ], [ -71.660534, -33.3573525 ], [ -71.6604493, -33.3573239 ], [ -71.6603619, -33.3573018 ], [ -71.6602725, -33.3572865 ], [ -71.6596556, -33.3571879 ], [ -71.6595825, -33.3571751 ], [ -71.6595112, -33.3571565 ], [ -71.6594424, -33.3571323 ], [ -71.6593766, -33.3571027 ], [ -71.659303, -33.3570607 ], [ -71.6592357, -33.357012 ], [ -71.6591755, -33.3569571 ], [ -71.6587865, -33.3565292 ], [ -71.6587193, -33.3564725 ], [ -71.6586458, -33.3564215 ], [ -71.6585666, -33.3563769 ], [ -71.6585335, -33.3564114 ], [ -71.6585049, -33.3564598 ], [ -71.658446, -33.3564327 ], [ -71.6583842, -33.3564105 ], [ -71.658370556688624, -33.356406789976731 ] ] } },
{ "type": "Feature", "properties": { "osm_id": "way/990513531", "name": null, "source": "OpenStreetMap/Overpass", "highway": "footway", "surface": null }, "geometry": { "type": "LineString", "coordinates": [ [ -71.6618574, -33.3587311 ], [ -71.6618818, -33.3587236 ], [ -71.6619025, -33.3587144 ] ] } },
{ "type": "Feature", "properties": { "osm_id": "way/1332880623", "name": null, "source": "OpenStreetMap/Overpass", "highway": "service", "surface": null }, "geometry": { "type": "LineString", "coordinates": [ [ -71.661093, -33.3584234 ], [ -71.6612729, -33.358559 ], [ -71.6615626, -33.3587942 ] ] } },
{ "type": "Feature", "properties": { "osm_id": "way/1332880620", "name": null, "source": "OpenStreetMap/Overpass", "highway": "steps", "surface": null }, "geometry": { "type": "LineString", "coordinates": [ [ -71.6615626, -33.3587942 ], [ -71.6616404, -33.3587359 ], [ -71.6619518, -33.3583748 ], [ -71.6619967, -33.3583228 ] ] } },
{ "type": "Feature", "properties": { "osm_id": "way/1362858809", "name": null, "source": "OpenStreetMap/Overpass", "highway": "service", "surface": null }, "geometry": { "type": "LineString", "coordinates": [ [ -71.662062, -33.358363 ], [ -71.662028, -33.3584134 ], [ -71.6619263, -33.3585641 ], [ -71.661909, -33.3586036 ], [ -71.6618995, -33.3586449 ], [ -71.6618981, -33.358687 ] ] } },
{ "type": "Feature", "properties": { "osm_id": "way/1332880622", "name": "Avenida Carlos Alessandri", "source": "OpenStreetMap/Overpass", "highway": "secondary", "surface": "asphalt" }, "geometry": { "type": "LineString", "coordinates": [ [ -71.662062, -33.358363 ], [ -71.6619967, -33.3583228 ], [ -71.660991, -33.3577039 ] ] } },
{ "type": "Feature", "properties": { "osm_id": "way/146526387", "name": null, "source": "OpenStreetMap/Overpass", "highway": "footway", "surface": "ground" }, "geometry": { "type": "LineString", "coordinates": [ [ -71.660636, -33.3585492 ], [ -71.6608179, -33.3582728 ] ] } },
{ "type": "Feature", "properties": { "osm_id": "way/146526411", "name": "Veintiseis", "source": "OpenStreetMap/Overpass", "highway": "residential", "surface": "unpaved" }, "geometry": { "type": "LineString", "coordinates": [ [ -71.6605839, -33.3581509 ], [ -71.6608179, -33.3582728 ], [ -71.661093, -33.3584234 ] ] } },
{ "type": "Feature", "properties": { "osm_id": "way/146524511", "name": "Camino Casablanca", "source": "OpenStreetMap/Overpass", "highway": "secondary", "surface": "asphalt" }, "geometry": { "type": "LineString", "coordinates": [ [ -71.6588177, -33.3581338 ], [ -71.6588296, -33.3580116 ], [ -71.6588391, -33.3579394 ], [ -71.6588493, -33.357841 ], [ -71.6588674, -33.3577906 ], [ -71.6588936, -33.3577427 ], [ -71.6589273, -33.3576982 ], [ -71.6589678, -33.3576579 ], [ -71.6590146, -33.3576225 ], [ -71.6590666, -33.3575928 ], [ -71.6591279, -33.3575675 ], [ -71.659193, -33.35755 ], [ -71.6592605, -33.3575407 ], [ -71.6593288, -33.3575397 ], [ -71.6593966, -33.3575472 ], [ -71.6594624, -33.3575628 ], [ -71.6597194, -33.3576287 ], [ -71.6597967, -33.3576493 ], [ -71.6598711, -33.3576762 ], [ -71.659942, -33.357709 ], [ -71.660003, -33.357744 ], [ -71.6600327, -33.3577626 ], [ -71.6600601, -33.3577834 ], [ -71.6600956, -33.3578173 ], [ -71.6601253, -33.3578549 ], [ -71.6601486, -33.3578955 ], [ -71.6601652, -33.3579384 ], [ -71.6601729, -33.3579779 ], [ -71.6601879, -33.358016 ], [ -71.66021, -33.3580516 ], [ -71.6602385, -33.3580838 ], [ -71.6602775, -33.3581151 ], [ -71.6603225, -33.3581401 ], [ -71.6603721, -33.358158 ], [ -71.6604248, -33.3581682 ], [ -71.6604788, -33.3581704 ], [ -71.6605324, -33.3581646 ], [ -71.6605839, -33.3581509 ], [ -71.6606189, -33.3581361 ], [ -71.6606512, -33.3581176 ], [ -71.6606804, -33.3580957 ], [ -71.6608245, -33.3578992 ], [ -71.6609514, -33.3577504 ], [ -71.660991, -33.3577039 ] ] } },
{ "type": "Feature", "properties": { "osm_id": "way/1332880621", "name": "Avenida Carlos Alessandri", "source": "OpenStreetMap/Overpass", "highway": "secondary", "surface": "asphalt" }, "geometry": { "type": "LineString", "coordinates": [ [ -71.660991, -33.3577039 ], [ -71.6606199, -33.3574309 ] ] } },
{ "type": "Feature", "properties": { "osm_id": "way/146524513", "name": "Guillermo Schmidt", "source": "OpenStreetMap/Overpass", "highway": "residential", "surface": "asphalt" }, "geometry": { "type": "LineString", "coordinates": [ [ -71.658413958642399, -33.357833040403158 ], [ -71.6586097, -33.357882 ], [ -71.6588391, -33.3579394 ] ] } },
{ "type": "Feature", "properties": { "osm_id": "way/146524495", "name": "Avenida Carlos Alessandri", "source": "OpenStreetMap/Overpass", "highway": "secondary", "surface": "paved" }, "geometry": { "type": "LineString", "coordinates": [ [ -71.6606199, -33.3574309 ], [ -71.6605569, -33.3574 ], [ -71.6604912, -33.3573733 ], [ -71.6604264, -33.3573519 ], [ -71.6603599, -33.3573345 ], [ -71.660292, -33.3573213 ], [ -71.6596678, -33.3572319 ], [ -71.659583, -33.3572202 ], [ -71.6595002, -33.357201 ], [ -71.6594203, -33.3571744 ], [ -71.6593444, -33.3571408 ], [ -71.6592683, -33.3570974 ], [ -71.6591988, -33.357047 ], [ -71.6591367, -33.3569902 ], [ -71.6587296, -33.3565386 ], [ -71.6586695, -33.3564908 ], [ -71.6586039, -33.3564482 ], [ -71.6585335, -33.3564114 ], [ -71.6584623, -33.3563819 ], [ -71.6583881, -33.3563582 ], [ -71.658368944295532, -33.356353804427663 ] ] } },
{ "type": "Feature", "properties": { "osm_id": "way/1473722831", "name": null, "source": "OpenStreetMap/Overpass", "highway": "footway", "surface": null }, "geometry": { "type": "LineString", "coordinates": [ [ -71.658367522515107, -33.356307082684879 ], [ -71.6585666, -33.3563769 ] ] } }
]
}
