{
"type": "FeatureCollection",
"name": "roads_osm_renaca",
"crs": { "type": "name", "properties": { "name": "urn:ogc:def:crs:OGC:1.3:CRS84" } },
"features": [
{ "type": "Feature", "properties": { "osm_id": "way/1084130326", "name": null, "source": "OpenStreetMap/Overpass", "highway": "footway", "surface": null }, "geometry": { "type": "LineString", "coordinates": [ [ -71.545976184399507, -32.978954611660924 ], [ -71.5459272, -32.9789227 ], [ -71.5458138, -32.9788243 ] ] } },
{ "type": "Feature", "properties": { "osm_id": "way/1084343186", "name": null, "source": "OpenStreetMap/Overpass", "highway": "cycleway", "surface": null }, "geometry": { "type": "LineString", "coordinates": [ [ -71.5459024, -32.9789345 ], [ -71.545922411436138, -32.97895570905861 ] ] } },
{ "type": "Feature", "properties": { "osm_id": "way/1084343182", "name": "Avenida Jardín del Mar", "source": "OpenStreetMap/Overpass", "highway": "tertiary", "surface": "paved" }, "geometry": { "type": "LineString", "coordinates": [ [ -71.5456651, -32.9788779 ], [ -71.545841047517584, -32.978957369532026 ] ] } },
{ "type": "Feature", "properties": { "osm_id": "way/56218063", "name": "Avenida Borgoño", "source": "OpenStreetMap/Overpass", "highway": "primary", "surface": "paved" }, "geometry": { "type": "LineString", "coordinates": [ [ -71.545857551041379, -32.978957032728403 ], [ -71.5457406, -32.9788185 ] ] } },
{ "type": "Feature", "properties": { "osm_id": "way/1084343184", "name": null, "source": "OpenStreetMap/Overpass", "highway": "cycleway", "surface": null }, "geometry": { "type": "LineString", "coordinates": [ [ -71.5459024, -32.9789345 ], [ -71.5458138, -32.9788243 ] ] } },
{ "type": "Feature", "properties": { "osm_id": "way/1084130323", "name": null, "source": "OpenStreetMap/Overpass", "highway": "footway", "surface": null }, "geometry": { "type": "LineString", "coordinates": [ [ -71.545888946897506, -32.978956392002324 ], [ -71.5455544, -32.9787983 ], [ -71.5454257, -32.9786756 ] ] } },
{ "type": "Feature", "properties": { "osm_id": "way/25106026", "name": "Avenida Jardín del Mar", "source": "OpenStreetMap/Overpass", "highway": "tertiary", "surface": "asphalt" }, "geometry": { "type": "LineString", "coordinates": [ [ -71.545662956555688, -32.978961004009243 ], [ -71.5456162, -32.9789409 ], [ -71.5455497, -32.9789032 ], [ -71.545489, -32.9788592 ], [ -71.5454349, -32.9788094 ], [ -71.5453884, -32.9787545 ], [ -71.54535, -32.9786954 ], [ -71.5453202, -32.9786329 ], [ -71.5452996, -32.9785678 ], [ -71.5452899, -32.9785148 ], [ -71.5452862, -32.9784612 ], [ -71.5453105, -32.9782977 ] ] } },
{ "type": "Feature", "properties": { "osm_id": "way/56218061", "name": "Avenida Borgoño", "source": "OpenStreetMap/Overpass", "highway": "primary", "surface": "asphalt" }, "geometry": { "type": "LineString", "coordinates": [ [ -71.5457406, -32.9788185 ], [ -71.5456184, -32.9786304 ], [ -71.5455251, -32.9784216 ] ] } },
{ "type": "Feature", "properties": { "osm_id": "way/26695881", "name": "Subida Fuerte Vergara", "source": "OpenStreetMap/Overpass", "highway": "unclassified", "surface": "paved" }, "geometry": { "type": "LineString", "coordinates": [ [ -71.5421378, -32.9770803 ], [ -71.5421509, -32.9771196 ], [ -71.5424586, -32.9775781 ], [ -71.5425292, -32.978595 ], [ -71.5424668, -32.9787774 ], [ -71.5424357, -32.9788938 ], [ -71.542460033372649, -32.979026369209116 ] ] } },
{ "type": "Feature", "properties": { "osm_id": "way/1117468675", "name": "Halimeda", "source": "OpenStreetMap/Overpass", "highway": "residential", "surface": "asphalt" }, "geometry": { "type": "LineString", "coordinates": [ [ -71.5431991, -32.9756763 ], [ -71.5432111, -32.975659 ], [ -71.5437247, -32.974909 ] ] } },
{ "type": "Feature", "properties": { "osm_id": "way/1148283678", "name": null, "source": "OpenStreetMap/Overpass", "highway": "service", "surface": null }, "geometry": { "type": "LineString", "coordinates": [ [ -71.543672, -32.9748743 ], [ -71.5437247, -32.974909 ] ] } },
{ "type": "Feature", "properties": { "osm_id": "way/1084343189", "name": null, "source": "OpenStreetMap/Overpass", "highway": "footway", "surface": null }, "geometry": { "type": "LineString", "coordinates": [ [ -71.5439802, -32.9742834 ], [ -71.5440497, -32.974405 ], [ -71.5441208, -32.9744759 ] ] } },
{ "type": "Feature", "properties": { "osm_id": "way/1064733188", "name": null, "source": "OpenStreetMap/Overpass", "highway": "footway", "surface": null }, "geometry": { "type": "LineString", "coordinates": [ [ -71.5449665, -32.9739781 ], [ -71.5449709, -32.9739347 ], [ -71.5447219, -32.9738011 ], [ -71.544674, -32.9737716 ], [ -71.5444996, -32.9736191 ], [ -71.5443836, -32.9734622 ], [ -71.5442883, -32.9732756 ], [ -71.5442465, -32.9732883 ], [ -71.5441969, -32.9732946 ], [ -71.5441208, -32.9732231 ], [ -71.5440396, -32.9732006 ], [ -71.5438552, -32.9731755 ], [ -71.5436896, -32.9731533 ] ] } },
{ "type": "Feature", "properties": { "osm_id": "way/340031167", "name": "Escalera Jardín del Mar", "source": "OpenStreetMap/Overpass", "highway": "steps", "surface": "paving_stones" }, "geometry": { "type": "LineString", "coordinates": [ [ -71.5439143, -32.9732634 ], [ -71.5434716, -32.9737321 ] ] } },
{ "type": "Feature", "properties": { "osm_id": "way/1084343176", "name": "Avenida Borgoño", "source": "OpenStreetMap/Overpass", "highway": "primary", "surface": "asphalt" }, "geometry": { "type": "LineString", "coordinates": [ [ -71.544325, -32.9734953 ], [ -71.5442509, -32.9733045 ], [ -71.5442465, -32.9732883 ] ] } },
{ "type": "Feature", "properties": { "osm_id": "way/23334631", "name": "Avenida Benjamín Vicuña Mackenna", "source": "OpenStreetMap/Overpass", "highway": "secondary", "surface": "asphalt" }, "geometry": { "type": "LineString", "coordinates": [ [ -71.544325, -32.9734953 ], [ -71.544225, -32.973376 ], [ -71.5441985, -32.9733471 ], [ -71.5441723, -32.9733198 ], [ -71.5441319, -32.9732897 ], [ -71.5440855, -32.9732664 ], [ -71.5440348, -32.9732508 ] ] } },
{ "type": "Feature", "properties": { "osm_id": "way/1084343174", "name": null, "source": "OpenStreetMap/Overpass", "highway": "footway", "surface": "paving_stones" }, "geometry": { "type": "LineString", "coordinates": [ [ -71.5436842, -32.9732422 ], [ -71.5439143, -32.9732634 ] ] } },
{ "type": "Feature", "properties": { "osm_id": "way/1414719509", "name": "Avenida Borgoño", "source": "OpenStreetMap/Overpass", "highway": "primary", "surface": "asphalt" }, "geometry": { "type": "LineString", "coordinates": [ [ -71.5442465, -32.9732883 ], [ -71.5442122, -32.9732068 ] ] } },
{ "type": "Feature", "properties": { "osm_id": "way/1084343183", "name": "Avenida Jardín del Mar", "source": "OpenStreetMap/Overpass", "highway": "tertiary", "surface": "paved" }, "geometry": { "type": "LineString", "coordinates": [ [ -71.5453105, -32.9782977 ], [ -71.5453366, -32.9784567 ], [ -71.5453562, -32.9785402 ], [ -71.545393, -32.9786415 ], [ -71.54545, -32.9787237 ], [ -71.5454867, -32.9787631 ], [ -71.5455282, -32.978799 ], [ -71.5455707, -32.978829 ], [ -71.5456165, -32.9788554 ], [ -71.5456651, -32.9788779 ] ] } },
{ "type": "Feature", "properties": { "osm_id": "way/25106005", "name": null, "source": "OpenStreetMap/Overpass", "highway": "primary_link", "surface": "paving_stones" }, "geometry": { "type": "LineString", "coordinates": [ [ -71.5453366, -32.9784567 ], [ -71.5453721, -32.9784601 ], [ -71.5454095, -32.9784642 ], [ -71.545447, -32.9784606 ], [ -71.545476, -32.9784521 ], [ -71.5455023, -32.9784389 ], [ -71.5455251, -32.9784216 ] ] } },
{ "type": "Feature", "properties": { "osm_id": "way/378583891", "name": null, "source": "OpenStreetMap/Overpass", "highway": "footway", "surface": "concrete" }, "geometry": { "type": "LineString", "coordinates": [ [ -71.5447069, -32.9744024 ], [ -71.5447767, -32.974478 ], [ -71.5450193, -32.9745475 ], [ -71.5451703, -32.9746457 ], [ -71.5452814, -32.9747387 ], [ -71.5453006, -32.9747659 ], [ -71.5454047, -32.9749134 ], [ -71.5454644, -32.9750606 ], [ -71.5454893, -32.9751259 ], [ -71.5455091, -32.9751925 ], [ -71.5455236, -32.97526 ], [ -71.5455337, -32.9753403 ], [ -71.5455365, -32.975421 ], [ -71.5455317, -32.9755017 ], [ -71.5455195, -32.9755818 ], [ -71.5454941, -32.976591 ], [ -71.5453519, -32.9772829 ], [ -71.5453251, -32.9775461 ], [ -71.5453425, -32.9779646 ], [ -71.5453721, -32.9784601 ], [ -71.54537, -32.9785058 ], [ -71.5454257, -32.9786756 ] ] } },
{ "type": "Feature", "properties": { "osm_id": "way/25106058", "name": "Avenida Jardín del Mar", "source": "OpenStreetMap/Overpass", "highway": "tertiary", "surface": "asphalt" }, "geometry": { "type": "LineString", "coordinates": [ [ -71.5453105, -32.9782977 ], [ -71.5453069, -32.9780306 ], [ -71.5452947, -32.9776213 ], [ -71.5452951, -32.9775158 ], [ -71.5453005, -32.9774104 ], [ -71.5453108, -32.9773064 ], [ -71.5453259, -32.9772029 ], [ -71.5454142, -32.9767825 ], [ -71.5454324, -32.9766704 ], [ -71.5454458, -32.9765578 ], [ -71.5454536, -32.9764565 ], [ -71.5454575, -32.976355 ], [ -71.5454716, -32.9759294 ], [ -71.5454773, -32.9756349 ], [ -71.5454741, -32.9753814 ], [ -71.5454672, -32.9752893 ], [ -71.5454493, -32.9751983 ], [ -71.5454207, -32.9751092 ], [ -71.5453816, -32.975023 ], [ -71.5453324, -32.9749404 ], [ -71.5452736, -32.9748625 ], [ -71.5452058, -32.9747898 ], [ -71.5451316, -32.9747247 ], [ -71.5450502, -32.974666 ], [ -71.5449624, -32.9746143 ], [ -71.544869, -32.97457 ], [ -71.5446181, -32.9744837 ], [ -71.5442244, -32.9743797 ] ] } },
{ "type": "Feature", "properties": { "osm_id": "way/1084130324", "name": null, "source": "OpenStreetMap/Overpass", "highway": "footway", "surface": null }, "geometry": { "type": "LineString", "coordinates": [ [ -71.5447767, -32.974478 ], [ -71.5441704, -32.9743217 ], [ -71.5441344, -32.9743524 ] ] } },
{ "type": "Feature", "properties": { "osm_id": "way/335370490", "name": null, "source": "OpenStreetMap/Overpass", "highway": "steps", "surface": null }, "geometry": { "type": "LineString", "coordinates": [ [ -71.5447069, -32.9744024 ], [ -71.5445118, -32.9742697 ], [ -71.5446505, -32.9742749 ], [ -71.5447767, -32.9742539 ], [ -71.5447701, -32.9742229 ], [ -71.5448323, -32.9741508 ] ] } },
{ "type": "Feature", "properties": { "osm_id": "way/23407677", "name": null, "source": "OpenStreetMap/Overpass", "highway": "primary_link", "surface": "concrete" }, "geometry": { "type": "LineString", "coordinates": [ [ -71.5454885, -32.9740543 ], [ -71.5454919, -32.9740801 ], [ -71.5454893, -32.9741059 ], [ -71.5454808, -32.9741308 ], [ -71.5454665, -32.9741538 ], [ -71.5454486, -32.9741728 ], [ -71.5454268, -32.9741888 ], [ -71.5454006, -32.9742017 ], [ -71.5453719, -32.9742101 ] ] } },
{ "type": "Feature", "properties": { "osm_id": "way/1414719511", "name": "Avenida Borgoño", "source": "OpenStreetMap/Overpass", "highway": "primary", "surface": "asphalt" }, "geometry": { "type": "LineString", "coordinates": [ [ -71.5453719, -32.9742101 ], [ -71.5452944, -32.9741501 ], [ -71.5452114, -32.9740955 ], [ -71.5451331, -32.9740515 ], [ -71.5450514, -32.9740123 ], [ -71.5449665, -32.9739781 ] ] } },
{ "type": "Feature", "properties": { "osm_id": "way/378583890", "name": null, "source": "OpenStreetMap/Overpass", "highway": "footway", "surface": null }, "geometry": { "type": "LineString", "coordinates": [ [ -71.5448323, -32.9741508 ], [ -71.5449665, -32.9739781 ] ] } },
{ "type": "Feature", "properties": { "osm_id": "way/1085370719", "name": null, "source": "OpenStreetMap/Overpass", "highway": "footway", "surface": null }, "geometry": { "type": "LineString", "coordinates": [ [ -71.5454242, -32.9737907 ], [ -71.5454901, -32.9739358 ], [ -71.5455956, -32.9741421 ] ] } },
{ "type": "Feature", "properties": { "osm_id": "way/23407674", "name": "Avenida Ignacio Carrera Pinto", "source": "OpenStreetMap/Overpass", "highway": "primary", "surface": "paved" }, "geometry": { "type": "LineString", "coordinates": [ [ -71.5453493, -32.9737821 ], [ -71.5454885, -32.9740543 ] ] } },
{ "type": "Feature", "properties": { "osm_id": "way/1104544073", "name": null, "source": "OpenStreetMap/Overpass", "highway": "service", "surface": null }, "geometry": { "type": "LineString", "coordinates": [ [ -71.5446877, -32.973841 ], [ -71.5447219, -32.9738011 ], [ -71.5447374, -32.9737829 ], [ -71.5447574, -32.9737659 ], [ -71.5448213, -32.9737117 ], [ -71.5449001, -32.9738371 ] ] } },
{ "type": "Feature", "properties": { "osm_id": "way/24937324", "name": "Avenida Borgoño", "source": "OpenStreetMap/Overpass", "highway": "primary", "surface": "paved" }, "geometry": { "type": "LineString", "coordinates": [ [ -71.5449665, -32.9739781 ], [ -71.5448694, -32.9739386 ], [ -71.5447762, -32.9738928 ], [ -71.5446877, -32.973841 ], [ -71.5445945, -32.9737763 ], [ -71.5445085, -32.9737049 ], [ -71.5444304, -32.9736274 ], [ -71.5443606, -32.9735445 ], [ -71.544325, -32.9734953 ] ] } },
{ "type": "Feature", "properties": { "osm_id": "way/1414719510", "name": null, "source": "OpenStreetMap/Overpass", "highway": "service", "surface": null }, "geometry": { "type": "LineString", "coordinates": [ [ -71.5447574, -32.9737659 ], [ -71.5446909, -32.9737158 ], [ -71.5446286, -32.973662 ], [ -71.5445708, -32.9736048 ], [ -71.5445109, -32.9735357 ], [ -71.5444575, -32.9734629 ], [ -71.5444111, -32.9733868 ], [ -71.5443718, -32.9733079 ], [ -71.54434, -32.9732267 ] ] } },
{ "type": "Feature", "properties": { "osm_id": "way/1101268274", "name": "Avenida Ignacio Carrera Pinto", "source": "OpenStreetMap/Overpass", "highway": "primary", "surface": "concrete" }, "geometry": { "type": "LineString", "coordinates": [ [ -71.5450419, -32.9727441 ], [ -71.5450661, -32.9729752 ], [ -71.5451193, -32.9732079 ], [ -71.5451712, -32.9733756 ], [ -71.5453493, -32.9737821 ] ] } },
{ "type": "Feature", "properties": { "osm_id": "way/1041994256", "name": null, "source": "OpenStreetMap/Overpass", "highway": "footway", "surface": "concrete" }, "geometry": { "type": "LineString", "coordinates": [ [ -71.5451266, -32.972642 ], [ -71.5451293, -32.9728119 ], [ -71.54514, -32.9729255 ], [ -71.5451561, -32.9730717 ], [ -71.5451963, -32.9732349 ], [ -71.54525, -32.9734037 ], [ -71.5453961, -32.9737288 ], [ -71.5454242, -32.9737907 ] ] } },
{ "type": "Feature", "properties": { "osm_id": "way/1114703592", "name": null, "source": "OpenStreetMap/Overpass", "highway": "path", "surface": "ground" }, "geometry": { "type": "LineString", "coordinates": [ [ -71.5447474, -32.9726943 ], [ -71.5447428, -32.9727474 ], [ -71.5447464, -32.9728271 ], [ -71.5444721, -32.9728512 ], [ -71.544397, -32.9728338 ], [ -71.5441561, -32.9728401 ], [ -71.5440999, -32.9728455 ] ] } },
{ "type": "Feature", "properties": { "osm_id": "way/23780393", "name": "Avenida José Manuel Balmaceda", "source": "OpenStreetMap/Overpass", "highway": "secondary", "surface": "asphalt" }, "geometry": { "type": "LineString", "coordinates": [ [ -71.5440786, -32.9727745 ], [ -71.5441202, -32.9727693 ], [ -71.5446424, -32.9727065 ], [ -71.5447474, -32.9726943 ], [ -71.5448084, -32.9726902 ], [ -71.5448694, -32.9726932 ], [ -71.5449131, -32.9726998 ], [ -71.5449405, -32.972706 ], [ -71.5449926, -32.9727223 ], [ -71.5450419, -32.9727441 ] ] } },
{ "type": "Feature", "properties": { "osm_id": "way/1486896234", "name": null, "source": "OpenStreetMap/Overpass", "highway": "footway", "surface": "concrete" }, "geometry": { "type": "LineString", "coordinates": [ [ -71.5449405, -32.972706 ], [ -71.5449415, -32.9726448 ], [ -71.545041, -32.9726416 ] ] } },
{ "type": "Feature", "properties": { "osm_id": "way/23583102", "name": "Las Olas", "source": "OpenStreetMap/Overpass", "highway": "unclassified", "surface": null }, "geometry": { "type": "LineString", "coordinates": [ [ -71.5443923, -32.9719033 ], [ -71.5449056, -32.9718626 ], [ -71.5449522, -32.9718589 ], [ -71.545037, -32.97186 ] ] } },
{ "type": "Feature", "properties": { "osm_id": "way/1486896235", "name": null, "source": "OpenStreetMap/Overpass", "highway": "footway", "surface": "concrete" }, "geometry": { "type": "LineString", "coordinates": [ [ -71.5439486, -32.973227 ], [ -71.5439143, -32.9732634 ] ] } },
{ "type": "Feature", "properties": { "osm_id": "way/1271566740", "name": "Avenida Benjamín Vicuña Mackenna", "source": "OpenStreetMap/Overpass", "highway": "secondary", "surface": "asphalt" }, "geometry": { "type": "LineString", "coordinates": [ [ -71.5440348, -32.9732508 ], [ -71.5439486, -32.973227 ], [ -71.5438459, -32.9732152 ], [ -71.5437272, -32.9732036 ], [ -71.5436857, -32.9731995 ] ] } },
{ "type": "Feature", "properties": { "osm_id": "way/1084343175", "name": null, "source": "OpenStreetMap/Overpass", "highway": "footway", "surface": "asphalt" }, "geometry": { "type": "LineString", "coordinates": [ [ -71.5436896, -32.9731533 ], [ -71.5436857, -32.9731995 ], [ -71.5436842, -32.9732422 ] ] } },
{ "type": "Feature", "properties": { "osm_id": "way/23334621", "name": "Avenida Borgoño", "source": "OpenStreetMap/Overpass", "highway": "primary", "surface": "asphalt" }, "geometry": { "type": "LineString", "coordinates": [ [ -71.5442122, -32.9732068 ], [ -71.5441106, -32.9728784 ] ] } },
{ "type": "Feature", "properties": { "osm_id": "way/1114703590", "name": null, "source": "OpenStreetMap/Overpass", "highway": "footway", "surface": "asphalt" }, "geometry": { "type": "LineString", "coordinates": [ [ -71.5440343, -32.9728507 ], [ -71.5440999, -32.9728455 ] ] } },
{ "type": "Feature", "properties": { "osm_id": "way/1114703588", "name": null, "source": "OpenStreetMap/Overpass", "highway": "footway", "surface": null }, "geometry": { "type": "LineString", "coordinates": [ [ -71.5440343, -32.9728507 ], [ -71.5440195, -32.9728327 ], [ -71.5439967, -32.9728197 ] ] } },
{ "type": "Feature", "properties": { "osm_id": "way/1114703589", "name": null, "source": "OpenStreetMap/Overpass", "highway": "footway", "surface": null }, "geometry": { "type": "LineString", "coordinates": [ [ -71.5439967, -32.9728197 ], [ -71.5439934, -32.9727827 ], [ -71.5439899, -32.9727224 ] ] } },
{ "type": "Feature", "properties": { "osm_id": "way/1414719493", "name": null, "source": "OpenStreetMap/Overpass", "highway": "service", "surface": null }, "geometry": { "type": "LineString", "coordinates": [ [ -71.5435763, -32.9724237 ], [ -71.5435523, -32.9727038 ], [ -71.543551, -32.9727197 ], [ -71.5435464, -32.9727733 ] ] } },
{ "type": "Feature", "properties": { "osm_id": "way/1114703586", "name": null, "source": "OpenStreetMap/Overpass", "highway": "service", "surface": "paving_stones" }, "geometry": { "type": "LineString", "coordinates": [ [ -71.5439715, -32.9724198 ], [ -71.5439279, -32.9724244 ], [ -71.543815, -32.9724321 ], [ -71.5438123, -32.9723995 ], [ -71.5439097, -32.9723695 ], [ -71.5439484, -32.97235 ] ] } },
{ "type": "Feature", "properties": { "osm_id": "way/897335617", "name": "Avenida Borgoño", "source": "OpenStreetMap/Overpass", "highway": "primary", "surface": "asphalt" }, "geometry": { "type": "LineString", "coordinates": [ [ -71.5441106, -32.9728784 ], [ -71.5441086, -32.972872 ], [ -71.5440999, -32.9728455 ], [ -71.5440786, -32.9727745 ], [ -71.5440591, -32.9727109 ], [ -71.5439715, -32.9724198 ], [ -71.5439484, -32.97235 ], [ -71.5438718, -32.9721109 ], [ -71.5437961, -32.9718849 ] ] } },
{ "type": "Feature", "properties": { "osm_id": "way/23395599", "name": "Avenida Ignacio Carrera Pinto", "source": "OpenStreetMap/Overpass", "highway": "primary", "surface": "asphalt" }, "geometry": { "type": "LineString", "coordinates": [ [ -71.5451571, -32.9696797 ], [ -71.5450569, -32.9702849 ], [ -71.5450475, -32.9703693 ], [ -71.54503, -32.9705189 ], [ -71.5450247, -32.9706674 ], [ -71.5450247, -32.9710432 ], [ -71.5450274, -32.9711264 ], [ -71.545037, -32.97186 ], [ -71.5450413, -32.9721897 ], [ -71.5450414, -32.972615 ], [ -71.545041, -32.9726416 ], [ -71.5450419, -32.9727441 ] ] } },
{ "type": "Feature", "properties": { "osm_id": "way/23583100", "name": "Las Gaviotas", "source": "OpenStreetMap/Overpass", "highway": "unclassified", "surface": "paved" }, "geometry": { "type": "LineString", "coordinates": [ [ -71.5450274, -32.9711264 ], [ -71.5443293, -32.9711408 ], [ -71.5442754, -32.971142 ] ] } },
{ "type": "Feature", "properties": { "osm_id": "way/1038757378", "name": null, "source": "OpenStreetMap/Overpass", "highway": "footway", "surface": null }, "geometry": { "type": "LineString", "coordinates": [ [ -71.5452299, -32.969585 ], [ -71.5452862, -32.9696919 ], [ -71.5452433, -32.9700306 ], [ -71.5451883, -32.970295 ], [ -71.5451601, -32.9705695 ], [ -71.5451693, -32.971042 ], [ -71.5451836, -32.9716896 ], [ -71.5451224, -32.971693 ], [ -71.5451145, -32.9718713 ], [ -71.5451111, -32.9720141 ], [ -71.5451266, -32.972642 ], [ -71.545041, -32.9726416 ] ] } },
{ "type": "Feature", "properties": { "osm_id": "way/1038757376", "name": null, "source": "OpenStreetMap/Overpass", "highway": "footway", "surface": "concrete" }, "geometry": { "type": "LineString", "coordinates": [ [ -71.5450247, -32.9710432 ], [ -71.5451325, -32.971046 ], [ -71.5451693, -32.971042 ] ] } },
{ "type": "Feature", "properties": { "osm_id": "way/1038757381", "name": "Ciclovía Playa Reñaca", "source": "OpenStreetMap/Overpass", "highway": "cycleway", "surface": "paved" }, "geometry": { "type": "LineString", "coordinates": [ [ -71.5451224, -32.971693 ], [ -71.545144, -32.9716519 ], [ -71.5451367, -32.9713752 ], [ -71.5451325, -32.971046 ], [ -71.5451333, -32.970857 ], [ -71.5451232, -32.9706489 ], [ -71.5451232, -32.9705577 ], [ -71.5451545, -32.9702927 ], [ -71.5452319, -32.9698938 ], [ -71.5452399, -32.9697937 ] ] } },
{ "type": "Feature", "properties": { "osm_id": "way/331990087", "name": "Las Brisas", "source": "OpenStreetMap/Overpass", "highway": "unclassified", "surface": "asphalt" }, "geometry": { "type": "LineString", "coordinates": [ [ -71.5443909, -32.9703931 ], [ -71.5450475, -32.9703693 ] ] } },
{ "type": "Feature", "properties": { "osm_id": "way/1038757375", "name": null, "source": "OpenStreetMap/Overpass", "highway": "footway", "surface": null }, "geometry": { "type": "LineString", "coordinates": [ [ -71.5450569, -32.9702849 ], [ -71.5451545, -32.9702927 ], [ -71.5451883, -32.970295 ] ] } },
{ "type": "Feature", "properties": { "osm_id": "way/1038757379", "name": null, "source": "OpenStreetMap/Overpass", "highway": "footway", "surface": null }, "geometry": { "type": "LineString", "coordinates": [ [ -71.5452299, -32.969585 ], [ -71.5452516, -32.9696862 ], [ -71.5452399, -32.9697937 ] ] } },
{ "type": "Feature", "properties": { "osm_id": "way/1038757377", "name": null, "source": "OpenStreetMap/Overpass", "highway": "footway", "surface": null }, "geometry": { "type": "LineString", "coordinates": [ [ -71.5452862, -32.9696919 ], [ -71.5452516, -32.9696862 ], [ -71.5451571, -32.9696797 ] ] } },
{ "type": "Feature", "properties": { "osm_id": "way/23335405", "name": "Avenida Borgoño", "source": "OpenStreetMap/Overpass", "highway": "primary", "surface": "asphalt" }, "geometry": { "type": "LineString", "coordinates": [ [ -71.5449174, -32.9694748 ], [ -71.5449582, -32.9694715 ], [ -71.5449749, -32.9694722 ], [ -71.5449955, -32.9694731 ], [ -71.5450297, -32.9694813 ], [ -71.545061, -32.9694955 ], [ -71.5450878, -32.969515 ], [ -71.545109, -32.969539 ], [ -71.5451234, -32.9695663 ], [ -71.5451571, -32.9696797 ] ] } },
{ "type": "Feature", "properties": { "osm_id": "way/23583104", "name": "Segunda", "source": "OpenStreetMap/Overpass", "highway": "unclassified", "surface": null }, "geometry": { "type": "LineString", "coordinates": [ [ -71.5442964, -32.9715073 ], [ -71.5441514, -32.9715328 ], [ -71.5439105, -32.9715614 ], [ -71.543795, -32.9715739 ], [ -71.5437032, -32.9715838 ] ] } },
{ "type": "Feature", "properties": { "osm_id": "way/1039676762", "name": null, "source": "OpenStreetMap/Overpass", "highway": "service", "surface": null }, "geometry": { "type": "LineString", "coordinates": [ [ -71.5434743, -32.9715025 ], [ -71.5436813, -32.9715125 ] ] } },
{ "type": "Feature", "properties": { "osm_id": "way/1303967316", "name": null, "source": "OpenStreetMap/Overpass", "highway": "service", "surface": null }, "geometry": { "type": "LineString", "coordinates": [ [ -71.5435092, -32.9713734 ], [ -71.5436411, -32.9713813 ] ] } },
{ "type": "Feature", "properties": { "osm_id": "way/23583089", "name": "Central", "source": "OpenStreetMap/Overpass", "highway": "unclassified", "surface": null }, "geometry": { "type": "LineString", "coordinates": [ [ -71.5440698, -32.969935 ], [ -71.5440888, -32.9699672 ], [ -71.5441499, -32.97007 ], [ -71.5441861, -32.9701552 ], [ -71.5442022, -32.9702204 ], [ -71.544216, -32.9703065 ], [ -71.5442257, -32.9704255 ], [ -71.54423, -32.9705083 ], [ -71.5442403, -32.9706518 ], [ -71.5442754, -32.971142 ], [ -71.5442964, -32.9715073 ], [ -71.5443011, -32.9715624 ], [ -71.5443065, -32.9716029 ], [ -71.5443206, -32.9716603 ], [ -71.5443923, -32.9719033 ], [ -71.5446103, -32.9726138 ], [ -71.5446424, -32.9727065 ] ] } },
{ "type": "Feature", "properties": { "osm_id": "way/1303967314", "name": null, "source": "OpenStreetMap/Overpass", "highway": "service", "surface": null }, "geometry": { "type": "LineString", "coordinates": [ [ -71.5434698, -32.9712351 ], [ -71.5435939, -32.9712412 ] ] } },
{ "type": "Feature", "properties": { "osm_id": "way/23335408", "name": "Avenida Borgoño", "source": "OpenStreetMap/Overpass", "highway": "secondary", "surface": "paved" }, "geometry": { "type": "LineString", "coordinates": [ [ -71.5437961, -32.9718849 ], [ -71.5437448, -32.9717218 ], [ -71.5437032, -32.9715838 ], [ -71.5436813, -32.9715125 ], [ -71.5436411, -32.9713813 ], [ -71.5435939, -32.9712412 ], [ -71.543567, -32.9711611 ], [ -71.54345, -32.9707897 ], [ -71.5434218, -32.9706896 ], [ -71.5434085, -32.9706324 ], [ -71.5434027, -32.9705744 ], [ -71.5434045, -32.9705162 ], [ -71.5434138, -32.9704585 ], [ -71.5434306, -32.970402 ], [ -71.5434551, -32.9703464 ], [ -71.5434867, -32.9702935 ], [ -71.5435252, -32.9702438 ], [ -71.54357, -32.970198 ], [ -71.5436205, -32.9701566 ] ] } },
{ "type": "Feature", "properties": { "osm_id": "way/1018933957", "name": null, "source": "OpenStreetMap/Overpass", "highway": "service", "surface": null }, "geometry": { "type": "LineString", "coordinates": [ [ -71.5442403, -32.9706518 ], [ -71.5440452, -32.9706896 ] ] } },
{ "type": "Feature", "properties": { "osm_id": "way/23583097", "name": "Las Brisas", "source": "OpenStreetMap/Overpass", "highway": "unclassified", "surface": "asphalt" }, "geometry": { "type": "LineString", "coordinates": [ [ -71.54423, -32.9705083 ], [ -71.5442754, -32.9704599 ], [ -71.5443278, -32.9704208 ], [ -71.5443909, -32.9703931 ] ] } },
{ "type": "Feature", "properties": { "osm_id": "way/23583098", "name": "Las Brisas", "source": "OpenStreetMap/Overpass", "highway": "unclassified", "surface": "asphalt" }, "geometry": { "type": "LineString", "coordinates": [ [ -71.544216, -32.9703065 ], [ -71.5442614, -32.9703399 ], [ -71.5443092, -32.9703691 ], [ -71.5443909, -32.9703931 ] ] } },
{ "type": "Feature", "properties": { "osm_id": "way/897335616", "name": "Avenida Borgoño", "source": "OpenStreetMap/Overpass", "highway": "primary", "surface": "paved" }, "geometry": { "type": "LineString", "coordinates": [ [ -71.5436205, -32.9701566 ], [ -71.5437117, -32.9700925 ], [ -71.5438499, -32.9700272 ], [ -71.5440041, -32.9699625 ], [ -71.5440698, -32.969935 ], [ -71.5444641, -32.9697763 ], [ -71.5445559, -32.9697341 ], [ -71.5446438, -32.9696863 ], [ -71.5447423, -32.9696226 ], [ -71.5448337, -32.969552 ], [ -71.5449174, -32.9694748 ] ] } },
{ "type": "Feature", "properties": { "osm_id": "way/331990316", "name": "Avenida Borgoño", "source": "OpenStreetMap/Overpass", "highway": "primary", "surface": "concrete" }, "geometry": { "type": "LineString", "coordinates": [ [ -71.5455251, -32.9784216 ], [ -71.5455038, -32.9783506 ], [ -71.5454894, -32.9782493 ], [ -71.545483, -32.9781473 ], [ -71.5454846, -32.9780453 ], [ -71.5454947, -32.9779405 ], [ -71.5455132, -32.9778365 ], [ -71.5455402, -32.9777338 ], [ -71.5455989, -32.97752 ], [ -71.5456512, -32.9773051 ], [ -71.5456969, -32.9770891 ], [ -71.545736, -32.9768722 ], [ -71.54577, -32.9766434 ], [ -71.5457967, -32.9764139 ], [ -71.5458337, -32.975695 ], [ -71.5458462, -32.975549 ], [ -71.5458513, -32.9754026 ], [ -71.5458488, -32.9752562 ], [ -71.5458388, -32.97511 ], [ -71.5458206, -32.974959 ], [ -71.5457943, -32.9748088 ] ] } },
{ "type": "Feature", "properties": { "osm_id": "way/331988626", "name": "Costanera Viña del Mar", "source": "OpenStreetMap/Overpass", "highway": "cycleway", "surface": "concrete" }, "geometry": { "type": "LineString", "coordinates": [ [ -71.5458138, -32.9788243 ], [ -71.5456711, -32.9786115 ], [ -71.5456252, -32.97853 ], [ -71.545588, -32.9784454 ], [ -71.5455598, -32.9783584 ], [ -71.54554, -32.9782653 ], [ -71.5455306, -32.9781711 ], [ -71.5455314, -32.9780765 ], [ -71.5455426, -32.9779824 ], [ -71.5456219, -32.9776345 ], [ -71.5457354, -32.9771602 ], [ -71.5457931, -32.9768767 ], [ -71.5458192, -32.9766833 ], [ -71.5458387, -32.9764695 ], [ -71.5458575, -32.9762562 ], [ -71.5458749, -32.9757956 ], [ -71.5459035, -32.9753247 ], [ -71.5458983, -32.9750373 ], [ -71.5458857, -32.9749045 ], [ -71.5458574, -32.9747756 ], [ -71.5457945, -32.9745749 ], [ -71.5457091, -32.9743781 ] ] } },
{ "type": "Feature", "properties": { "osm_id": "way/1084343177", "name": "Avenida Borgoño", "source": "OpenStreetMap/Overpass", "highway": "primary", "surface": "concrete" }, "geometry": { "type": "LineString", "coordinates": [ [ -71.5457943, -32.9748088 ], [ -71.5457431, -32.9746951 ], [ -71.5456822, -32.9745849 ], [ -71.5456119, -32.9744786 ], [ -71.5455326, -32.9743769 ], [ -71.5454554, -32.9742913 ], [ -71.5453719, -32.9742101 ] ] } },
{ "type": "Feature", "properties": { "osm_id": "way/23407673", "name": "Avenida Ignacio Carrera Pinto", "source": "OpenStreetMap/Overpass", "highway": "primary", "surface": "concrete" }, "geometry": { "type": "LineString", "coordinates": [ [ -71.5454885, -32.9740543 ], [ -71.5455537, -32.9741695 ], [ -71.5456128, -32.9742869 ], [ -71.5456657, -32.9744064 ], [ -71.5457162, -32.9745388 ], [ -71.5457591, -32.974673 ], [ -71.5457943, -32.9748088 ] ] } },
{ "type": "Feature", "properties": { "osm_id": "way/1085370718", "name": null, "source": "OpenStreetMap/Overpass", "highway": "footway", "surface": "concrete" }, "geometry": { "type": "LineString", "coordinates": [ [ -71.5455956, -32.9741421 ], [ -71.5457091, -32.9743781 ] ] } },
{ "type": "Feature", "properties": { "osm_id": "way/1414719504", "name": null, "source": "OpenStreetMap/Overpass", "highway": "footway", "surface": null }, "geometry": { "type": "LineString", "coordinates": [ [ -71.5455767, -32.967622 ], [ -71.5456535, -32.9676347 ], [ -71.545692, -32.9676443 ] ] } },
{ "type": "Feature", "properties": { "osm_id": "way/23592080", "name": "Avenida Borgoño", "source": "OpenStreetMap/Overpass", "highway": "secondary", "surface": "asphalt" }, "geometry": { "type": "LineString", "coordinates": [ [ -71.5461449, -32.9647561 ], [ -71.5460739, -32.9650961 ], [ -71.5459933, -32.9654822 ], [ -71.5458162, -32.9663258 ], [ -71.5457561, -32.9666633 ], [ -71.5455767, -32.967622 ], [ -71.5454337, -32.9682987 ], [ -71.545301, -32.968908 ] ] } },
{ "type": "Feature", "properties": { "osm_id": "way/1038757383", "name": null, "source": "OpenStreetMap/Overpass", "highway": "footway", "surface": null }, "geometry": { "type": "LineString", "coordinates": [ [ -71.5458763, -32.9666878 ], [ -71.5458316, -32.9666817 ], [ -71.5457561, -32.9666633 ] ] } },
{ "type": "Feature", "properties": { "osm_id": "way/1038757387", "name": null, "source": "OpenStreetMap/Overpass", "highway": "footway", "surface": null }, "geometry": { "type": "LineString", "coordinates": [ [ -71.5466315, -32.9629336 ], [ -71.5467111, -32.9629656 ], [ -71.5466622, -32.9630883 ], [ -71.5466809, -32.9631265 ], [ -71.5466742, -32.9631772 ], [ -71.5466262, -32.9633714 ], [ -71.5466033, -32.963464 ], [ -71.5465321, -32.9637432 ], [ -71.5464436, -32.9641809 ], [ -71.5463859, -32.9645263 ], [ -71.546355, -32.9645657 ], [ -71.5463068, -32.9648155 ], [ -71.5462451, -32.9648627 ], [ -71.5461874, -32.9651215 ], [ -71.5461297, -32.9654501 ], [ -71.5459983, -32.9660408 ], [ -71.5459353, -32.9663424 ], [ -71.5458763, -32.9666878 ], [ -71.5457636, -32.9672751 ], [ -71.545692, -32.9676443 ], [ -71.5456255, -32.9679873 ], [ -71.5455651, -32.9683159 ], [ -71.5454203, -32.9690315 ], [ -71.5453941, -32.9691401 ], [ -71.5453402, -32.9692037 ], [ -71.5453163, -32.9692385 ], [ -71.5452299, -32.969585 ] ] } },
{ "type": "Feature", "properties": { "osm_id": "way/1038246817", "name": "Ciclovía Playa Reñaca", "source": "OpenStreetMap/Overpass", "highway": "cycleway", "surface": "concrete" }, "geometry": { "type": "LineString", "coordinates": [ [ -71.545363, -32.9691061 ], [ -71.545463, -32.9685819 ], [ -71.5455176, -32.9683063 ], [ -71.5455598, -32.9680807 ], [ -71.5456535, -32.9676347 ], [ -71.5456751, -32.9675317 ], [ -71.5457569, -32.9670782 ], [ -71.5458316, -32.9666817 ], [ -71.5458494, -32.9665876 ], [ -71.5459596, -32.9660646 ], [ -71.5460707, -32.9655041 ], [ -71.5461455, -32.965108 ], [ -71.5461619, -32.9650214 ], [ -71.5462059, -32.964819 ], [ -71.5462854, -32.9647441 ], [ -71.5463767, -32.9642871 ], [ -71.5463999, -32.9641738 ], [ -71.5464503, -32.9639266 ], [ -71.5465039, -32.9636363 ], [ -71.5465495, -32.9634517 ], [ -71.5465772, -32.9633599 ] ] } },
{ "type": "Feature", "properties": { "osm_id": "way/94315039", "name": "Emiliano Figueroa", "source": "OpenStreetMap/Overpass", "highway": "residential", "surface": "paved" }, "geometry": { "type": "LineString", "coordinates": [ [ -71.5449025, -32.9677696 ], [ -71.5448514, -32.9679875 ], [ -71.5447982, -32.9681733 ], [ -71.5447324, -32.9684163 ], [ -71.5447185, -32.9684616 ], [ -71.5446952, -32.968504 ], [ -71.5446632, -32.9685423 ], [ -71.5446236, -32.9685751 ], [ -71.5445882, -32.9685962 ], [ -71.5445496, -32.968613 ], [ -71.5445086, -32.9686251 ], [ -71.5442915, -32.9687252 ], [ -71.5441522, -32.968792 ], [ -71.5440186, -32.9688665 ], [ -71.5438913, -32.9689484 ], [ -71.5437701, -32.9690378 ], [ -71.5436564, -32.9691338 ], [ -71.5435506, -32.969236 ], [ -71.5433215, -32.9694289 ], [ -71.5431505, -32.9695496 ], [ -71.5430439, -32.9696098 ], [ -71.5429486, -32.9696559 ] ] } },
{ "type": "Feature", "properties": { "osm_id": "way/1324940483", "name": "Avenida Edmundo Eluchans", "source": "OpenStreetMap/Overpass", "highway": "primary", "surface": "paved" }, "geometry": { "type": "LineString", "coordinates": [ [ -71.5440334, -32.9673385 ], [ -71.5439842, -32.9674125 ], [ -71.5439274, -32.9674824 ], [ -71.5438633, -32.9675479 ], [ -71.5437873, -32.9676123 ], [ -71.5437043, -32.9676704 ], [ -71.5436151, -32.9677215 ], [ -71.5434958, -32.9677646 ] ] } },
{ "type": "Feature", "properties": { "osm_id": "way/1324940485", "name": "Avenida Edmundo Eluchans", "source": "OpenStreetMap/Overpass", "highway": "primary", "surface": "asphalt" }, "geometry": { "type": "LineString", "coordinates": [ [ -71.5434958, -32.9677646 ], [ -71.5435337, -32.9677322 ], [ -71.5435736, -32.9677016 ], [ -71.5436541, -32.9676487 ], [ -71.5437362, -32.9675912 ], [ -71.543811, -32.9675272 ], [ -71.5438725, -32.9674632 ], [ -71.5439267, -32.9673947 ], [ -71.5439732, -32.9673224 ] ] } },
{ "type": "Feature", "properties": { "osm_id": "way/1145845645", "name": "Avenida Edmundo Eluchans", "source": "OpenStreetMap/Overpass", "highway": "primary", "surface": "paved" }, "geometry": { "type": "LineString", "coordinates": [ [ -71.5441851, -32.9666248 ], [ -71.5441851, -32.9667114 ], [ -71.5441798, -32.9668115 ], [ -71.5441681, -32.9669022 ], [ -71.5441532, -32.9669925 ], [ -71.5441313, -32.9670987 ], [ -71.5441072, -32.967181 ], [ -71.5440745, -32.9672611 ], [ -71.5440334, -32.9673385 ] ] } },
{ "type": "Feature", "properties": { "osm_id": "way/1324940484", "name": "Avenida Edmundo Eluchans", "source": "OpenStreetMap/Overpass", "highway": "primary", "surface": "paved" }, "geometry": { "type": "LineString", "coordinates": [ [ -71.5439732, -32.9673224 ], [ -71.5440125, -32.967252 ], [ -71.5440457, -32.9671795 ], [ -71.5440771, -32.9670904 ], [ -71.5440993, -32.9669994 ], [ -71.5441422, -32.9667935 ], [ -71.5441851, -32.9666248 ] ] } },
{ "type": "Feature", "properties": { "osm_id": "way/1488814743", "name": "Avenida Edmundo Eluchans", "source": "OpenStreetMap/Overpass", "highway": "primary", "surface": "asphalt" }, "geometry": { "type": "LineString", "coordinates": [ [ -71.5441851, -32.9666248 ], [ -71.5442134, -32.9663778 ], [ -71.5442191, -32.9663228 ], [ -71.5442955, -32.9655953 ], [ -71.5443044, -32.9655104 ] ] } },
{ "type": "Feature", "properties": { "osm_id": "way/1488814742", "name": "Las Golondrinas", "source": "OpenStreetMap/Overpass", "highway": "residential", "surface": "asphalt" }, "geometry": { "type": "LineString", "coordinates": [ [ -71.5443044, -32.9655104 ], [ -71.5442152, -32.96551 ], [ -71.5441313, -32.9655216 ], [ -71.5439854, -32.9655648 ], [ -71.5438309, -32.965644 ], [ -71.5437347, -32.9656888 ], [ -71.5436497, -32.9657061 ] ] } },
{ "type": "Feature", "properties": { "osm_id": "way/1410380569", "name": null, "source": "OpenStreetMap/Overpass", "highway": "service", "surface": null }, "geometry": { "type": "LineString", "coordinates": [ [ -71.5432609, -32.9649778 ], [ -71.5435398, -32.9649851 ], [ -71.5438056, -32.9649921 ] ] } },
{ "type": "Feature", "properties": { "osm_id": "way/1410380568", "name": null, "source": "OpenStreetMap/Overpass", "highway": "service", "surface": null }, "geometry": { "type": "LineString", "coordinates": [ [ -71.5435398, -32.9649851 ], [ -71.5435923, -32.9649688 ], [ -71.5436414, -32.9649462 ], [ -71.543686, -32.9649177 ], [ -71.5437251, -32.9648841 ], [ -71.5437598, -32.9648435 ], [ -71.5437865, -32.9647988 ], [ -71.5438046, -32.9647512 ], [ -71.5438136, -32.9647018 ] ] } },
{ "type": "Feature", "properties": { "osm_id": "way/94321436", "name": "Pasaje Las Golondrinas", "source": "OpenStreetMap/Overpass", "highway": "residential", "surface": "asphalt" }, "geometry": { "type": "LineString", "coordinates": [ [ -71.5437499, -32.9623319 ], [ -71.5437715, -32.9627253 ], [ -71.5437922, -32.9631033 ] ] } },
{ "type": "Feature", "properties": { "osm_id": "way/94315045", "name": "Pasaje Mardones", "source": "OpenStreetMap/Overpass", "highway": "living_street", "surface": "paved" }, "geometry": { "type": "LineString", "coordinates": [ [ -71.5446524, -32.9689557 ], [ -71.5442993, -32.9692165 ], [ -71.544285, -32.9692374 ], [ -71.5442817, -32.9692604 ], [ -71.5442911, -32.9692925 ], [ -71.5443111, -32.96932 ], [ -71.5446438, -32.9696863 ] ] } },
{ "type": "Feature", "properties": { "osm_id": "way/331990086", "name": "Avenida Borgoño", "source": "OpenStreetMap/Overpass", "highway": "secondary", "surface": "asphalt" }, "geometry": { "type": "LineString", "coordinates": [ [ -71.545301, -32.968908 ], [ -71.5451708, -32.9696059 ], [ -71.5451571, -32.9696797 ] ] } },
{ "type": "Feature", "properties": { "osm_id": "way/23395598", "name": "Avenida Borgoño", "source": "OpenStreetMap/Overpass", "highway": "secondary", "surface": "asphalt" }, "geometry": { "type": "LineString", "coordinates": [ [ -71.5449174, -32.9694748 ], [ -71.5449885, -32.9693921 ], [ -71.5450776, -32.9692801 ], [ -71.5451594, -32.9691609 ], [ -71.5452189, -32.9690586 ], [ -71.545301, -32.968908 ] ] } },
{ "type": "Feature", "properties": { "osm_id": "way/1038757380", "name": null, "source": "OpenStreetMap/Overpass", "highway": "footway", "surface": null }, "geometry": { "type": "LineString", "coordinates": [ [ -71.5453402, -32.9692037 ], [ -71.545363, -32.9691061 ] ] } },
{ "type": "Feature", "properties": { "osm_id": "way/1038757382", "name": null, "source": "OpenStreetMap/Overpass", "highway": "footway", "surface": null }, "geometry": { "type": "LineString", "coordinates": [ [ -71.5454337, -32.9682987 ], [ -71.5455176, -32.9683063 ], [ -71.5455651, -32.9683159 ] ] } },
{ "type": "Feature", "properties": { "osm_id": "way/323365920", "name": null, "source": "OpenStreetMap/Overpass", "highway": "steps", "surface": null }, "geometry": { "type": "LineString", "coordinates": [ [ -71.5442134, -32.9663778 ], [ -71.5448418, -32.9664768 ], [ -71.5457561, -32.9666633 ] ] } },
{ "type": "Feature", "properties": { "osm_id": "way/28956030", "name": "Subida Miramar", "source": "OpenStreetMap/Overpass", "highway": "residential", "surface": "paved" }, "geometry": { "type": "LineString", "coordinates": [ [ -71.5442191, -32.9663228 ], [ -71.5442618, -32.9663186 ], [ -71.5442913, -32.9663089 ], [ -71.5443182, -32.9662949 ], [ -71.544345, -32.9662738 ], [ -71.544366, -32.9662485 ], [ -71.5443802, -32.9662201 ], [ -71.5444746, -32.9659105 ], [ -71.54451, -32.9658124 ], [ -71.5445518, -32.965716 ], [ -71.5445954, -32.96563 ], [ -71.5446441, -32.9655459 ], [ -71.5446978, -32.965464 ], [ -71.5447733, -32.9653429 ], [ -71.5448392, -32.9652179 ], [ -71.5448952, -32.9650895 ], [ -71.5449277, -32.9650001 ], [ -71.5449553, -32.9649095 ], [ -71.5450239, -32.9647151 ], [ -71.5450525, -32.9646465 ], [ -71.545084, -32.9645761 ], [ -71.5451071, -32.9645353 ] ] } },
{ "type": "Feature", "properties": { "osm_id": "way/24911155", "name": "Avenida Edmundo Eluchans", "source": "OpenStreetMap/Overpass", "highway": "primary", "surface": "asphalt" }, "geometry": { "type": "LineString", "coordinates": [ [ -71.5443044, -32.9655104 ], [ -71.5443089, -32.9654679 ], [ -71.544312, -32.9654376 ], [ -71.5443294, -32.965272 ], [ -71.5443709, -32.9648764 ], [ -71.5444872, -32.9637677 ], [ -71.5446172, -32.9625286 ] ] } },
{ "type": "Feature", "properties": { "osm_id": "way/28956032", "name": "Bellavista", "source": "OpenStreetMap/Overpass", "highway": "residential", "surface": "paved" }, "geometry": { "type": "LineString", "coordinates": [ [ -71.545704, -32.9596721 ], [ -71.5456763, -32.959748 ], [ -71.5456571, -32.9598498 ], [ -71.5456359, -32.959965 ], [ -71.545598, -32.960164 ], [ -71.5455465, -32.9603872 ], [ -71.5455122, -32.9605385 ], [ -71.5454922, -32.9606893 ], [ -71.5454905, -32.9608183 ], [ -71.5455193, -32.9612266 ], [ -71.5455429, -32.9615201 ], [ -71.5455615, -32.9617654 ], [ -71.5455852, -32.9619326 ], [ -71.5455277, -32.9621793 ], [ -71.5453908, -32.9625593 ], [ -71.5453334, -32.9627662 ], [ -71.5453165, -32.9629321 ], [ -71.54533, -32.9631377 ], [ -71.5453148, -32.9634935 ], [ -71.5452912, -32.9637289 ], [ -71.5452405, -32.964079 ], [ -71.5451847, -32.964286 ], [ -71.5451071, -32.9645353 ], [ -71.5451286, -32.9645961 ], [ -71.5451501, -32.9646557 ], [ -71.5451581, -32.9647153 ], [ -71.5451601, -32.9648144 ], [ -71.5451527, -32.9649122 ], [ -71.5450926, -32.965356 ], [ -71.5450153, -32.9657952 ], [ -71.5448694, -32.9663713 ], [ -71.5448418, -32.9664768 ], [ -71.5447321, -32.966897 ], [ -71.5446377, -32.9671563 ], [ -71.5444145, -32.9675451 ], [ -71.5443659, -32.9676317 ], [ -71.5443115, -32.9677158 ], [ -71.5442514, -32.9677971 ], [ -71.5441934, -32.9678668 ], [ -71.5441313, -32.967934 ], [ -71.5440591, -32.9679986 ], [ -71.5439811, -32.9680582 ], [ -71.5438915, -32.9681161 ], [ -71.5437965, -32.9681675 ], [ -71.5436966, -32.968212 ] ] } },
{ "type": "Feature", "properties": { "osm_id": "way/1145845641", "name": null, "source": "OpenStreetMap/Overpass", "highway": "service", "surface": null }, "geometry": { "type": "LineString", "coordinates": [ [ -71.544546, -32.9617289 ], [ -71.5446791, -32.9617861 ] ] } },
{ "type": "Feature", "properties": { "osm_id": "way/195982618", "name": "Halimeda", "source": "OpenStreetMap/Overpass", "highway": "residential", "surface": "paved" }, "geometry": { "type": "LineString", "coordinates": [ [ -71.540676399745934, -32.978662318903545 ], [ -71.5410609, -32.9782824 ], [ -71.5412615, -32.978058 ], [ -71.5415844, -32.9777255 ], [ -71.5419934, -32.9772671 ] ] } },
{ "type": "Feature", "properties": { "osm_id": "way/26695645", "name": "Petalonia", "source": "OpenStreetMap/Overpass", "highway": "residential", "surface": "paved" }, "geometry": { "type": "LineString", "coordinates": [ [ -71.540646983136853, -32.977635281278857 ], [ -71.5406628, -32.9776625 ], [ -71.5406929, -32.9777283 ], [ -71.5407774, -32.9779185 ], [ -71.5408034, -32.977987 ], [ -71.5408378, -32.9780527 ], [ -71.5408802, -32.9781151 ], [ -71.5409302, -32.9781735 ], [ -71.5409919, -32.978231 ], [ -71.5410609, -32.9782824 ] ] } },
{ "type": "Feature", "properties": { "osm_id": "way/340031165", "name": null, "source": "OpenStreetMap/Overpass", "highway": "steps", "surface": null }, "geometry": { "type": "LineString", "coordinates": [ [ -71.5407877, -32.9762266 ], [ -71.540613578951195, -32.976469023285311 ] ] } },
{ "type": "Feature", "properties": { "osm_id": "way/23636054", "name": "Avenida Jardín del Mar", "source": "OpenStreetMap/Overpass", "highway": "tertiary", "surface": "concrete" }, "geometry": { "type": "LineString", "coordinates": [ [ -71.5442244, -32.9743797 ], [ -71.5441344, -32.9743524 ], [ -71.5440554, -32.9743209 ], [ -71.5439802, -32.9742834 ], [ -71.5439094, -32.9742401 ], [ -71.5438436, -32.9741915 ], [ -71.5437163, -32.9741005 ], [ -71.5436576, -32.9740702 ], [ -71.5435951, -32.9740459 ], [ -71.5435296, -32.9740279 ], [ -71.543462, -32.9740166 ], [ -71.5433933, -32.974012 ], [ -71.5433274, -32.9740141 ], [ -71.5432859, -32.9740187 ], [ -71.5432448, -32.9740257 ], [ -71.5431237, -32.974049 ], [ -71.5429007, -32.9741095 ], [ -71.5425369, -32.9742091 ], [ -71.5425004, -32.9742191 ], [ -71.5424134, -32.9742457 ], [ -71.5423291, -32.9742779 ], [ -71.542248, -32.9743154 ], [ -71.5421887, -32.9743474 ], [ -71.5421317, -32.9743822 ], [ -71.5420571, -32.9744348 ], [ -71.5419878, -32.9744924 ], [ -71.5419243, -32.9745544 ], [ -71.5416942, -32.9748342 ], [ -71.5415998, -32.9749616 ], [ -71.5414211, -32.9751953 ], [ -71.5412358, -32.9754379 ], [ -71.5411939, -32.9754915 ], [ -71.5408284, -32.975959 ], [ -71.5406558, -32.9761467 ], [ -71.540605149805216, -32.976174732055547 ] ] } },
{ "type": "Feature", "properties": { "osm_id": "way/23531769", "name": "Rodimenia", "source": "OpenStreetMap/Overpass", "highway": "residential", "surface": "concrete" }, "geometry": { "type": "LineString", "coordinates": [ [ -71.5415844, -32.9777255 ], [ -71.5411928, -32.9772378 ], [ -71.5410899, -32.9771237 ], [ -71.5409784, -32.9770154 ], [ -71.540862, -32.976916 ], [ -71.5407385, -32.9768228 ], [ -71.540621743557168, -32.976754078490103 ] ] } },
{ "type": "Feature", "properties": { "osm_id": "way/23633371", "name": "Talasia", "source": "OpenStreetMap/Overpass", "highway": "residential", "surface": "paved" }, "geometry": { "type": "LineString", "coordinates": [ [ -71.5419934, -32.9772671 ], [ -71.5418906, -32.9771764 ], [ -71.5416136, -32.9768434 ], [ -71.5413733, -32.9765985 ], [ -71.5413394, -32.9765707 ], [ -71.5412378, -32.9764874 ], [ -71.5410092, -32.9763519 ], [ -71.5407877, -32.9762266 ], [ -71.5407503, -32.9762012 ], [ -71.5406558, -32.9761467 ] ] } },
{ "type": "Feature", "properties": { "osm_id": "way/23780418", "name": "Talasia", "source": "OpenStreetMap/Overpass", "highway": "residential", "surface": "paved" }, "geometry": { "type": "LineString", "coordinates": [ [ -71.5406558, -32.9761467 ], [ -71.540603437418639, -32.976114946597889 ] ] } },
{ "type": "Feature", "properties": { "osm_id": "way/23531804", "name": "Avenida Los Sargazos", "source": "OpenStreetMap/Overpass", "highway": "tertiary", "surface": "asphalt" }, "geometry": { "type": "LineString", "coordinates": [ [ -71.5412358, -32.9754379 ], [ -71.5408886, -32.9752185 ] ] } },
{ "type": "Feature", "properties": { "osm_id": "way/24936702", "name": "Avenida Los Sargazos", "source": "OpenStreetMap/Overpass", "highway": "tertiary", "surface": "asphalt" }, "geometry": { "type": "LineString", "coordinates": [ [ -71.5408886, -32.9752185 ], [ -71.541022, -32.9752502 ], [ -71.5411105, -32.9752557 ], [ -71.5412135, -32.9752462 ], [ -71.5413122, -32.9752268 ], [ -71.5414211, -32.9751953 ] ] } },
{ "type": "Feature", "properties": { "osm_id": "way/195982617", "name": "Halimeda", "source": "OpenStreetMap/Overpass", "highway": "residential", "surface": "paved" }, "geometry": { "type": "LineString", "coordinates": [ [ -71.5419934, -32.9772671 ], [ -71.5421378, -32.9770803 ], [ -71.5425994, -32.9764722 ] ] } },
{ "type": "Feature", "properties": { "osm_id": "way/802562641", "name": null, "source": "OpenStreetMap/Overpass", "highway": "service", "surface": null }, "geometry": { "type": "LineString", "coordinates": [ [ -71.5416116, -32.9762388 ], [ -71.5413394, -32.9765707 ] ] } },
{ "type": "Feature", "properties": { "osm_id": "way/1117468668", "name": null, "source": "OpenStreetMap/Overpass", "highway": "service", "surface": "concrete" }, "geometry": { "type": "LineString", "coordinates": [ [ -71.5422272, -32.9760565 ], [ -71.5421158, -32.9760993 ] ] } },
{ "type": "Feature", "properties": { "osm_id": "way/1117468669", "name": null, "source": "OpenStreetMap/Overpass", "highway": "service", "surface": null }, "geometry": { "type": "LineString", "coordinates": [ [ -71.5421158, -32.9760993 ], [ -71.541861, -32.9759497 ], [ -71.5417738, -32.9760251 ] ] } },
{ "type": "Feature", "properties": { "osm_id": "way/23531796", "name": "Avenida Los Sargazos", "source": "OpenStreetMap/Overpass", "highway": "residential", "surface": "concrete" }, "geometry": { "type": "LineString", "coordinates": [ [ -71.5425994, -32.9764722 ], [ -71.5423908, -32.9762355 ], [ -71.5422272, -32.9760565 ], [ -71.5420328, -32.9758854 ], [ -71.5417981, -32.9757526 ], [ -71.5417433, -32.9757214 ], [ -71.5415289, -32.9755993 ], [ -71.5414937, -32.9755799 ], [ -71.5413089, -32.9754782 ], [ -71.5412897, -32.9754676 ], [ -71.5412358, -32.9754379 ] ] } },
{ "type": "Feature", "properties": { "osm_id": "way/1117255548", "name": null, "source": "OpenStreetMap/Overpass", "highway": "service", "surface": null }, "geometry": { "type": "LineString", "coordinates": [ [ -71.5417433, -32.9757214 ], [ -71.5419468, -32.9754457 ] ] } },
{ "type": "Feature", "properties": { "osm_id": "way/1117468671", "name": null, "source": "OpenStreetMap/Overpass", "highway": "service", "surface": null }, "geometry": { "type": "LineString", "coordinates": [ [ -71.5414937, -32.9755799 ], [ -71.5416102, -32.9754277 ], [ -71.5417309, -32.9754839 ] ] } },
{ "type": "Feature", "properties": { "osm_id": "way/23633368", "name": "Valonia", "source": "OpenStreetMap/Overpass", "highway": "residential", "surface": "concrete" }, "geometry": { "type": "LineString", "coordinates": [ [ -71.5431991, -32.9756763 ], [ -71.5429778, -32.9755525 ], [ -71.5425088, -32.97529 ], [ -71.5417493, -32.974865 ], [ -71.5416942, -32.9748342 ] ] } },
{ "type": "Feature", "properties": { "osm_id": "way/1416810914", "name": null, "source": "OpenStreetMap/Overpass", "highway": "service", "surface": null }, "geometry": { "type": "LineString", "coordinates": [ [ -71.5424609, -32.9741028 ], [ -71.5425369, -32.9742091 ] ] } },
{ "type": "Feature", "properties": { "osm_id": "way/802562642", "name": null, "source": "OpenStreetMap/Overpass", "highway": "service", "surface": null }, "geometry": { "type": "LineString", "coordinates": [ [ -71.5418677, -32.9742733 ], [ -71.542361, -32.9740319 ], [ -71.5424425, -32.9740769 ], [ -71.5424609, -32.9741028 ] ] } },
{ "type": "Feature", "properties": { "osm_id": "way/674028437", "name": "Halimeda", "source": "OpenStreetMap/Overpass", "highway": "residential", "surface": "concrete" }, "geometry": { "type": "LineString", "coordinates": [ [ -71.5425994, -32.9764722 ], [ -71.5426724, -32.9763739 ], [ -71.5431991, -32.9756763 ] ] } },
{ "type": "Feature", "properties": { "osm_id": "way/1117468674", "name": null, "source": "OpenStreetMap/Overpass", "highway": "service", "surface": null }, "geometry": { "type": "LineString", "coordinates": [ [ -71.5429778, -32.9755525 ], [ -71.5430854, -32.975422 ], [ -71.5431592, -32.9754603 ], [ -71.5433228, -32.9752274 ] ] } },
{ "type": "Feature", "properties": { "osm_id": "way/1117468673", "name": null, "source": "OpenStreetMap/Overpass", "highway": "service", "surface": null }, "geometry": { "type": "LineString", "coordinates": [ [ -71.5430854, -32.975422 ], [ -71.5426657, -32.9751914 ], [ -71.5426187, -32.9751914 ], [ -71.5425088, -32.97529 ] ] } },
{ "type": "Feature", "properties": { "osm_id": "way/94315055", "name": null, "source": "OpenStreetMap/Overpass", "highway": "service", "surface": null }, "geometry": { "type": "LineString", "coordinates": [ [ -71.5428427, -32.9743611 ], [ -71.5430827, -32.9744753 ], [ -71.5431069, -32.974513 ], [ -71.5430975, -32.9745805 ], [ -71.543119, -32.9746086 ], [ -71.5431564, -32.9746257 ], [ -71.5435587, -32.9748282 ], [ -71.543672, -32.9748743 ] ] } },
{ "type": "Feature", "properties": { "osm_id": "way/557967273", "name": null, "source": "OpenStreetMap/Overpass", "highway": "footway", "surface": "paving_stones" }, "geometry": { "type": "LineString", "coordinates": [ [ -71.5434716, -32.9737321 ], [ -71.5434255, -32.9737956 ], [ -71.5433933, -32.974012 ] ] } },
{ "type": "Feature", "properties": { "osm_id": "way/1272251912", "name": null, "source": "OpenStreetMap/Overpass", "highway": "steps", "surface": "paved" }, "geometry": { "type": "LineString", "coordinates": [ [ -71.543051, -32.9732128 ], [ -71.5429755, -32.9735713 ] ] } },
{ "type": "Feature", "properties": { "osm_id": "way/1272251913", "name": null, "source": "OpenStreetMap/Overpass", "highway": "service", "surface": null }, "geometry": { "type": "LineString", "coordinates": [ [ -71.5430205, -32.9732113 ], [ -71.5430197, -32.9732416 ], [ -71.5430086, -32.9732588 ], [ -71.5429902, -32.9732709 ], [ -71.54297, -32.9732757 ], [ -71.5429491, -32.973274 ], [ -71.5429303, -32.9732728 ] ] } },
{ "type": "Feature", "properties": { "osm_id": "way/585993731", "name": null, "source": "OpenStreetMap/Overpass", "highway": "steps", "surface": "paved" }, "geometry": { "type": "LineString", "coordinates": [ [ -71.5430635, -32.9731546 ], [ -71.5430546, -32.9731959 ], [ -71.543051, -32.9732128 ] ] } },
{ "type": "Feature", "properties": { "osm_id": "way/1272251911", "name": null, "source": "OpenStreetMap/Overpass", "highway": "service", "surface": null }, "geometry": { "type": "LineString", "coordinates": [ [ -71.5430218, -32.9731516 ], [ -71.5430209, -32.9731934 ], [ -71.5430205, -32.9732113 ] ] } },
{ "type": "Feature", "properties": { "osm_id": "way/1272251910", "name": "Avenida José Manuel Balmaceda", "source": "OpenStreetMap/Overpass", "highway": "secondary", "surface": "asphalt" }, "geometry": { "type": "LineString", "coordinates": [ [ -71.5425281, -32.9726879 ], [ -71.5428595, -32.9727192 ], [ -71.5432932, -32.9727534 ], [ -71.5435464, -32.9727733 ], [ -71.5437553, -32.9727826 ], [ -71.5439578, -32.972782 ], [ -71.5439934, -32.9727827 ], [ -71.5440786, -32.9727745 ] ] } },
{ "type": "Feature", "properties": { "osm_id": "way/585993728", "name": "Avenida Los Sargazos", "source": "OpenStreetMap/Overpass", "highway": "tertiary", "surface": "concrete" }, "geometry": { "type": "LineString", "coordinates": [ [ -71.5408886, -32.9752185 ], [ -71.5406668, -32.9751081 ], [ -71.540573309295368, -32.975063067502035 ] ] } },
{ "type": "Feature", "properties": { "osm_id": "way/1410380584", "name": "Avenida General Carrera", "source": "OpenStreetMap/Overpass", "highway": "residential", "surface": "asphalt" }, "geometry": { "type": "LineString", "coordinates": [ [ -71.540537079531518, -32.973798158603493 ], [ -71.5406319, -32.9737939 ], [ -71.5407737, -32.9737801 ], [ -71.5409031, -32.9737609 ], [ -71.541031, -32.9737355 ], [ -71.5411569, -32.9737041 ] ] } },
{ "type": "Feature", "properties": { "osm_id": "way/28955779", "name": "Simpson", "source": "OpenStreetMap/Overpass", "highway": "residential", "surface": "asphalt" }, "geometry": { "type": "LineString", "coordinates": [ [ -71.5412268, -32.973022 ], [ -71.5412228, -32.9730611 ], [ -71.541221, -32.9730791 ], [ -71.5411569, -32.9737041 ] ] } },
{ "type": "Feature", "properties": { "osm_id": "way/23390475", "name": "Avenida Benjamín Vicuña Mackenna", "source": "OpenStreetMap/Overpass", "highway": "secondary", "surface": "asphalt" }, "geometry": { "type": "LineString", "coordinates": [ [ -71.5436857, -32.9731995 ], [ -71.5430635, -32.9731546 ], [ -71.5430218, -32.9731516 ], [ -71.5424936, -32.9731135 ], [ -71.5424164, -32.9731079 ], [ -71.5412268, -32.973022 ], [ -71.5405625, -32.9729741 ], [ -71.540513375203474, -32.972970556866564 ] ] } },
{ "type": "Feature", "properties": { "osm_id": "way/1090363403", "name": null, "source": "OpenStreetMap/Overpass", "highway": "footway", "surface": "concrete" }, "geometry": { "type": "LineString", "coordinates": [ [ -71.540514474575446, -32.97300893982181 ], [ -71.5412228, -32.9730611 ], [ -71.5424898, -32.9731543 ], [ -71.5430209, -32.9731934 ], [ -71.5430546, -32.9731959 ], [ -71.5436842, -32.9732422 ] ] } },
{ "type": "Feature", "properties": { "osm_id": "way/155603653", "name": "Avenida José Manuel Balmaceda", "source": "OpenStreetMap/Overpass", "highway": "secondary", "surface": "asphalt" }, "geometry": { "type": "LineString", "coordinates": [ [ -71.540500497753655, -32.972520959653309 ], [ -71.5411207, -32.9725701 ], [ -71.5413065, -32.9725848 ], [ -71.542418, -32.9726786 ], [ -71.5424392, -32.9726804 ], [ -71.5425281, -32.9726879 ] ] } },
{ "type": "Feature", "properties": { "osm_id": "way/1090362979", "name": null, "source": "OpenStreetMap/Overpass", "highway": "footway", "surface": "concrete" }, "geometry": { "type": "LineString", "coordinates": [ [ -71.5436896, -32.9731533 ], [ -71.540511648867877, -32.972910284399639 ] ] } },
{ "type": "Feature", "properties": { "osm_id": "way/1413383776", "name": null, "source": "OpenStreetMap/Overpass", "highway": "footway", "surface": "concrete:plates" }, "geometry": { "type": "LineString", "coordinates": [ [ -71.540499100555365, -32.972472178530822 ], [ -71.5412126, -32.9725312 ] ] } },
{ "type": "Feature", "properties": { "osm_id": "way/651155158", "name": null, "source": "OpenStreetMap/Overpass", "highway": "service", "surface": null }, "geometry": { "type": "LineString", "coordinates": [ [ -71.5412056, -32.9704945 ], [ -71.5411676, -32.9709026 ] ] } },
{ "type": "Feature", "properties": { "osm_id": "way/1117255540", "name": "Pasaje Rosario", "source": "OpenStreetMap/Overpass", "highway": "living_street", "surface": "asphalt" }, "geometry": { "type": "LineString", "coordinates": [ [ -71.5424936, -32.9731135 ], [ -71.5424898, -32.9731543 ], [ -71.5424524, -32.9735499 ] ] } },
{ "type": "Feature", "properties": { "osm_id": "way/1442243759", "name": null, "source": "OpenStreetMap/Overpass", "highway": "footway", "surface": null }, "geometry": { "type": "LineString", "coordinates": [ [ -71.5424392, -32.9726804 ], [ -71.5424471, -32.9726234 ] ] } },
{ "type": "Feature", "properties": { "osm_id": "way/1442243757", "name": null, "source": "OpenStreetMap/Overpass", "highway": "footway", "surface": null }, "geometry": { "type": "LineString", "coordinates": [ [ -71.5424971, -32.9726138 ], [ -71.5425364, -32.9726172 ], [ -71.5425617, -32.9726251 ] ] } },
{ "type": "Feature", "properties": { "osm_id": "way/1442243758", "name": null, "source": "OpenStreetMap/Overpass", "highway": "footway", "surface": "concrete:plates" }, "geometry": { "type": "LineString", "coordinates": [ [ -71.5412126, -32.9725312 ], [ -71.5412521, -32.9725334 ], [ -71.5412577, -32.9725104 ], [ -71.541314, -32.9725124 ], [ -71.5413386, -32.9725171 ], [ -71.5413386, -32.9725373 ], [ -71.5421292, -32.9725981 ], [ -71.5424035, -32.9726245 ], [ -71.5424471, -32.9726234 ], [ -71.5424712, -32.9726228 ], [ -71.5424971, -32.9726138 ] ] } },
{ "type": "Feature", "properties": { "osm_id": "way/1153361045", "name": null, "source": "OpenStreetMap/Overpass", "highway": "service", "surface": null }, "geometry": { "type": "LineString", "coordinates": [ [ -71.5415499, -32.972381 ], [ -71.5413284, -32.9723673 ] ] } },
{ "type": "Feature", "properties": { "osm_id": "way/674028436", "name": "Carlos Condell", "source": "OpenStreetMap/Overpass", "highway": "residential", "surface": "concrete" }, "geometry": { "type": "LineString", "coordinates": [ [ -71.5426501, -32.971655 ], [ -71.5426433, -32.9717127 ], [ -71.5426368, -32.9717676 ], [ -71.5425378, -32.9726055 ], [ -71.5425364, -32.9726172 ], [ -71.5425281, -32.9726879 ] ] } },
{ "type": "Feature", "properties": { "osm_id": "way/1262978538", "name": null, "source": "OpenStreetMap/Overpass", "highway": "footway", "surface": null }, "geometry": { "type": "LineString", "coordinates": [ [ -71.5424971, -32.9726138 ], [ -71.5425994, -32.9717646 ], [ -71.5426059, -32.9717084 ] ] } },
{ "type": "Feature", "properties": { "osm_id": "way/326475436", "name": "Almirante Lynch", "source": "OpenStreetMap/Overpass", "highway": "residential", "surface": "concrete" }, "geometry": { "type": "LineString", "coordinates": [ [ -71.5413065, -32.9725848 ], [ -71.541314, -32.9725124 ], [ -71.5413284, -32.9723673 ], [ -71.5414036, -32.9716122 ], [ -71.5414058, -32.9715898 ], [ -71.5414104, -32.9715436 ] ] } },
{ "type": "Feature", "properties": { "osm_id": "way/1090365314", "name": null, "source": "OpenStreetMap/Overpass", "highway": "footway", "surface": "concrete:plates" }, "geometry": { "type": "LineString", "coordinates": [ [ -71.5425617, -32.9726251 ], [ -71.5425657, -32.9726437 ], [ -71.5432987, -32.972702 ], [ -71.543414, -32.9727112 ], [ -71.543551, -32.9727197 ], [ -71.5436225, -32.9727241 ], [ -71.5436949, -32.9727258 ], [ -71.5437345, -32.9727039 ], [ -71.5439558, -32.9726949 ], [ -71.5439692, -32.972696 ], [ -71.543986, -32.9727174 ], [ -71.5439899, -32.9727224 ], [ -71.544, -32.9727157 ], [ -71.5440202, -32.9727023 ], [ -71.5439279, -32.9724244 ], [ -71.5439097, -32.9723695 ], [ -71.5437537, -32.9718918 ], [ -71.5437321, -32.9718612 ], [ -71.5437047, -32.9718339 ], [ -71.5436723, -32.9718109 ], [ -71.5436358, -32.9717927 ], [ -71.5435968, -32.97178 ], [ -71.5435558, -32.9717729 ], [ -71.5435139, -32.9717715 ], [ -71.5433677, -32.9717638 ], [ -71.5427172, -32.9717114 ], [ -71.5426805, -32.971712 ], [ -71.5426433, -32.9717127 ], [ -71.5426059, -32.9717084 ], [ -71.5420809, -32.9716479 ], [ -71.5414058, -32.9715898 ], [ -71.540471711370273, -32.971515925431753 ] ] } },
{ "type": "Feature", "properties": { "osm_id": "way/1369640792", "name": null, "source": "OpenStreetMap/Overpass", "highway": "service", "surface": "concrete:plates" }, "geometry": { "type": "LineString", "coordinates": [ [ -71.5426368, -32.9717676 ], [ -71.5425994, -32.9717646 ], [ -71.5425663, -32.9717619 ] ] } },
{ "type": "Feature", "properties": { "osm_id": "way/1414719494", "name": null, "source": "OpenStreetMap/Overpass", "highway": "service", "surface": null }, "geometry": { "type": "LineString", "coordinates": [ [ -71.5432932, -32.9727534 ], [ -71.5432987, -32.972702 ], [ -71.5433008, -32.972682 ] ] } },
{ "type": "Feature", "properties": { "osm_id": "way/1414719492", "name": null, "source": "OpenStreetMap/Overpass", "highway": "service", "surface": null }, "geometry": { "type": "LineString", "coordinates": [ [ -71.5433008, -32.972682 ], [ -71.5433308, -32.9724023 ] ] } },
{ "type": "Feature", "properties": { "osm_id": "way/1262978539", "name": null, "source": "OpenStreetMap/Overpass", "highway": "footway", "surface": null }, "geometry": { "type": "LineString", "coordinates": [ [ -71.5426805, -32.971712 ], [ -71.5425617, -32.9726251 ] ] } },
{ "type": "Feature", "properties": { "osm_id": "way/1262978541", "name": null, "source": "OpenStreetMap/Overpass", "highway": "footway", "surface": null }, "geometry": { "type": "LineString", "coordinates": [ [ -71.5433677, -32.9717638 ], [ -71.5433723, -32.9717215 ] ] } },
{ "type": "Feature", "properties": { "osm_id": "way/1113723044", "name": null, "source": "OpenStreetMap/Overpass", "highway": "footway", "surface": null }, "geometry": { "type": "LineString", "coordinates": [ [ -71.5427257, -32.9716278 ], [ -71.5427218, -32.9716614 ], [ -71.5427172, -32.9717114 ] ] } },
{ "type": "Feature", "properties": { "osm_id": "way/23335410", "name": null, "source": "OpenStreetMap/Overpass", "highway": "service", "surface": null }, "geometry": { "type": "LineString", "coordinates": [ [ -71.5431524, -32.9716997 ], [ -71.5431543, -32.9716705 ], [ -71.5431603, -32.9715094 ], [ -71.5432038, -32.9714915 ], [ -71.5433436, -32.9714923 ] ] } },
{ "type": "Feature", "properties": { "osm_id": "way/1414160851", "name": null, "source": "OpenStreetMap/Overpass", "highway": "service", "surface": null }, "geometry": { "type": "LineString", "coordinates": [ [ -71.5433436, -32.9714923 ], [ -71.5434743, -32.9715025 ] ] } },
{ "type": "Feature", "properties": { "osm_id": "way/1007368561", "name": null, "source": "OpenStreetMap/Overpass", "highway": "service", "surface": null }, "geometry": { "type": "LineString", "coordinates": [ [ -71.5427562, -32.9713802 ], [ -71.5434294, -32.9714224 ], [ -71.5435092, -32.9713734 ] ] } },
{ "type": "Feature", "properties": { "osm_id": "way/1303967317", "name": null, "source": "OpenStreetMap/Overpass", "highway": "service", "surface": null }, "geometry": { "type": "LineString", "coordinates": [ [ -71.5426804, -32.9713751 ], [ -71.5427244, -32.9713779 ], [ -71.5427562, -32.9713802 ] ] } },
{ "type": "Feature", "properties": { "osm_id": "way/1007368560", "name": null, "source": "OpenStreetMap/Overpass", "highway": "service", "surface": null }, "geometry": { "type": "LineString", "coordinates": [ [ -71.5427717, -32.971193 ], [ -71.5434698, -32.9712351 ] ] } },
{ "type": "Feature", "properties": { "osm_id": "way/1006752894", "name": null, "source": "OpenStreetMap/Overpass", "highway": "service", "surface": "concrete:plates" }, "geometry": { "type": "LineString", "coordinates": [ [ -71.5425663, -32.9717619 ], [ -71.542322, -32.9717399 ], [ -71.5420997, -32.97172 ], [ -71.5420903, -32.9716969 ], [ -71.542085, -32.971671 ] ] } },
{ "type": "Feature", "properties": { "osm_id": "way/1369640791", "name": null, "source": "OpenStreetMap/Overpass", "highway": "service", "surface": "concrete:plates" }, "geometry": { "type": "LineString", "coordinates": [ [ -71.542085, -32.971671 ], [ -71.5420809, -32.9716479 ], [ -71.5420836, -32.9716078 ] ] } },
{ "type": "Feature", "properties": { "osm_id": "way/23335411", "name": "Angamos", "source": "OpenStreetMap/Overpass", "highway": "primary", "surface": "concrete" }, "geometry": { "type": "LineString", "coordinates": [ [ -71.5437961, -32.9718849 ], [ -71.543758, -32.9718364 ], [ -71.5437057, -32.9717908 ], [ -71.5436658, -32.9717699 ], [ -71.5436229, -32.9717538 ], [ -71.5435776, -32.971743 ], [ -71.543408, -32.971725 ], [ -71.5433723, -32.9717215 ], [ -71.5431524, -32.9716997 ], [ -71.5429861, -32.9716849 ], [ -71.5427526, -32.9716641 ], [ -71.5427218, -32.9716614 ], [ -71.5426501, -32.971655 ], [ -71.5420836, -32.9716078 ], [ -71.5414911, -32.9715513 ], [ -71.5414104, -32.9715436 ], [ -71.540470543937275, -32.971475166226647 ] ] } },
{ "type": "Feature", "properties": { "osm_id": "way/1262978540", "name": null, "source": "OpenStreetMap/Overpass", "highway": "footway", "surface": null }, "geometry": { "type": "LineString", "coordinates": [ [ -71.5437448, -32.9717218 ], [ -71.5431543, -32.9716705 ], [ -71.5427257, -32.9716278 ], [ -71.5426966, -32.9716241 ], [ -71.5426538, -32.9716208 ], [ -71.5426025, -32.9716167 ], [ -71.5424497, -32.9716046 ], [ -71.5415379, -32.971525 ], [ -71.5414135, -32.9715141 ], [ -71.54046969290242, -32.971445453596466 ] ] } },
{ "type": "Feature", "properties": { "osm_id": "way/628660829", "name": null, "source": "OpenStreetMap/Overpass", "highway": "service", "surface": null }, "geometry": { "type": "LineString", "coordinates": [ [ -71.5423033, -32.9713351 ], [ -71.5418733, -32.9713002 ], [ -71.5418556, -32.971453 ] ] } },
{ "type": "Feature", "properties": { "osm_id": "way/628660828", "name": null, "source": "OpenStreetMap/Overpass", "highway": "service", "surface": "asphalt" }, "geometry": { "type": "LineString", "coordinates": [ [ -71.5422857, -32.9714879 ], [ -71.5424658, -32.9715025 ], [ -71.5425062, -32.971152 ] ] } },
{ "type": "Feature", "properties": { "osm_id": "way/628660827", "name": null, "source": "OpenStreetMap/Overpass", "highway": "service", "surface": "asphalt" }, "geometry": { "type": "LineString", "coordinates": [ [ -71.5415599, -32.971429 ], [ -71.5418556, -32.971453 ], [ -71.5422857, -32.9714879 ], [ -71.5423033, -32.9713351 ], [ -71.5423261, -32.9711374 ], [ -71.5425062, -32.971152 ], [ -71.5425953, -32.9711593 ] ] } },
{ "type": "Feature", "properties": { "osm_id": "way/995355364", "name": null, "source": "OpenStreetMap/Overpass", "highway": "service", "surface": "asphalt" }, "geometry": { "type": "LineString", "coordinates": [ [ -71.5427109, -32.9710924 ], [ -71.5426644, -32.9710893 ], [ -71.5425137, -32.9710793 ], [ -71.5423261, -32.9711374 ] ] } },
{ "type": "Feature", "properties": { "osm_id": "way/23582684", "name": "Almirante Lynch", "source": "OpenStreetMap/Overpass", "highway": "residential", "surface": "asphalt" }, "geometry": { "type": "LineString", "coordinates": [ [ -71.5415233, -32.9705299 ], [ -71.5414135, -32.9715141 ], [ -71.5414104, -32.9715436 ] ] } },
{ "type": "Feature", "properties": { "osm_id": "way/23582834", "name": "Rafael Sotomayor", "source": "OpenStreetMap/Overpass", "highway": "residential", "surface": "asphalt" }, "geometry": { "type": "LineString", "coordinates": [ [ -71.5415233, -32.9705299 ], [ -71.5426648, -32.9706259 ], [ -71.5427183, -32.9706304 ], [ -71.5427605, -32.970634 ] ] } },
{ "type": "Feature", "properties": { "osm_id": "way/1303967315", "name": null, "source": "OpenStreetMap/Overpass", "highway": "service", "surface": null }, "geometry": { "type": "LineString", "coordinates": [ [ -71.5427005, -32.9711887 ], [ -71.5427456, -32.9711909 ], [ -71.5427717, -32.971193 ] ] } },
{ "type": "Feature", "properties": { "osm_id": "way/1414160852", "name": null, "source": "OpenStreetMap/Overpass", "highway": "service", "surface": "asphalt" }, "geometry": { "type": "LineString", "coordinates": [ [ -71.5425953, -32.9711593 ], [ -71.5426556, -32.9711641 ], [ -71.5427028, -32.971168 ] ] } },
{ "type": "Feature", "properties": { "osm_id": "way/23582827", "name": "Carlos Condell", "source": "OpenStreetMap/Overpass", "highway": "unclassified", "surface": "concrete" }, "geometry": { "type": "LineString", "coordinates": [ [ -71.5427605, -32.970634 ], [ -71.5427109, -32.9710924 ], [ -71.5427084, -32.9711161 ], [ -71.5427028, -32.971168 ], [ -71.5427005, -32.9711887 ], [ -71.5426804, -32.9713751 ], [ -71.5426596, -32.9715675 ], [ -71.5426538, -32.9716208 ], [ -71.5426501, -32.971655 ] ] } },
{ "type": "Feature", "properties": { "osm_id": "way/1003714223", "name": null, "source": "OpenStreetMap/Overpass", "highway": "service", "surface": null }, "geometry": { "type": "LineString", "coordinates": [ [ -71.543567, -32.9711611 ], [ -71.5434301, -32.9711568 ], [ -71.5431659, -32.9711422 ], [ -71.5431663, -32.9711231 ] ] } },
{ "type": "Feature", "properties": { "osm_id": "way/1271520008", "name": null, "source": "OpenStreetMap/Overpass", "highway": "service", "surface": null }, "geometry": { "type": "LineString", "coordinates": [ [ -71.5431659, -32.9711422 ], [ -71.5431045, -32.9711386 ] ] } },
{ "type": "Feature", "properties": { "osm_id": "way/1003714222", "name": null, "source": "OpenStreetMap/Overpass", "highway": "service", "surface": null }, "geometry": { "type": "LineString", "coordinates": [ [ -71.5431048, -32.9711196 ], [ -71.5431045, -32.9711386 ], [ -71.5428467, -32.9711236 ], [ -71.5427538, -32.9711181 ], [ -71.5427084, -32.9711161 ] ] } },
{ "type": "Feature", "properties": { "osm_id": "way/1262978537", "name": null, "source": "OpenStreetMap/Overpass", "highway": "footway", "surface": null }, "geometry": { "type": "LineString", "coordinates": [ [ -71.5426025, -32.9716167 ], [ -71.5426556, -32.9711641 ], [ -71.5426644, -32.9710893 ], [ -71.5427183, -32.9706304 ], [ -71.5427244, -32.9705786 ], [ -71.5427819, -32.9700952 ] ] } },
{ "type": "Feature", "properties": { "osm_id": "way/1262978536", "name": null, "source": "OpenStreetMap/Overpass", "highway": "footway", "surface": null }, "geometry": { "type": "LineString", "coordinates": [ [ -71.54286, -32.9700831 ], [ -71.5428129, -32.9705875 ], [ -71.5428081, -32.970638 ], [ -71.5427538, -32.9711181 ], [ -71.5427456, -32.9711909 ], [ -71.5427244, -32.9713779 ], [ -71.5426966, -32.9716241 ] ] } },
{ "type": "Feature", "properties": { "osm_id": "way/23582836", "name": "Rafael Sotomayor", "source": "OpenStreetMap/Overpass", "highway": "unclassified", "surface": "concrete" }, "geometry": { "type": "LineString", "coordinates": [ [ -71.5434218, -32.9706896 ], [ -71.5433489, -32.9706835 ], [ -71.5431326, -32.9706653 ], [ -71.5428578, -32.9706422 ], [ -71.5428081, -32.970638 ], [ -71.5427605, -32.970634 ] ] } },
{ "type": "Feature", "properties": { "osm_id": "way/1414719503", "name": null, "source": "OpenStreetMap/Overpass", "highway": "footway", "surface": null }, "geometry": { "type": "LineString", "coordinates": [ [ -71.5427244, -32.9705786 ], [ -71.5427667, -32.9705829 ], [ -71.5428129, -32.9705875 ] ] } },
{ "type": "Feature", "properties": { "osm_id": "way/1007368533", "name": null, "source": "OpenStreetMap/Overpass", "highway": "service", "surface": null }, "geometry": { "type": "LineString", "coordinates": [ [ -71.5431326, -32.9706653 ], [ -71.5431603, -32.9704015 ], [ -71.5433416, -32.9703867 ], [ -71.5434306, -32.970402 ] ] } },
{ "type": "Feature", "properties": { "osm_id": "way/326475546", "name": "Carlos Condell", "source": "OpenStreetMap/Overpass", "highway": "unclassified", "surface": null }, "geometry": { "type": "LineString", "coordinates": [ [ -71.5428258, -32.9700888 ], [ -71.5427667, -32.9705829 ], [ -71.5427605, -32.970634 ] ] } },
{ "type": "Feature", "properties": { "osm_id": "way/23583072", "name": "Bellavista", "source": "OpenStreetMap/Overpass", "highway": "primary", "surface": "paved" }, "geometry": { "type": "LineString", "coordinates": [ [ -71.5432417, -32.970025 ], [ -71.543359, -32.9700919 ], [ -71.5434113, -32.9701127 ], [ -71.543465, -32.970129 ], [ -71.5435106, -32.9701409 ], [ -71.5435651, -32.9701508 ], [ -71.5436205, -32.9701566 ] ] } },
{ "type": "Feature", "properties": { "osm_id": "way/829460326", "name": "Bellavista", "source": "OpenStreetMap/Overpass", "highway": "residential", "surface": "concrete" }, "geometry": { "type": "LineString", "coordinates": [ [ -71.5429486, -32.9696559 ], [ -71.542954, -32.9696852 ], [ -71.5429567, -32.9697369 ], [ -71.5429567, -32.9697707 ], [ -71.5429627, -32.9698095 ], [ -71.5429729, -32.9698359 ], [ -71.5429889, -32.9698601 ], [ -71.543004, -32.9698763 ], [ -71.5430217, -32.9698905 ], [ -71.5431297, -32.9699608 ], [ -71.5432417, -32.970025 ] ] } },
{ "type": "Feature", "properties": { "osm_id": "way/763973847", "name": "Bellavista", "source": "OpenStreetMap/Overpass", "highway": "residential", "surface": "paved" }, "geometry": { "type": "LineString", "coordinates": [ [ -71.5423405, -32.9695193 ], [ -71.5425369, -32.9695479 ], [ -71.5426308, -32.9695564 ], [ -71.5427984, -32.9695676 ], [ -71.5428467, -32.9695749 ], [ -71.5428916, -32.9695879 ], [ -71.5429127, -32.9696023 ], [ -71.5429299, -32.9696199 ], [ -71.5429411, -32.9696372 ], [ -71.5429486, -32.9696559 ] ] } },
{ "type": "Feature", "properties": { "osm_id": "way/897761038", "name": "Bellavista", "source": "OpenStreetMap/Overpass", "highway": "residential", "surface": "paved" }, "geometry": { "type": "LineString", "coordinates": [ [ -71.5423405, -32.9695193 ], [ -71.5423195, -32.9694985 ], [ -71.5423027, -32.9694751 ], [ -71.5422906, -32.9694498 ], [ -71.5422841, -32.9694129 ], [ -71.5422864, -32.9693853 ], [ -71.5422962, -32.9693589 ], [ -71.5423126, -32.9693321 ], [ -71.5423344, -32.9693083 ], [ -71.5423506, -32.9692935 ], [ -71.5423726, -32.9692734 ], [ -71.5426201, -32.9690641 ], [ -71.5430975, -32.9686883 ], [ -71.5433711, -32.9684509 ], [ -71.5434506, -32.9683818 ], [ -71.543535, -32.9683169 ], [ -71.5436141, -32.9682626 ], [ -71.5436966, -32.968212 ] ] } },
{ "type": "Feature", "properties": { "osm_id": "way/1414719506", "name": null, "source": "OpenStreetMap/Overpass", "highway": "service", "surface": null }, "geometry": { "type": "LineString", "coordinates": [ [ -71.5437081, -32.9669915 ], [ -71.5434057, -32.9669752 ], [ -71.5433359, -32.9669686 ], [ -71.5432656, -32.9669699 ], [ -71.5431962, -32.9669789 ], [ -71.5431436, -32.9669911 ], [ -71.5430929, -32.9670078 ], [ -71.5430444, -32.9670288 ] ] } },
{ "type": "Feature", "properties": { "osm_id": "way/23582897", "name": "Las Perdices", "source": "OpenStreetMap/Overpass", "highway": "residential", "surface": "paved" }, "geometry": { "type": "LineString", "coordinates": [ [ -71.5436497, -32.9657061 ], [ -71.5436246, -32.9658023 ], [ -71.5435763, -32.9659557 ], [ -71.5435704, -32.9660322 ], [ -71.5435562, -32.9661481 ], [ -71.5435495, -32.9661773 ], [ -71.543539, -32.9662057 ], [ -71.5435163, -32.9662458 ], [ -71.5434859, -32.9662821 ], [ -71.5434487, -32.9663137 ], [ -71.5434057, -32.9663395 ], [ -71.5433581, -32.9663589 ], [ -71.5433073, -32.9663713 ], [ -71.54317, -32.9663713 ], [ -71.5428438, -32.9663569 ], [ -71.5427729, -32.9663509 ], [ -71.5427037, -32.9663364 ], [ -71.5426378, -32.9663137 ], [ -71.5425823, -32.9662867 ], [ -71.5425314, -32.9662538 ], [ -71.542486, -32.9662158 ], [ -71.5424469, -32.9661731 ], [ -71.5424147, -32.9661265 ] ] } },
{ "type": "Feature", "properties": { "osm_id": "way/23582905", "name": "Las Bandurrias", "source": "OpenStreetMap/Overpass", "highway": "residential", "surface": "paved" }, "geometry": { "type": "LineString", "coordinates": [ [ -71.5424147, -32.9661265 ], [ -71.542449, -32.9660545 ], [ -71.5425692, -32.9659105 ], [ -71.5426893, -32.9657808 ], [ -71.5428095, -32.9656656 ], [ -71.5429039, -32.9655936 ], [ -71.5429842, -32.9655549 ], [ -71.5430695, -32.9655268 ], [ -71.5431658, -32.9655063 ], [ -71.543253, -32.965498 ], [ -71.5433495, -32.9655036 ] ] } },
{ "type": "Feature", "properties": { "osm_id": "way/1410380567", "name": null, "source": "OpenStreetMap/Overpass", "highway": "service", "surface": null }, "geometry": { "type": "LineString", "coordinates": [ [ -71.5431758, -32.9649756 ], [ -71.5432609, -32.9649778 ] ] } },
{ "type": "Feature", "properties": { "osm_id": "way/1023645519", "name": "Rafael Sotomayor", "source": "OpenStreetMap/Overpass", "highway": "residential", "surface": "unpaved" }, "geometry": { "type": "LineString", "coordinates": [ [ -71.5408296, -32.970761 ], [ -71.5409356, -32.9705268 ], [ -71.5409558, -32.9705076 ], [ -71.5409932, -32.9704898 ], [ -71.5410281, -32.9704842 ], [ -71.5412056, -32.9704945 ], [ -71.5415233, -32.9705299 ] ] } },
{ "type": "Feature", "properties": { "osm_id": "way/24911113", "name": "Santa Luisa", "source": "OpenStreetMap/Overpass", "highway": "primary", "surface": "paved" }, "geometry": { "type": "LineString", "coordinates": [ [ -71.540438422248599, -32.970353684728089 ], [ -71.5408611, -32.9702391 ], [ -71.540966, -32.9702149 ], [ -71.5410731, -32.9701985 ], [ -71.5411814, -32.9701898 ], [ -71.5412741, -32.9701886 ], [ -71.5413667, -32.9701932 ], [ -71.5415293, -32.970209 ], [ -71.5417366, -32.9702166 ], [ -71.5419512, -32.9702094 ], [ -71.5421486, -32.9701878 ], [ -71.5427819, -32.9700952 ], [ -71.5428258, -32.9700888 ], [ -71.54286, -32.9700831 ], [ -71.5431241, -32.9700394 ], [ -71.5431957, -32.9700294 ], [ -71.5432417, -32.970025 ] ] } },
{ "type": "Feature", "properties": { "osm_id": "way/585993725", "name": "Avenida Edmundo Eluchans", "source": "OpenStreetMap/Overpass", "highway": "primary", "surface": "asphalt" }, "geometry": { "type": "LineString", "coordinates": [ [ -71.54041126789518, -32.969405630431552 ], [ -71.5409445, -32.9690326 ], [ -71.5410272, -32.9689811 ] ] } },
{ "type": "Feature", "properties": { "osm_id": "way/987791276", "name": null, "source": "OpenStreetMap/Overpass", "highway": "service", "surface": null }, "geometry": { "type": "LineString", "coordinates": [ [ -71.5410272, -32.9689811 ], [ -71.5409547, -32.968921 ], [ -71.5410931, -32.9686052 ] ] } },
{ "type": "Feature", "properties": { "osm_id": "way/23582929", "name": "Los Faisanes", "source": "OpenStreetMap/Overpass", "highway": "residential", "surface": "asphalt" }, "geometry": { "type": "LineString", "coordinates": [ [ -71.540328365065307, -32.966511200104136 ], [ -71.5403384, -32.9665064 ], [ -71.5403891, -32.966474 ], [ -71.5404371, -32.9664337 ], [ -71.540478, -32.9663881 ], [ -71.5405108, -32.9663382 ], [ -71.540535, -32.9662849 ], [ -71.5405951, -32.9661337 ], [ -71.5406122, -32.9659897 ], [ -71.5406551, -32.9650679 ] ] } },
{ "type": "Feature", "properties": { "osm_id": "way/23582913", "name": "Los Zorzales", "source": "OpenStreetMap/Overpass", "highway": "residential", "surface": "asphalt" }, "geometry": { "type": "LineString", "coordinates": [ [ -71.5407183, -32.9650704 ], [ -71.5406551, -32.9650679 ], [ -71.540286453299601, -32.965047912470936 ] ] } },
{ "type": "Feature", "properties": { "osm_id": "way/802535443", "name": null, "source": "OpenStreetMap/Overpass", "highway": "service", "surface": null }, "geometry": { "type": "LineString", "coordinates": [ [ -71.5402711, -32.9642357 ], [ -71.540263205780505, -32.964236259546432 ] ] } },
{ "type": "Feature", "properties": { "osm_id": "way/802535444", "name": null, "source": "OpenStreetMap/Overpass", "highway": "service", "surface": null }, "geometry": { "type": "LineString", "coordinates": [ [ -71.540260241720134, -32.964132773739848 ], [ -71.5402711, -32.9642357 ], [ -71.5402892, -32.964407 ] ] } },
{ "type": "Feature", "properties": { "osm_id": "way/23582955", "name": "Los Cormoranes", "source": "OpenStreetMap/Overpass", "highway": "residential", "surface": "concrete" }, "geometry": { "type": "LineString", "coordinates": [ [ -71.5411814, -32.9650895 ], [ -71.5409813, -32.9639517 ], [ -71.5408111, -32.9630572 ] ] } },
{ "type": "Feature", "properties": { "osm_id": "way/987791274", "name": null, "source": "OpenStreetMap/Overpass", "highway": "service", "surface": null }, "geometry": { "type": "LineString", "coordinates": [ [ -71.540242316684186, -32.963506947483452 ], [ -71.5403798, -32.9634986 ] ] } },
{ "type": "Feature", "properties": { "osm_id": "way/24399313", "name": "Tito Livio Moggia", "source": "OpenStreetMap/Overpass", "highway": "residential", "surface": "paved" }, "geometry": { "type": "LineString", "coordinates": [ [ -71.5410272, -32.9689811 ], [ -71.5411617, -32.969076 ], [ -71.5414696, -32.9692065 ], [ -71.5419489, -32.9693959 ], [ -71.5422419, -32.9694977 ], [ -71.5423405, -32.9695193 ] ] } },
{ "type": "Feature", "properties": { "osm_id": "way/1414719508", "name": null, "source": "OpenStreetMap/Overpass", "highway": "service", "surface": null }, "geometry": { "type": "LineString", "coordinates": [ [ -71.5423506, -32.9692935 ], [ -71.5420579, -32.9691099 ], [ -71.5420169, -32.9690917 ], [ -71.5419821, -32.9690831 ], [ -71.541946, -32.9690795 ], [ -71.5419097, -32.9690812 ], [ -71.5418743, -32.9690881 ], [ -71.5418382, -32.969105 ], [ -71.5417987, -32.9691153 ], [ -71.5417624, -32.9691185 ], [ -71.541726, -32.9691161 ], [ -71.5416908, -32.9691081 ], [ -71.541586, -32.9690649 ], [ -71.5414769, -32.9690301 ], [ -71.54137, -32.9690052 ], [ -71.5413148, -32.9690002 ], [ -71.5412609, -32.9689885 ], [ -71.5412124, -32.9689716 ], [ -71.5411671, -32.9689493 ], [ -71.5411257, -32.9689221 ] ] } },
{ "type": "Feature", "properties": { "osm_id": "way/1324940486", "name": "Avenida Edmundo Eluchans", "source": "OpenStreetMap/Overpass", "highway": "primary", "surface": "asphalt" }, "geometry": { "type": "LineString", "coordinates": [ [ -71.5410272, -32.9689811 ], [ -71.5411257, -32.9689221 ], [ -71.5411511, -32.9689069 ], [ -71.5414569, -32.9687556 ], [ -71.5417003, -32.9686352 ], [ -71.5434958, -32.9677646 ] ] } },
{ "type": "Feature", "properties": { "osm_id": "way/1414719507", "name": null, "source": "OpenStreetMap/Overpass", "highway": "service", "surface": null }, "geometry": { "type": "LineString", "coordinates": [ [ -71.5431854, -32.9671891 ], [ -71.5431556, -32.9671361 ], [ -71.5431163, -32.9670876 ], [ -71.5430718, -32.9670473 ], [ -71.5430444, -32.9670288 ], [ -71.5430208, -32.9670129 ], [ -71.5429644, -32.9669851 ], [ -71.5429037, -32.9669644 ], [ -71.5428402, -32.9669514 ], [ -71.542775, -32.9669462 ], [ -71.5426183, -32.966937 ], [ -71.5424613, -32.9669321 ], [ -71.5423042, -32.9669317 ], [ -71.5421362, -32.9669238 ], [ -71.541969, -32.9669081 ], [ -71.5418031, -32.9668846 ], [ -71.541651, -32.9668554 ], [ -71.5415011, -32.9668191 ], [ -71.5414291, -32.9667937 ], [ -71.5413538, -32.9667759 ], [ -71.5412724, -32.9667659 ], [ -71.54119, -32.9667649 ], [ -71.5411083, -32.966773 ], [ -71.5410285, -32.9667901 ], [ -71.5409521, -32.9668158 ], [ -71.540878, -32.9668335 ], [ -71.5408022, -32.966845 ], [ -71.5407254, -32.9668501 ], [ -71.5406484, -32.9668488 ], [ -71.5405719, -32.9668411 ], [ -71.540337019792105, -32.966813367156178 ] ] } },
{ "type": "Feature", "properties": { "osm_id": "way/1410380661", "name": "Los Zorzales", "source": "OpenStreetMap/Overpass", "highway": "residential", "surface": "concrete" }, "geometry": { "type": "LineString", "coordinates": [ [ -71.5419941, -32.9651355 ], [ -71.5411814, -32.9650895 ], [ -71.5407183, -32.9650704 ] ] } },
{ "type": "Feature", "properties": { "osm_id": "way/763973594", "name": "Las Perdices", "source": "OpenStreetMap/Overpass", "highway": "residential", "surface": "concrete" }, "geometry": { "type": "LineString", "coordinates": [ [ -71.5424147, -32.9661265 ], [ -71.5422516, -32.9658385 ], [ -71.5421143, -32.9655432 ], [ -71.5420542, -32.9653416 ], [ -71.5419941, -32.9651355 ], [ -71.5417299, -32.9639046 ], [ -71.5416208, -32.9632757 ] ] } },
{ "type": "Feature", "properties": { "osm_id": "way/23582964", "name": "Los Tordos", "source": "OpenStreetMap/Overpass", "highway": "residential", "surface": "paved" }, "geometry": { "type": "LineString", "coordinates": [ [ -71.5416208, -32.9632757 ], [ -71.5418569, -32.9633062 ], [ -71.542094, -32.9633301 ], [ -71.5423235, -32.963347 ], [ -71.5425535, -32.9633577 ], [ -71.5427838, -32.9633623 ], [ -71.5430141, -32.9633607 ] ] } },
{ "type": "Feature", "properties": { "osm_id": "way/23582973", "name": "Las Perdices", "source": "OpenStreetMap/Overpass", "highway": "residential", "surface": "paved" }, "geometry": { "type": "LineString", "coordinates": [ [ -71.5416208, -32.9632757 ], [ -71.5416171, -32.9628 ], [ -71.5415156, -32.9611552 ], [ -71.5415122, -32.9611034 ] ] } },
{ "type": "Feature", "properties": { "osm_id": "way/1535301632", "name": "Las Perdices", "source": "OpenStreetMap/Overpass", "highway": "residential", "surface": null }, "geometry": { "type": "LineString", "coordinates": [ [ -71.5415122, -32.9611034 ], [ -71.5415027, -32.961083 ], [ -71.5414914, -32.9610658 ], [ -71.5414777, -32.9610503 ], [ -71.5414602, -32.9610373 ], [ -71.5414437, -32.9610292 ], [ -71.5414262, -32.9610218 ], [ -71.5413876, -32.9610094 ] ] } },
{ "type": "Feature", "properties": { "osm_id": "way/1535301634", "name": "Las Perdices", "source": "OpenStreetMap/Overpass", "highway": "residential", "surface": "paved" }, "geometry": { "type": "LineString", "coordinates": [ [ -71.5414515, -32.9608315 ], [ -71.5415022, -32.9609133 ], [ -71.5415122, -32.9611034 ] ] } },
{ "type": "Feature", "properties": { "osm_id": "way/1413383774", "name": null, "source": "OpenStreetMap/Overpass", "highway": "service", "surface": null }, "geometry": { "type": "LineString", "coordinates": [ [ -71.5427461, -32.9641685 ], [ -71.5430646, -32.9641658 ] ] } },
{ "type": "Feature", "properties": { "osm_id": "way/1413383775", "name": null, "source": "OpenStreetMap/Overpass", "highway": "service", "surface": null }, "geometry": { "type": "LineString", "coordinates": [ [ -71.542545, -32.9638692 ], [ -71.5430453, -32.9638577 ] ] } },
{ "type": "Feature", "properties": { "osm_id": "way/24911156", "name": "Las Golondrinas", "source": "OpenStreetMap/Overpass", "highway": "residential", "surface": "paved" }, "geometry": { "type": "LineString", "coordinates": [ [ -71.5436497, -32.9657061 ], [ -71.5435701, -32.9656955 ], [ -71.5434968, -32.965673 ], [ -71.543438, -32.9656426 ], [ -71.5433937, -32.9656037 ], [ -71.5433697, -32.9655694 ], [ -71.5433495, -32.9655036 ], [ -71.5433064, -32.9653634 ], [ -71.543273, -32.9652408 ], [ -71.5431957, -32.9650319 ], [ -71.5431758, -32.9649756 ], [ -71.5431271, -32.9648375 ], [ -71.5430927, -32.9646142 ], [ -71.5430646, -32.9641658 ], [ -71.5430453, -32.9638577 ], [ -71.5430141, -32.9633607 ], [ -71.5429695, -32.9627498 ], [ -71.542918, -32.9616478 ], [ -71.5428914, -32.9613937 ], [ -71.5428822, -32.9613234 ], [ -71.5428442, -32.9610792 ], [ -71.5428302, -32.9609965 ], [ -71.5428076, -32.9609151 ], [ -71.5427761, -32.9608342 ], [ -71.5427361, -32.960756 ] ] } },
{ "type": "Feature", "properties": { "osm_id": "way/94321437", "name": "Pasaje Las Golondrinas", "source": "OpenStreetMap/Overpass", "highway": "residential", "surface": "asphalt" }, "geometry": { "type": "LineString", "coordinates": [ [ -71.5429695, -32.9627498 ], [ -71.5437715, -32.9627253 ] ] } },
{ "type": "Feature", "properties": { "osm_id": "way/1410380586", "name": null, "source": "OpenStreetMap/Overpass", "highway": "service", "surface": null }, "geometry": { "type": "LineString", "coordinates": [ [ -71.5428914, -32.9613937 ], [ -71.5429553, -32.9613853 ] ] } },
{ "type": "Feature", "properties": { "osm_id": "way/538500060", "name": "Las Golondrinas", "source": "OpenStreetMap/Overpass", "highway": "residential", "surface": "asphalt" }, "geometry": { "type": "LineString", "coordinates": [ [ -71.5428377, -32.9589161 ], [ -71.5428432, -32.9589628 ], [ -71.5428711, -32.9594368 ], [ -71.5428761, -32.9594875 ], [ -71.5428763, -32.9595384 ], [ -71.5428718, -32.9595881 ], [ -71.5428627, -32.9596373 ], [ -71.542665, -32.9603625 ], [ -71.5426619, -32.9604178 ], [ -71.5426629, -32.9604732 ], [ -71.5426706, -32.9605456 ], [ -71.5426854, -32.9606172 ], [ -71.5427073, -32.9606875 ], [ -71.5427361, -32.960756 ] ] } },
{ "type": "Feature", "properties": { "osm_id": "way/1410380603", "name": "Las Golondrinas", "source": "OpenStreetMap/Overpass", "highway": "residential", "surface": "asphalt" }, "geometry": { "type": "LineString", "coordinates": [ [ -71.5428377, -32.9589161 ], [ -71.5428293, -32.9588401 ] ] } },
{ "type": "Feature", "properties": { "osm_id": "way/1410380602", "name": "Las Golondrinas", "source": "OpenStreetMap/Overpass", "highway": "residential", "surface": "asphalt" }, "geometry": { "type": "LineString", "coordinates": [ [ -71.5428293, -32.9588401 ], [ -71.5428251, -32.9587659 ] ] } },
{ "type": "Feature", "properties": { "osm_id": "way/1243597094", "name": null, "source": "OpenStreetMap/Overpass", "highway": "footway", "surface": null }, "geometry": { "type": "LineString", "coordinates": [ [ -71.5427189, -32.9587644 ], [ -71.5427177, -32.9588389 ] ] } },
{ "type": "Feature", "properties": { "osm_id": "way/1243597095", "name": null, "source": "OpenStreetMap/Overpass", "highway": "footway", "surface": null }, "geometry": { "type": "LineString", "coordinates": [ [ -71.5429241, -32.9587593 ], [ -71.5429308, -32.9588333 ] ] } },
{ "type": "Feature", "properties": { "osm_id": "way/1410380660", "name": "Los Tordos", "source": "OpenStreetMap/Overpass", "highway": "residential", "surface": "paved" }, "geometry": { "type": "LineString", "coordinates": [ [ -71.5402957, -32.9629165 ], [ -71.5403968, -32.9629425 ], [ -71.5408111, -32.9630572 ], [ -71.5416208, -32.9632757 ] ] } },
{ "type": "Feature", "properties": { "osm_id": "way/1414160877", "name": "Los Tordos", "source": "OpenStreetMap/Overpass", "highway": "residential", "surface": "asphalt" }, "geometry": { "type": "LineString", "coordinates": [ [ -71.540224883318203, -32.962898287160321 ], [ -71.5402957, -32.9629165 ] ] } },
{ "type": "Feature", "properties": { "osm_id": "way/316974629", "name": null, "source": "OpenStreetMap/Overpass", "highway": "footway", "surface": null }, "geometry": { "type": "LineString", "coordinates": [ [ -71.5405478, -32.9626932 ], [ -71.5403968, -32.9629425 ] ] } },
{ "type": "Feature", "properties": { "osm_id": "way/316974630", "name": null, "source": "OpenStreetMap/Overpass", "highway": "footway", "surface": null }, "geometry": { "type": "LineString", "coordinates": [ [ -71.5407785, -32.9625829 ], [ -71.5412046, -32.9627226 ] ] } },
{ "type": "Feature", "properties": { "osm_id": "way/316974628", "name": null, "source": "OpenStreetMap/Overpass", "highway": "footway", "surface": null }, "geometry": { "type": "LineString", "coordinates": [ [ -71.540572, -32.9623196 ], [ -71.5406337, -32.9623061 ], [ -71.5407088, -32.9623196 ], [ -71.5407544, -32.9623511 ], [ -71.5408053, -32.9624209 ], [ -71.5408187, -32.9624704 ], [ -71.540808, -32.9625222 ], [ -71.5407785, -32.9625829 ], [ -71.5406927, -32.9626505 ], [ -71.5406229, -32.962682 ], [ -71.5405478, -32.9626932 ], [ -71.5404835, -32.9626685 ], [ -71.540411, -32.9626099 ], [ -71.5403842, -32.9625424 ], [ -71.5403923, -32.9624547 ], [ -71.5404298, -32.9623849 ], [ -71.5404915, -32.9623534 ], [ -71.540572, -32.9623196 ] ] } },
{ "type": "Feature", "properties": { "osm_id": "way/316974632", "name": null, "source": "OpenStreetMap/Overpass", "highway": "footway", "surface": null }, "geometry": { "type": "LineString", "coordinates": [ [ -71.5407544, -32.9623511 ], [ -71.5409261, -32.9622322 ] ] } },
{ "type": "Feature", "properties": { "osm_id": "way/316974633", "name": null, "source": "OpenStreetMap/Overpass", "highway": "footway", "surface": null }, "geometry": { "type": "LineString", "coordinates": [ [ -71.540572, -32.9623196 ], [ -71.5405532, -32.9622026 ], [ -71.5405436, -32.9621514 ] ] } },
{ "type": "Feature", "properties": { "osm_id": "way/23582978", "name": "Las Taguas", "source": "OpenStreetMap/Overpass", "highway": "residential", "surface": "paved" }, "geometry": { "type": "LineString", "coordinates": [ [ -71.5416208, -32.9632757 ], [ -71.5414689, -32.9631688 ], [ -71.5414016, -32.9630689 ], [ -71.5412046, -32.9627226 ], [ -71.5409261, -32.9622322 ], [ -71.540904, -32.9620722 ], [ -71.5408783, -32.9618489 ], [ -71.5408728, -32.9617888 ], [ -71.5408757, -32.9617285 ], [ -71.5408869, -32.9616689 ], [ -71.540909, -32.9616043 ], [ -71.5409408, -32.9615426 ], [ -71.5409819, -32.9614849 ], [ -71.5413303, -32.9610784 ], [ -71.5413573, -32.9610469 ], [ -71.5413876, -32.9610094 ] ] } },
{ "type": "Feature", "properties": { "osm_id": "way/23582982", "name": "Las Tórtolas", "source": "OpenStreetMap/Overpass", "highway": "residential", "surface": "paved" }, "geometry": { "type": "LineString", "coordinates": [ [ -71.5406755, -32.9621431 ], [ -71.5405436, -32.9621514 ], [ -71.5404297, -32.9615003 ], [ -71.5403629, -32.9611616 ], [ -71.5403216, -32.96092 ], [ -71.540337, -32.9608343 ] ] } },
{ "type": "Feature", "properties": { "osm_id": "way/23582983", "name": "Las Loicas", "source": "OpenStreetMap/Overpass", "highway": "residential", "surface": "paved" }, "geometry": { "type": "LineString", "coordinates": [ [ -71.5409819, -32.9614849 ], [ -71.5405353, -32.9614913 ], [ -71.5404297, -32.9615003 ] ] } },
{ "type": "Feature", "properties": { "osm_id": "way/1535301636", "name": "Las Taguas", "source": "OpenStreetMap/Overpass", "highway": "residential", "surface": "paved" }, "geometry": { "type": "LineString", "coordinates": [ [ -71.5413876, -32.9610094 ], [ -71.5414373, -32.9609382 ], [ -71.5414422, -32.9609253 ], [ -71.5414447, -32.960914 ], [ -71.5414471, -32.9608914 ], [ -71.5414481, -32.960878 ], [ -71.5414515, -32.9608315 ] ] } },
{ "type": "Feature", "properties": { "osm_id": "way/1414160876", "name": "Avenida Luisa Nieto de Hamel", "source": "OpenStreetMap/Overpass", "highway": "secondary", "surface": "paved" }, "geometry": { "type": "LineString", "coordinates": [ [ -71.5414515, -32.9608315 ], [ -71.5423354, -32.9607922 ], [ -71.5424464, -32.9607888 ], [ -71.542557, -32.9607804 ], [ -71.5426469, -32.9607699 ], [ -71.5427361, -32.960756 ] ] } },
{ "type": "Feature", "properties": { "osm_id": "way/1410380614", "name": null, "source": "OpenStreetMap/Overpass", "highway": "service", "surface": null }, "geometry": { "type": "LineString", "coordinates": [ [ -71.5414204, -32.9602369 ], [ -71.54136, -32.9602411 ], [ -71.5413201, -32.9602439 ] ] } },
{ "type": "Feature", "properties": { "osm_id": "way/1535301635", "name": null, "source": "OpenStreetMap/Overpass", "highway": "footway", "surface": "paved" }, "geometry": { "type": "LineString", "coordinates": [ [ -71.5412752, -32.9587419 ], [ -71.5412773, -32.9588206 ], [ -71.5413017, -32.9588466 ], [ -71.54136, -32.9602411 ], [ -71.5413815, -32.9607555 ], [ -71.5413168, -32.9607581 ], [ -71.5413206, -32.960836 ] ] } },
{ "type": "Feature", "properties": { "osm_id": "way/1535301633", "name": "Las Perdices", "source": "OpenStreetMap/Overpass", "highway": "residential", "surface": "paved" }, "geometry": { "type": "LineString", "coordinates": [ [ -71.5414515, -32.9608315 ], [ -71.5414466, -32.9607433 ], [ -71.5414204, -32.9602369 ], [ -71.5413507, -32.9587996 ], [ -71.5413476, -32.9587364 ] ] } },
{ "type": "Feature", "properties": { "osm_id": "way/1113723053", "name": "Las Perdices", "source": "OpenStreetMap/Overpass", "highway": "residential", "surface": "paved" }, "geometry": { "type": "LineString", "coordinates": [ [ -71.5414607, -32.9588551 ], [ -71.5414568, -32.9587348 ] ] } },
{ "type": "Feature", "properties": { "osm_id": "way/1243597093", "name": null, "source": "OpenStreetMap/Overpass", "highway": "footway", "surface": null }, "geometry": { "type": "LineString", "coordinates": [ [ -71.5415782, -32.9587047 ], [ -71.5415718, -32.9587803 ] ] } },
{ "type": "Feature", "properties": { "osm_id": "way/1410380615", "name": "Teresa Hamel Nieto", "source": "OpenStreetMap/Overpass", "highway": "secondary", "surface": "paved" }, "geometry": { "type": "LineString", "coordinates": [ [ -71.5414568, -32.9587348 ], [ -71.5413476, -32.9587364 ] ] } },
{ "type": "Feature", "properties": { "osm_id": "way/1243597096", "name": null, "source": "OpenStreetMap/Overpass", "highway": "footway", "surface": null }, "geometry": { "type": "LineString", "coordinates": [ [ -71.541452, -32.9586019 ], [ -71.5413453, -32.9586059 ] ] } },
{ "type": "Feature", "properties": { "osm_id": "way/1535301638", "name": null, "source": "OpenStreetMap/Overpass", "highway": "footway", "surface": "paved" }, "geometry": { "type": "LineString", "coordinates": [ [ -71.541452, -32.9586019 ], [ -71.541512, -32.9586007 ] ] } },
{ "type": "Feature", "properties": { "osm_id": "way/1013193705", "name": null, "source": "OpenStreetMap/Overpass", "highway": "service", "surface": null }, "geometry": { "type": "LineString", "coordinates": [ [ -71.5407318, -32.9608564 ], [ -71.5407199, -32.960734 ] ] } },
{ "type": "Feature", "properties": { "osm_id": "way/1145845643", "name": "Avenida Luisa Nieto de Hamel", "source": "OpenStreetMap/Overpass", "highway": "secondary", "surface": "paved" }, "geometry": { "type": "LineString", "coordinates": [ [ -71.540164449650959, -32.960788334586617 ], [ -71.540337, -32.9608343 ], [ -71.5404037, -32.9608467 ], [ -71.5404713, -32.9608549 ], [ -71.5405361, -32.9608587 ], [ -71.540601, -32.9608586 ], [ -71.5407318, -32.9608564 ], [ -71.5409275, -32.9608496 ], [ -71.5413206, -32.960836 ], [ -71.5414515, -32.9608315 ] ] } },
{ "type": "Feature", "properties": { "osm_id": "way/1413383772", "name": null, "source": "OpenStreetMap/Overpass", "highway": "service", "surface": null }, "geometry": { "type": "LineString", "coordinates": [ [ -71.5407199, -32.960734 ], [ -71.5406979, -32.9605089 ] ] } },
{ "type": "Feature", "properties": { "osm_id": "way/1413383760", "name": null, "source": "OpenStreetMap/Overpass", "highway": "service", "surface": null }, "geometry": { "type": "LineString", "coordinates": [ [ -71.5406821, -32.9602696 ], [ -71.5406916, -32.9604575 ] ] } },
{ "type": "Feature", "properties": { "osm_id": "way/1013193704", "name": null, "source": "OpenStreetMap/Overpass", "highway": "service", "surface": null }, "geometry": { "type": "LineString", "coordinates": [ [ -71.5413201, -32.9602439 ], [ -71.5406821, -32.9602696 ], [ -71.54015009031167, -32.960286999382426 ] ] } },
{ "type": "Feature", "properties": { "osm_id": "way/28806025", "name": null, "source": "OpenStreetMap/Overpass", "highway": "living_street", "surface": "asphalt" }, "geometry": { "type": "LineString", "coordinates": [ [ -71.540129406857602, -32.959564867016176 ], [ -71.5403329, -32.9595686 ], [ -71.5404965, -32.9595539 ], [ -71.5406216, -32.9595391 ] ] } },
{ "type": "Feature", "properties": { "osm_id": "way/28806029", "name": null, "source": "OpenStreetMap/Overpass", "highway": "living_street", "surface": "asphalt" }, "geometry": { "type": "LineString", "coordinates": [ [ -71.5403329, -32.9595686 ], [ -71.540357, -32.9591787 ], [ -71.540361, -32.9591489 ], [ -71.5403715, -32.9591221 ], [ -71.5403979, -32.9591055 ], [ -71.5404361, -32.9590969 ], [ -71.5409756, -32.9590569 ], [ -71.5409996, -32.959059 ], [ -71.5410195, -32.9590675 ], [ -71.5410305, -32.9590785 ], [ -71.541036, -32.9590958 ], [ -71.5410698, -32.9598923 ], [ -71.5410688, -32.9599138 ], [ -71.5410588, -32.9599315 ], [ -71.541038, -32.9599401 ], [ -71.5410071, -32.9599459 ], [ -71.5403947, -32.9599639 ], [ -71.5403601, -32.9599603 ], [ -71.5403305, -32.9599468 ], [ -71.5403136, -32.9599227 ], [ -71.5403102, -32.9598901 ], [ -71.5403329, -32.9595686 ] ] } },
{ "type": "Feature", "properties": { "osm_id": "way/585993720", "name": "Teresa Hamel Nieto", "source": "OpenStreetMap/Overpass", "highway": "secondary", "surface": "paved" }, "geometry": { "type": "LineString", "coordinates": [ [ -71.5413476, -32.9587364 ], [ -71.5412752, -32.9587419 ], [ -71.5406393, -32.9587899 ], [ -71.540108827945829, -32.958846384590004 ] ] } },
{ "type": "Feature", "properties": { "osm_id": "way/1535301637", "name": null, "source": "OpenStreetMap/Overpass", "highway": "footway", "surface": "paved" }, "geometry": { "type": "LineString", "coordinates": [ [ -71.5413453, -32.9586059 ], [ -71.5412821, -32.9586084 ] ] } },
{ "type": "Feature", "properties": { "osm_id": "way/1535299232", "name": null, "source": "OpenStreetMap/Overpass", "highway": "footway", "surface": null }, "geometry": { "type": "LineString", "coordinates": [ [ -71.5412752, -32.9587419 ], [ -71.5412732, -32.9586567 ], [ -71.5412835, -32.9586479 ], [ -71.5412821, -32.9586084 ], [ -71.5412653, -32.9581512 ], [ -71.541265095050676, -32.95814561628989 ] ] } },
{ "type": "Feature", "properties": { "osm_id": "way/316976559", "name": null, "source": "OpenStreetMap/Overpass", "highway": "service", "surface": null }, "geometry": { "type": "LineString", "coordinates": [ [ -71.5413246, -32.9581722 ], [ -71.5412653, -32.9581512 ], [ -71.541250363444334, -32.958145916764153 ] ] } },
{ "type": "Feature", "properties": { "osm_id": "way/23582872", "name": "Las Tórtolas", "source": "OpenStreetMap/Overpass", "highway": "residential", "surface": "asphalt" }, "geometry": { "type": "LineString", "coordinates": [ [ -71.54009740250612, -32.958169433214216 ], [ -71.540092634428788, -32.958281011768271 ] ] } },
{ "type": "Feature", "properties": { "osm_id": "way/155799725", "name": "Teresa Hamel Nieto", "source": "OpenStreetMap/Overpass", "highway": "secondary", "surface": "paved" }, "geometry": { "type": "LineString", "coordinates": [ [ -71.5444232, -32.958824 ], [ -71.5440954, -32.9588034 ], [ -71.5438274, -32.9587614 ], [ -71.5437512, -32.9587527 ], [ -71.5436825, -32.958749 ], [ -71.5436003, -32.9587499 ], [ -71.5435136, -32.9587539 ], [ -71.5431171, -32.9588169 ], [ -71.5429308, -32.9588333 ], [ -71.5428293, -32.9588401 ], [ -71.5427177, -32.9588389 ], [ -71.5415718, -32.9587803 ], [ -71.5414568, -32.9587348 ] ] } },
{ "type": "Feature", "properties": { "osm_id": "way/95799496", "name": "Teresa Hamel Nieto", "source": "OpenStreetMap/Overpass", "highway": "secondary", "surface": "paved" }, "geometry": { "type": "LineString", "coordinates": [ [ -71.5414568, -32.9587348 ], [ -71.5415782, -32.9587047 ], [ -71.5427189, -32.9587644 ], [ -71.5428251, -32.9587659 ], [ -71.5429241, -32.9587593 ], [ -71.5431106, -32.9587455 ], [ -71.5435157, -32.9586821 ], [ -71.5435964, -32.958678 ], [ -71.5436772, -32.9586794 ], [ -71.5437588, -32.9586865 ], [ -71.5441289, -32.9587424 ], [ -71.5443263, -32.9587503 ], [ -71.5444171, -32.9587543 ] ] } },
{ "type": "Feature", "properties": { "osm_id": "way/107936767", "name": "Las Golondrinas", "source": "OpenStreetMap/Overpass", "highway": "residential", "surface": "asphalt" }, "geometry": { "type": "LineString", "coordinates": [ [ -71.5428251, -32.9587659 ], [ -71.5428221, -32.9586771 ], [ -71.5428206, -32.9586334 ], [ -71.542802970076252, -32.958114248912175 ] ] } },
{ "type": "Feature", "properties": { "osm_id": "way/1535299230", "name": null, "source": "OpenStreetMap/Overpass", "highway": "footway", "surface": null }, "geometry": { "type": "LineString", "coordinates": [ [ -71.541488151402206, -32.958141066705103 ], [ -71.541512, -32.9586007 ], [ -71.5415152, -32.9586626 ], [ -71.5415794, -32.9586654 ], [ -71.5415782, -32.9587047 ] ] } },
{ "type": "Feature", "properties": { "osm_id": "way/309921516", "name": "Las Perdices", "source": "OpenStreetMap/Overpass", "highway": "residential", "surface": "asphalt" }, "geometry": { "type": "LineString", "coordinates": [ [ -71.541430502926403, -32.958142242536354 ], [ -71.5414503, -32.9585653 ], [ -71.541452, -32.9586019 ], [ -71.5414568, -32.9587348 ] ] } },
{ "type": "Feature", "properties": { "osm_id": "way/652022648", "name": "Las Perdices", "source": "OpenStreetMap/Overpass", "highway": "residential", "surface": "asphalt" }, "geometry": { "type": "LineString", "coordinates": [ [ -71.5413476, -32.9587364 ], [ -71.5413453, -32.9586059 ], [ -71.5413246, -32.9581722 ], [ -71.541323032390395, -32.958144434566812 ] ] } },
{ "type": "Feature", "properties": { "osm_id": "way/1038757385", "name": null, "source": "OpenStreetMap/Overpass", "highway": "footway", "surface": "concrete" }, "geometry": { "type": "LineString", "coordinates": [ [ -71.5460739, -32.9650961 ], [ -71.5461455, -32.965108 ], [ -71.5461874, -32.9651215 ] ] } },
{ "type": "Feature", "properties": { "osm_id": "way/578888653", "name": null, "source": "OpenStreetMap/Overpass", "highway": "steps", "surface": "paved" }, "geometry": { "type": "LineString", "coordinates": [ [ -71.5461449, -32.9647561 ], [ -71.5451286, -32.9645961 ] ] } },
{ "type": "Feature", "properties": { "osm_id": "way/1038757386", "name": null, "source": "OpenStreetMap/Overpass", "highway": "footway", "surface": "concrete" }, "geometry": { "type": "LineString", "coordinates": [ [ -71.5462606, -32.9641566 ], [ -71.5463999, -32.9641738 ], [ -71.5464436, -32.9641809 ] ] } },
{ "type": "Feature", "properties": { "osm_id": "way/1414160856", "name": "Avenida Borgoño", "source": "OpenStreetMap/Overpass", "highway": "secondary", "surface": "asphalt" }, "geometry": { "type": "LineString", "coordinates": [ [ -71.5464006, -32.9634562 ], [ -71.5463883, -32.9635307 ], [ -71.546272, -32.9640973 ], [ -71.5462606, -32.9641566 ], [ -71.5461449, -32.9647561 ] ] } },
{ "type": "Feature", "properties": { "osm_id": "way/1414160858", "name": "Avenida Borgoño", "source": "OpenStreetMap/Overpass", "highway": "secondary", "surface": "asphalt" }, "geometry": { "type": "LineString", "coordinates": [ [ -71.5464543, -32.9632653 ], [ -71.5464427, -32.9632936 ], [ -71.546409, -32.9634053 ], [ -71.5464006, -32.9634562 ] ] } },
{ "type": "Feature", "properties": { "osm_id": "way/1064731168", "name": null, "source": "OpenStreetMap/Overpass", "highway": "footway", "surface": "concrete:plates" }, "geometry": { "type": "LineString", "coordinates": [ [ -71.5466742, -32.9631772 ], [ -71.5465772, -32.9633599 ] ] } },
{ "type": "Feature", "properties": { "osm_id": "way/1414160859", "name": "Avenida Borgoño", "source": "OpenStreetMap/Overpass", "highway": "secondary", "surface": "asphalt" }, "geometry": { "type": "LineString", "coordinates": [ [ -71.5465288, -32.9631038 ], [ -71.5464924, -32.9631723 ], [ -71.5464543, -32.9632653 ] ] } },
{ "type": "Feature", "properties": { "osm_id": "way/1414160860", "name": null, "source": "OpenStreetMap/Overpass", "highway": "secondary_link", "surface": "asphalt" }, "geometry": { "type": "LineString", "coordinates": [ [ -71.5465288, -32.9631038 ], [ -71.5465531, -32.9631035 ], [ -71.5465763, -32.9631097 ], [ -71.5465954, -32.9631213 ], [ -71.5466093, -32.9631374 ], [ -71.5466166, -32.9631562 ], [ -71.5466166, -32.9631761 ], [ -71.5466092, -32.9631912 ], [ -71.5465962, -32.9632033 ], [ -71.546579, -32.9632109 ], [ -71.5465463, -32.9632211 ], [ -71.5465146, -32.9632334 ], [ -71.5464837, -32.9632483 ], [ -71.5464543, -32.9632653 ] ] } },
{ "type": "Feature", "properties": { "osm_id": "way/1414160857", "name": "Avenida Borgoño", "source": "OpenStreetMap/Overpass", "highway": "secondary", "surface": "asphalt" }, "geometry": { "type": "LineString", "coordinates": [ [ -71.5466315, -32.9629336 ], [ -71.5465896, -32.9629961 ], [ -71.5465433, -32.9630764 ], [ -71.5465288, -32.9631038 ] ] } },
{ "type": "Feature", "properties": { "osm_id": "way/1103698423", "name": "Avenida Borgoño", "source": "OpenStreetMap/Overpass", "highway": "secondary", "surface": "asphalt" }, "geometry": { "type": "LineString", "coordinates": [ [ -71.54704, -32.9623379 ], [ -71.5470064, -32.9623949 ], [ -71.5469696, -32.9624505 ], [ -71.5467064, -32.9628216 ], [ -71.5466315, -32.9629336 ] ] } },
{ "type": "Feature", "properties": { "osm_id": "way/1145845644", "name": "Avenida Edmundo Eluchans", "source": "OpenStreetMap/Overpass", "highway": "primary", "surface": "paved" }, "geometry": { "type": "LineString", "coordinates": [ [ -71.5446172, -32.9625286 ], [ -71.544666, -32.9620493 ], [ -71.544674, -32.9619178 ], [ -71.5446791, -32.9617861 ], [ -71.5446805, -32.9615368 ], [ -71.5446733, -32.9613431 ], [ -71.5446659, -32.9612291 ], [ -71.5446503, -32.9609236 ], [ -71.5446428, -32.9607929 ], [ -71.5446231, -32.9605629 ], [ -71.544617, -32.9604914 ] ] } },
{ "type": "Feature", "properties": { "osm_id": "way/1410380587", "name": null, "source": "OpenStreetMap/Overpass", "highway": "service", "surface": null }, "geometry": { "type": "LineString", "coordinates": [ [ -71.5446659, -32.9612291 ], [ -71.544584, -32.9612017 ] ] } },
{ "type": "Feature", "properties": { "osm_id": "way/802564024", "name": null, "source": "OpenStreetMap/Overpass", "highway": "service", "surface": null }, "geometry": { "type": "LineString", "coordinates": [ [ -71.544584, -32.9612017 ], [ -71.5445459, -32.9611889 ], [ -71.5443528, -32.9610786 ], [ -71.5442938, -32.9608783 ] ] } },
{ "type": "Feature", "properties": { "osm_id": "way/1145845642", "name": "Avenida Edmundo Eluchans", "source": "OpenStreetMap/Overpass", "highway": "primary", "surface": "paved" }, "geometry": { "type": "LineString", "coordinates": [ [ -71.544617, -32.9604914 ], [ -71.5446107, -32.9604167 ] ] } },
{ "type": "Feature", "properties": { "osm_id": "way/1145845640", "name": "Avenida Edmundo Eluchans", "source": "OpenStreetMap/Overpass", "highway": "primary", "surface": "asphalt" }, "geometry": { "type": "LineString", "coordinates": [ [ -71.5446107, -32.9604167 ], [ -71.5446081, -32.960391 ], [ -71.5446036, -32.9603472 ], [ -71.5445487, -32.9598052 ] ] } },
{ "type": "Feature", "properties": { "osm_id": "way/897761036", "name": "Estanque", "source": "OpenStreetMap/Overpass", "highway": "residential", "surface": "asphalt" }, "geometry": { "type": "LineString", "coordinates": [ [ -71.5455421, -32.9596374 ], [ -71.5452075, -32.9599802 ], [ -71.5448077, -32.9603821 ], [ -71.5447724, -32.9604189 ], [ -71.5447296, -32.9604496 ], [ -71.5446944, -32.9604677 ], [ -71.5446566, -32.9604818 ], [ -71.544617, -32.9604914 ] ] } },
{ "type": "Feature", "properties": { "osm_id": "way/897761043", "name": null, "source": "OpenStreetMap/Overpass", "highway": "service", "surface": "paved" }, "geometry": { "type": "LineString", "coordinates": [ [ -71.5445182, -32.9595576 ], [ -71.544604, -32.9595502 ], [ -71.5447258, -32.9595396 ], [ -71.5447186, -32.9592652 ], [ -71.5444824, -32.9592807 ] ] } },
{ "type": "Feature", "properties": { "osm_id": "way/897761045", "name": "Avenida Edmundo Eluchans", "source": "OpenStreetMap/Overpass", "highway": "primary", "surface": "asphalt" }, "geometry": { "type": "LineString", "coordinates": [ [ -71.5445487, -32.9598052 ], [ -71.5445182, -32.9595576 ], [ -71.5444824, -32.9592807 ], [ -71.5444421, -32.9589695 ], [ -71.5444327, -32.9588968 ], [ -71.5444232, -32.958824 ] ] } },
{ "type": "Feature", "properties": { "osm_id": "way/897761044", "name": null, "source": "OpenStreetMap/Overpass", "highway": "service", "surface": "paved" }, "geometry": { "type": "LineString", "coordinates": [ [ -71.5447186, -32.9592652 ], [ -71.544926, -32.9592502 ] ] } },
{ "type": "Feature", "properties": { "osm_id": "way/797153843", "name": null, "source": "OpenStreetMap/Overpass", "highway": "service", "surface": "paved" }, "geometry": { "type": "LineString", "coordinates": [ [ -71.5445942, -32.9586036 ], [ -71.5446223, -32.9589632 ], [ -71.5444421, -32.9589695 ] ] } },
{ "type": "Feature", "properties": { "osm_id": "way/1062126907", "name": null, "source": "OpenStreetMap/Overpass", "highway": "service", "surface": "asphalt" }, "geometry": { "type": "LineString", "coordinates": [ [ -71.5464113, -32.9624411 ], [ -71.5464543, -32.9624087 ], [ -71.5464798, -32.9623063 ], [ -71.5465133, -32.9622444 ], [ -71.5465515, -32.9622116 ] ] } },
{ "type": "Feature", "properties": { "osm_id": "way/1414160861", "name": "Avenida Borgoño", "source": "OpenStreetMap/Overpass", "highway": "secondary", "surface": "asphalt" }, "geometry": { "type": "LineString", "coordinates": [ [ -71.5471912, -32.9617688 ], [ -71.547174, -32.9619647 ], [ -71.5471526, -32.9620608 ], [ -71.547123, -32.9621553 ], [ -71.5470854, -32.9622479 ], [ -71.54704, -32.9623379 ] ] } },
{ "type": "Feature", "properties": { "osm_id": "way/23407692", "name": "El Encanto", "source": "OpenStreetMap/Overpass", "highway": "residential", "surface": "concrete" }, "geometry": { "type": "LineString", "coordinates": [ [ -71.5463883, -32.9635307 ], [ -71.5463531, -32.9635291 ], [ -71.5463196, -32.9635197 ], [ -71.5462907, -32.9635035 ], [ -71.5462715, -32.9634859 ], [ -71.5462573, -32.9634653 ], [ -71.5462487, -32.9634426 ], [ -71.5462461, -32.9634189 ], [ -71.5462389, -32.9633324 ], [ -71.5462374, -32.9632458 ], [ -71.5462418, -32.9631592 ], [ -71.5462499, -32.9630875 ], [ -71.5462619, -32.9630162 ], [ -71.546321, -32.9628688 ], [ -71.5463759, -32.9626854 ], [ -71.5464016, -32.9625479 ], [ -71.5464113, -32.9624411 ], [ -71.5464333, -32.9621974 ], [ -71.5465185, -32.9616255 ], [ -71.5465365, -32.9612978 ], [ -71.5465776, -32.9607643 ], [ -71.5466483, -32.9604568 ], [ -71.5467514, -32.9601785 ], [ -71.5468973, -32.9598747 ], [ -71.5471181, -32.9595326 ], [ -71.5471849, -32.9593927 ] ] } },
{ "type": "Feature", "properties": { "osm_id": "way/135680585", "name": "Montemar", "source": "OpenStreetMap/Overpass", "highway": "residential", "surface": "asphalt" }, "geometry": { "type": "LineString", "coordinates": [ [ -71.5463909, -32.9603814 ], [ -71.5461576, -32.960845 ], [ -71.5458545, -32.9614414 ], [ -71.5457257, -32.9617069 ], [ -71.5455852, -32.9619326 ] ] } },
{ "type": "Feature", "properties": { "osm_id": "way/1414160868", "name": null, "source": "OpenStreetMap/Overpass", "highway": "footway", "surface": null }, "geometry": { "type": "LineString", "coordinates": [ [ -71.549532458849598, -32.957976990414132 ], [ -71.5490326, -32.9588087 ], [ -71.5487355, -32.9593007 ], [ -71.5485075, -32.9596811 ], [ -71.5484458, -32.9597553 ], [ -71.548404, -32.9598 ], [ -71.54836, -32.9598431 ], [ -71.5482929, -32.9599185 ], [ -71.5482371, -32.9599733 ], [ -71.5481776, -32.9600254 ], [ -71.5480214, -32.9601571 ], [ -71.5479249, -32.9602343 ], [ -71.5478611, -32.9602853 ], [ -71.5477832, -32.9603491 ], [ -71.5477111, -32.9604175 ], [ -71.5476452, -32.9604901 ], [ -71.5475953, -32.9605534 ], [ -71.5475501, -32.9606191 ], [ -71.5475097, -32.960687 ], [ -71.547466, -32.9607749 ], [ -71.5474303, -32.9608654 ], [ -71.5474028, -32.9609578 ], [ -71.5473837, -32.9610516 ], [ -71.5473406, -32.9613456 ], [ -71.5472925, -32.961639 ], [ -71.5472715, -32.9617802 ], [ -71.5472415, -32.9619203 ], [ -71.5472127, -32.9620257 ], [ -71.5471787, -32.9621301 ], [ -71.5471396, -32.9622331 ], [ -71.5470781, -32.9623689 ], [ -71.5470065, -32.9625011 ], [ -71.546925, -32.9626292 ], [ -71.5468097, -32.9628115 ], [ -71.5468033, -32.9628326 ], [ -71.5468016, -32.9628542 ], [ -71.5468047, -32.962876 ], [ -71.5468124, -32.962897 ], [ -71.5468156, -32.9629236 ], [ -71.5468121, -32.9629501 ], [ -71.5468019, -32.9629754 ], [ -71.5467855, -32.9629983 ], [ -71.5467509, -32.9630342 ], [ -71.5467094, -32.9630645 ], [ -71.5466622, -32.9630883 ] ] } },
{ "type": "Feature", "properties": { "osm_id": "way/1414160862", "name": null, "source": "OpenStreetMap/Overpass", "highway": "footway", "surface": null }, "geometry": { "type": "LineString", "coordinates": [ [ -71.5479249, -32.9602343 ], [ -71.5478469, -32.9601733 ] ] } },
{ "type": "Feature", "properties": { "osm_id": "way/897761039", "name": "Montemar", "source": "OpenStreetMap/Overpass", "highway": "residential", "surface": "asphalt" }, "geometry": { "type": "LineString", "coordinates": [ [ -71.5471849, -32.9593927 ], [ -71.5470952, -32.9594443 ], [ -71.5470634, -32.9594714 ], [ -71.5469926, -32.9595318 ], [ -71.5466109, -32.9600326 ], [ -71.5463909, -32.9603814 ] ] } },
{ "type": "Feature", "properties": { "osm_id": "way/1414160865", "name": null, "source": "OpenStreetMap/Overpass", "highway": "footway", "surface": null }, "geometry": { "type": "LineString", "coordinates": [ [ -71.5484458, -32.9597553 ], [ -71.548338, -32.9597128 ] ] } },
{ "type": "Feature", "properties": { "osm_id": "way/23395588", "name": "Avenida Borgoño", "source": "OpenStreetMap/Overpass", "highway": "secondary", "surface": "asphalt" }, "geometry": { "type": "LineString", "coordinates": [ [ -71.549401572757617, -32.957979660041644 ], [ -71.5489231, -32.9587571 ], [ -71.548621, -32.9592505 ], [ -71.548338, -32.9597128 ], [ -71.5482715, -32.9597974 ], [ -71.5482254, -32.9598483 ], [ -71.5481763, -32.9598971 ], [ -71.5478469, -32.9601733 ], [ -71.5477514, -32.9602534 ], [ -71.5476609, -32.9603304 ], [ -71.5475784, -32.9604134 ], [ -71.5475064, -32.9604993 ], [ -71.547443, -32.9605898 ], [ -71.5473885, -32.9606843 ], [ -71.5473433, -32.9607822 ], [ -71.5473078, -32.9608828 ], [ -71.5472754, -32.9609946 ], [ -71.5472474, -32.9611073 ], [ -71.547229, -32.9611941 ], [ -71.5472132, -32.9612813 ], [ -71.5471912, -32.9617688 ] ] } },
{ "type": "Feature", "properties": { "osm_id": "way/25403120", "name": "Bellavista", "source": "OpenStreetMap/Overpass", "highway": "residential", "surface": "asphalt" }, "geometry": { "type": "LineString", "coordinates": [ [ -71.5455421, -32.9596374 ], [ -71.545704, -32.9596721 ] ] } },
{ "type": "Feature", "properties": { "osm_id": "way/1413383773", "name": null, "source": "OpenStreetMap/Overpass", "highway": "service", "surface": null }, "geometry": { "type": "LineString", "coordinates": [ [ -71.5440749, -32.9617646 ], [ -71.5439626, -32.9618088 ], [ -71.5439626, -32.961739 ], [ -71.5440749, -32.9617646 ] ] } },
{ "type": "Feature", "properties": { "osm_id": "way/94321440", "name": null, "source": "OpenStreetMap/Overpass", "highway": "service", "surface": null }, "geometry": { "type": "LineString", "coordinates": [ [ -71.5440749, -32.9617646 ], [ -71.5442509, -32.9617851 ], [ -71.5442885, -32.9617851 ], [ -71.5443129, -32.9617839 ], [ -71.5443358, -32.961777 ], [ -71.5443555, -32.9617649 ], [ -71.5443703, -32.9617487 ], [ -71.544379, -32.9617297 ], [ -71.5443811, -32.9617094 ], [ -71.5443762, -32.9616895 ], [ -71.5443649, -32.9616715 ], [ -71.5443565, -32.961656 ], [ -71.5443547, -32.961639 ], [ -71.5443598, -32.9616225 ], [ -71.5443713, -32.9616084 ], [ -71.5443877, -32.9615983 ], [ -71.5444097, -32.9615932 ], [ -71.5444323, -32.9615955 ], [ -71.5444523, -32.9616047 ], [ -71.5444668, -32.9616195 ], [ -71.5444735, -32.9616377 ], [ -71.5444964, -32.9616794 ], [ -71.544546, -32.9617289 ] ] } },
{ "type": "Feature", "properties": { "osm_id": "way/802564022", "name": null, "source": "OpenStreetMap/Overpass", "highway": "service", "surface": null }, "geometry": { "type": "LineString", "coordinates": [ [ -71.5429553, -32.9613853 ], [ -71.543013, -32.9613735 ], [ -71.5430009, -32.9611213 ], [ -71.5430112, -32.9610916 ], [ -71.5430251, -32.9610629 ], [ -71.5430359, -32.9610489 ], [ -71.5430439, -32.9610336 ], [ -71.5430497, -32.9610133 ], [ -71.5430506, -32.9609924 ], [ -71.5430465, -32.9609717 ], [ -71.5430331, -32.9608896 ], [ -71.5430421, -32.9608578 ], [ -71.5430599, -32.9608288 ], [ -71.5430845, -32.960805 ], [ -71.5431151, -32.9607867 ], [ -71.5431498, -32.9607748 ], [ -71.5434274, -32.9607411 ], [ -71.5435042, -32.960741 ], [ -71.5435803, -32.9607501 ], [ -71.5436268, -32.9607602 ], [ -71.5436748, -32.9607629 ], [ -71.5437225, -32.9607579 ], [ -71.54377, -32.9607448 ], [ -71.5438136, -32.9607242 ], [ -71.5438884, -32.9606978 ], [ -71.5439651, -32.9606757 ], [ -71.5440633, -32.9606546 ], [ -71.5441632, -32.9606407 ], [ -71.5442642, -32.9606341 ], [ -71.5442541, -32.96059 ] ] } },
{ "type": "Feature", "properties": { "osm_id": "way/56216387", "name": "Avenida Luisa Nieto de Hamel", "source": "OpenStreetMap/Overpass", "highway": "secondary", "surface": "paved" }, "geometry": { "type": "LineString", "coordinates": [ [ -71.5427361, -32.960756 ], [ -71.5428387, -32.9607263 ], [ -71.5429822, -32.9606848 ], [ -71.5442307, -32.9604879 ], [ -71.5444962, -32.9604382 ], [ -71.5445645, -32.9604254 ], [ -71.5446107, -32.9604167 ] ] } },
{ "type": "Feature", "properties": { "osm_id": "way/1410380585", "name": null, "source": "OpenStreetMap/Overpass", "highway": "service", "surface": null }, "geometry": { "type": "LineString", "coordinates": [ [ -71.5442541, -32.96059 ], [ -71.5442307, -32.9604879 ] ] } },
{ "type": "Feature", "properties": { "osm_id": "way/184070035", "name": null, "source": "OpenStreetMap/Overpass", "highway": "service", "surface": "paved" }, "geometry": { "type": "LineString", "coordinates": [ [ -71.544099, -32.9584515 ], [ -71.5441006, -32.9585379 ], [ -71.5441083, -32.9586241 ], [ -71.5441172, -32.9586834 ], [ -71.5441289, -32.9587424 ] ] } },
{ "type": "Feature", "properties": { "osm_id": "way/184070068", "name": null, "source": "OpenStreetMap/Overpass", "highway": "service", "surface": "paved" }, "geometry": { "type": "LineString", "coordinates": [ [ -71.5437588, -32.9586865 ], [ -71.5437851, -32.9586572 ], [ -71.5438071, -32.9586254 ], [ -71.5438244, -32.9585917 ], [ -71.5438396, -32.9585459 ], [ -71.5438462, -32.9584988 ], [ -71.5438441, -32.9584513 ] ] } },
{ "type": "Feature", "properties": { "osm_id": "way/184070053", "name": null, "source": "OpenStreetMap/Overpass", "highway": "service", "surface": "asphalt" }, "geometry": { "type": "LineString", "coordinates": [ [ -71.5443952, -32.9585021 ], [ -71.5443543, -32.9584688 ], [ -71.5443072, -32.958442 ], [ -71.5442687, -32.9584267 ], [ -71.5442281, -32.9584157 ], [ -71.5441861, -32.9584093 ] ] } },
{ "type": "Feature", "properties": { "osm_id": "way/184070062", "name": null, "source": "OpenStreetMap/Overpass", "highway": "service", "surface": "paved" }, "geometry": { "type": "LineString", "coordinates": [ [ -71.5441861, -32.9584093 ], [ -71.5441661, -32.9581331 ], [ -71.5437469, -32.9581424 ], [ -71.5437657, -32.9583859 ], [ -71.5438441, -32.9584513 ], [ -71.544099, -32.9584515 ], [ -71.5441861, -32.9584093 ] ] } },
{ "type": "Feature", "properties": { "osm_id": "way/1145845638", "name": "Avenida Edmundo Eluchans", "source": "OpenStreetMap/Overpass", "highway": "primary", "surface": "asphalt" }, "geometry": { "type": "LineString", "coordinates": [ [ -71.5443952, -32.9585021 ], [ -71.544358704688747, -32.958082517260124 ] ] } },
{ "type": "Feature", "properties": { "osm_id": "way/1414160875", "name": "Bellavista", "source": "OpenStreetMap/Overpass", "highway": "residential", "surface": "asphalt" }, "geometry": { "type": "LineString", "coordinates": [ [ -71.546027, -32.9593684 ], [ -71.545942, -32.9594358 ], [ -71.5458673, -32.9595098 ], [ -71.5457558, -32.9596133 ], [ -71.545704, -32.9596721 ] ] } },
{ "type": "Feature", "properties": { "osm_id": "way/1414160863", "name": null, "source": "OpenStreetMap/Overpass", "highway": "footway", "surface": null }, "geometry": { "type": "LineString", "coordinates": [ [ -71.5487355, -32.9593007 ], [ -71.548621, -32.9592505 ] ] } },
{ "type": "Feature", "properties": { "osm_id": "way/744419699", "name": null, "source": "OpenStreetMap/Overpass", "highway": "steps", "surface": null }, "geometry": { "type": "LineString", "coordinates": [ [ -71.5470634, -32.9594714 ], [ -71.5469961, -32.9594127 ], [ -71.5469586, -32.959451 ], [ -71.5465173, -32.9590678 ] ] } },
{ "type": "Feature", "properties": { "osm_id": "way/1414160864", "name": null, "source": "OpenStreetMap/Overpass", "highway": "footway", "surface": null }, "geometry": { "type": "LineString", "coordinates": [ [ -71.5490326, -32.9588087 ], [ -71.5489231, -32.9587571 ] ] } },
{ "type": "Feature", "properties": { "osm_id": "way/1062126908", "name": "El Encanto", "source": "OpenStreetMap/Overpass", "highway": "residential", "surface": "asphalt" }, "geometry": { "type": "LineString", "coordinates": [ [ -71.5471849, -32.9593927 ], [ -71.5473125, -32.9592278 ], [ -71.5475333, -32.9589952 ], [ -71.5476897, -32.9588226 ], [ -71.5477954, -32.9586594 ], [ -71.5478999, -32.9583976 ], [ -71.5479777, -32.9582348 ], [ -71.5480313, -32.958109 ] ] } },
{ "type": "Feature", "properties": { "osm_id": "way/24911163", "name": "Las Ágatas", "source": "OpenStreetMap/Overpass", "highway": "residential", "surface": "paved" }, "geometry": { "type": "LineString", "coordinates": [ [ -71.5455421, -32.9596374 ], [ -71.5456166, -32.9595369 ], [ -71.5457054, -32.9594049 ], [ -71.5457865, -32.9592695 ], [ -71.5458598, -32.9591309 ], [ -71.5459251, -32.9589896 ], [ -71.5459874, -32.9588315 ], [ -71.5460398, -32.9586708 ], [ -71.5460819, -32.9585081 ], [ -71.5461138, -32.9583437 ], [ -71.5461353, -32.9581781 ], [ -71.546136, -32.9580856 ], [ -71.546132253123488, -32.958046342952898 ] ] } },
{ "type": "Feature", "properties": { "osm_id": "way/897761037", "name": "Bellavista", "source": "OpenStreetMap/Overpass", "highway": "residential", "surface": "concrete" }, "geometry": { "type": "LineString", "coordinates": [ [ -71.547590127470173, -32.958016607314732 ], [ -71.5475835, -32.9580269 ], [ -71.5472938, -32.9585097 ], [ -71.5472053, -32.9586289 ], [ -71.5471047, -32.9587066 ], [ -71.5469706, -32.9587865 ], [ -71.5468352, -32.9588574 ], [ -71.5467332, -32.9589181 ], [ -71.5465629, -32.9590374 ], [ -71.5465173, -32.9590678 ], [ -71.5464454, -32.9591157 ], [ -71.5462317, -32.959258 ], [ -71.546027, -32.9593684 ] ] } },
{ "type": "Feature", "properties": { "osm_id": "way/56216016", "name": "Las Perlas", "source": "OpenStreetMap/Overpass", "highway": "residential", "surface": "concrete" }, "geometry": { "type": "LineString", "coordinates": [ [ -71.546027, -32.9593684 ], [ -71.5460819, -32.9592517 ], [ -71.5461092, -32.9592033 ], [ -71.5462648, -32.9589275 ], [ -71.5466412, -32.9583912 ], [ -71.546911437331104, -32.958030450266591 ] ] } },
{ "type": "Feature", "properties": { "osm_id": "way/56216087", "name": "La Joya", "source": "OpenStreetMap/Overpass", "highway": "residential", "surface": "paved" }, "geometry": { "type": "LineString", "coordinates": [ [ -71.54532935702224, -32.958062719280527 ], [ -71.5453728, -32.95817 ], [ -71.5453932, -32.9582202 ], [ -71.5454055, -32.9582722 ], [ -71.5454095, -32.958315 ], [ -71.5454081, -32.9583578 ], [ -71.5454013, -32.9584003 ], [ -71.5453602, -32.958619 ], [ -71.5453521, -32.9586456 ], [ -71.545337, -32.9586699 ], [ -71.5453157, -32.9586908 ], [ -71.5452874, -32.958708 ] ] } },
{ "type": "Feature", "properties": { "osm_id": "way/660636003", "name": "Las Ágatas", "source": "OpenStreetMap/Overpass", "highway": "living_street", "surface": "paved" }, "geometry": { "type": "LineString", "coordinates": [ [ -71.546238882524193, -32.958044168078715 ], [ -71.5462353, -32.9580474 ], [ -71.5461353, -32.9581781 ] ] } },
{ "type": "Feature", "properties": { "osm_id": "way/1414160850", "name": null, "source": "OpenStreetMap/Overpass", "highway": "service", "surface": null }, "geometry": { "type": "LineString", "coordinates": [ [ -71.5451977, -32.9586447 ], [ -71.5452874, -32.958708 ] ] } },
{ "type": "Feature", "properties": { "osm_id": "way/585914743", "name": "Avenida Edmundo Eluchans", "source": "OpenStreetMap/Overpass", "highway": "primary", "surface": "asphalt" }, "geometry": { "type": "LineString", "coordinates": [ [ -71.5444232, -32.958824 ], [ -71.5444171, -32.9587543 ], [ -71.544411, -32.9586833 ], [ -71.5443952, -32.9585021 ] ] } },
{ "type": "Feature", "properties": { "osm_id": "way/897761033", "name": null, "source": "OpenStreetMap/Overpass", "highway": "service", "surface": null }, "geometry": { "type": "LineString", "coordinates": [ [ -71.545051447527115, -32.958068387681379 ], [ -71.5450957, -32.9581766 ], [ -71.5451408, -32.9583939 ], [ -71.5451043, -32.9585181 ], [ -71.5451977, -32.9586447 ] ] } },
{ "type": "Feature", "properties": { "osm_id": "way/797153893", "name": null, "source": "OpenStreetMap/Overpass", "highway": "service", "surface": "paved" }, "geometry": { "type": "LineString", "coordinates": [ [ -71.5437469, -32.9581424 ], [ -71.5435106, -32.9581462 ] ] } },
{ "type": "Feature", "properties": { "osm_id": "way/184070039", "name": null, "source": "OpenStreetMap/Overpass", "highway": "service", "surface": "asphalt" }, "geometry": { "type": "LineString", "coordinates": [ [ -71.5441661, -32.9581331 ], [ -71.5441998, -32.9581278 ], [ -71.5442319, -32.9581178 ], [ -71.5442616, -32.9581034 ], [ -71.54428818210981, -32.958083955678937 ] ] } },
{ "type": "Feature", "properties": { "osm_id": "way/1062126905", "name": "Lapislázuli", "source": "OpenStreetMap/Overpass", "highway": "residential", "surface": "asphalt" }, "geometry": { "type": "LineString", "coordinates": [ [ -71.5480313, -32.958109 ], [ -71.548040050969163, -32.958007430417979 ] ] } },
{ "type": "Feature", "properties": { "osm_id": "way/94323203", "name": "Pasaje El Encanto", "source": "OpenStreetMap/Overpass", "highway": "residential", "surface": "asphalt" }, "geometry": { "type": "LineString", "coordinates": [ [ -71.548481178885126, -32.957998432920952 ], [ -71.5482418, -32.9584364 ] ] } },
{ "type": "Feature", "properties": { "osm_id": "way/1062126906", "name": "El Encanto", "source": "OpenStreetMap/Overpass", "highway": "residential", "surface": "asphalt" }, "geometry": { "type": "LineString", "coordinates": [ [ -71.5480313, -32.958109 ], [ -71.5481057, -32.9580247 ], [ -71.54812242884779, -32.958005750191695 ] ] } }
]
}
