{
  "type": "FeatureCollection",
  "name": "shorelines_2016_2026_fes2014",
  "features": [
    {
      "type": "Feature",
      "properties": {
        "year": 2016,
        "scene_count": 1,
        "processing_level": "L2A_FES2014"
      },
      "geometry": {
        "type": "LineString",
        "coordinates": [
          [
            -71.54707353802931,
            -32.962635674922645
          ],
          [
            -71.5471943751858,
            -32.962655766171196
          ],
          [
            -71.54731521238936,
            -32.96267585729998
          ],
          [
            -71.54728822329184,
            -32.962553552487094
          ],
          [
            -71.54719216840301,
            -32.96265792272485
          ],
          [
            -71.5471385360925,
            -32.96276946547647
          ],
          [
            -71.54712117129108,
            -32.96289957093954
          ],
          [
            -71.54712473545935,
            -32.96300335632252
          ],
          [
            -71.54712242835113,
            -32.963075523975625
          ],
          [
            -71.54707396287306,
            -32.96317820762218
          ],
          [
            -71.5470579773461,
            -32.96329552286698
          ],
          [
            -71.54705723517854,
            -32.96340572399484
          ],
          [
            -71.54705912557168,
            -32.96348794250472
          ],
          [
            -71.54701468089559,
            -32.96358285274337
          ],
          [
            -71.54697853910794,
            -32.96368211084137
          ],
          [
            -71.54695089736936,
            -32.96379322350817
          ],
          [
            -71.54693795888184,
            -32.963902288590695
          ],
          [
            -71.54693777762743,
            -32.96401056195042
          ],
          [
            -71.54693873221963,
            -32.96410796863625
          ],
          [
            -71.54692717724564,
            -32.96420817233306
          ],
          [
            -71.54690347012672,
            -32.96430732271967
          ],
          [
            -71.5468824042228,
            -32.964413100891505
          ],
          [
            -71.5468671117952,
            -32.96451729899053
          ],
          [
            -71.54685935988762,
            -32.96461480189415
          ],
          [
            -71.54681737492668,
            -32.96471651547479
          ],
          [
            -71.54683681707898,
            -32.96483140522831
          ],
          [
            -71.54686614273432,
            -32.964923721699385
          ],
          [
            -71.5468537198199,
            -32.965017435194945
          ],
          [
            -71.54681764294125,
            -32.965114583984004
          ],
          [
            -71.54677233340783,
            -32.96521119065512
          ],
          [
            -71.54671949171146,
            -32.965304298388
          ],
          [
            -71.54668374713626,
            -32.965404841289214
          ],
          [
            -71.54666273119389,
            -32.96550746600894
          ],
          [
            -71.54661919960736,
            -32.965604481700964
          ],
          [
            -71.54658704007134,
            -32.965703051883914
          ],
          [
            -71.5465741582936,
            -32.96580600487997
          ],
          [
            -71.54655580322775,
            -32.96590830674104
          ],
          [
            -71.54654267756257,
            -32.96601152650932
          ],
          [
            -71.54654133152104,
            -32.966114097269106
          ],
          [
            -71.54653517398305,
            -32.966217897964356
          ],
          [
            -71.54652912649414,
            -32.966321645000896
          ],
          [
            -71.54651867601214,
            -32.96642976672988
          ],
          [
            -71.5465033212506,
            -32.96652652813543
          ],
          [
            -71.54649334218583,
            -32.96663862364013
          ],
          [
            -71.54647667371778,
            -32.96673000449144
          ],
          [
            -71.54647330114997,
            -32.96683710629225
          ],
          [
            -71.54646443193002,
            -32.966940891508834
          ],
          [
            -71.54644140312314,
            -32.96705450628654
          ],
          [
            -71.546427475203,
            -32.96714053673655
          ],
          [
            -71.54642472863557,
            -32.9672461953975
          ],
          [
            -71.54641761241284,
            -32.96735100367064
          ],
          [
            -71.54640752035854,
            -32.96745699321072
          ],
          [
            -71.54639378455879,
            -32.967566044098724
          ],
          [
            -71.5463753121321,
            -32.967667814107585
          ],
          [
            -71.5463549202874,
            -32.96778605293611
          ],
          [
            -71.54631689748462,
            -32.96788486796878
          ],
          [
            -71.54628633442947,
            -32.9679790823964
          ],
          [
            -71.54626841610059,
            -32.96806768432746
          ],
          [
            -71.5462535458519,
            -32.96816605635654
          ],
          [
            -71.54626276762991,
            -32.96823266409013
          ],
          [
            -71.54629909935294,
            -32.96834398805166
          ],
          [
            -71.54629431228831,
            -32.96847198031303
          ],
          [
            -71.54628106543979,
            -32.96858540045874
          ],
          [
            -71.54626356671193,
            -32.968683510100576
          ],
          [
            -71.54626643281516,
            -32.96876613371709
          ],
          [
            -71.54627088854107,
            -32.96887010289418
          ],
          [
            -71.54625293944953,
            -32.96901154144594
          ],
          [
            -71.54622471764132,
            -32.96911263332027
          ],
          [
            -71.5462053058948,
            -32.969203037187455
          ],
          [
            -71.54619294199304,
            -32.96929578534742
          ],
          [
            -71.5461831085371,
            -32.96939155072164
          ],
          [
            -71.54618595648039,
            -32.96948513540682
          ],
          [
            -71.54619584951998,
            -32.969569254816676
          ],
          [
            -71.54619618608542,
            -32.96968979781474
          ],
          [
            -71.54617700294443,
            -32.96981594187423
          ],
          [
            -71.54616202262568,
            -32.969905213398604
          ],
          [
            -71.54615372262835,
            -32.9699995397688
          ],
          [
            -71.54615015826737,
            -32.97010332510295
          ],
          [
            -71.54613077083525,
            -32.97023196977625
          ],
          [
            -71.54610652389245,
            -32.97033376706804
          ],
          [
            -71.54608298953436,
            -32.970434366149846
          ],
          [
            -71.54606831137039,
            -32.97049840150887
          ],
          [
            -71.54607719662506,
            -32.97062154494236
          ],
          [
            -71.5460613479872,
            -32.970742418531074
          ],
          [
            -71.54600754679934,
            -32.97087614859807
          ],
          [
            -71.54596618182896,
            -32.97093570842959
          ],
          [
            -71.5459612434085,
            -32.97095727305108
          ],
          [
            -71.54601064697601,
            -32.97107278574475
          ],
          [
            -71.54603234213631,
            -32.97120956220713
          ],
          [
            -71.5460239140087,
            -32.97133211317483
          ],
          [
            -71.54599426075039,
            -32.971428045213905
          ],
          [
            -71.54599289434589,
            -32.97151497136959
          ],
          [
            -71.54599944866116,
            -32.97161186466385
          ],
          [
            -71.54600040609864,
            -32.971725584715024
          ],
          [
            -71.54599694370235,
            -32.97182395134112
          ],
          [
            -71.546004637286,
            -32.97193092094184
          ],
          [
            -71.54599934582102,
            -32.97203753402082
          ],
          [
            -71.54598954310848,
            -32.97214131934162
          ],
          [
            -71.54597974037146,
            -32.972245104658654
          ],
          [
            -71.54597350460706,
            -32.97234645328348
          ],
          [
            -71.54597000883129,
            -32.97244976184727
          ],
          [
            -71.54596830659612,
            -32.972550594261115
          ],
          [
            -71.54597541921046,
            -32.97265787726875
          ],
          [
            -71.54594646568995,
            -32.9727666242696
          ],
          [
            -71.54589111111366,
            -32.97286298699963
          ],
          [
            -71.54586813709739,
            -32.97295748990677
          ],
          [
            -71.54590328828199,
            -32.97305535934743
          ],
          [
            -71.54595784275925,
            -32.973144662300726
          ],
          [
            -71.54594682924032,
            -32.973243512251834
          ],
          [
            -71.54594055170564,
            -32.973350248278436
          ],
          [
            -71.54595419864812,
            -32.973452784475846
          ],
          [
            -71.54596276090497,
            -32.9735617785451
          ],
          [
            -71.54600040079681,
            -32.97366090588287
          ],
          [
            -71.54600517615738,
            -32.97375379413756
          ],
          [
            -71.54599447581188,
            -32.97385325910247
          ],
          [
            -71.54598971567489,
            -32.97396264279594
          ],
          [
            -71.54599929734685,
            -32.97407415984923
          ],
          [
            -71.5460293239188,
            -32.9741683481001
          ],
          [
            -71.54601644346249,
            -32.9742664451777
          ],
          [
            -71.54602245728219,
            -32.97437928797081
          ],
          [
            -71.54598349178181,
            -32.974390268935174
          ]
        ]
      }
    },
    {
      "type": "Feature",
      "properties": {
        "year": 2017,
        "scene_count": 1,
        "processing_level": "L2A_FES2014"
      },
      "geometry": {
        "type": "LineString",
        "coordinates": [
          [
            -71.54707638422906,
            -32.962625127430584
          ],
          [
            -71.54719714231075,
            -32.962645511663034
          ],
          [
            -71.54731790044032,
            -32.96266589577582
          ],
          [
            -71.54729652613972,
            -32.962560575801916
          ],
          [
            -71.54720228048444,
            -32.96266237039035
          ],
          [
            -71.54714907984723,
            -32.96277225070003
          ],
          [
            -71.54713186416201,
            -32.96289957094864
          ],
          [
            -71.54713507191333,
            -32.96300335633044
          ],
          [
            -71.5471317412851,
            -32.963078548264
          ],
          [
            -71.5470832170474,
            -32.963180433881035
          ],
          [
            -71.54706720161376,
            -32.9632962739503
          ],
          [
            -71.54706614520435,
            -32.963405821529896
          ],
          [
            -71.54706726765755,
            -32.96349015421546
          ],
          [
            -71.54702244503953,
            -32.96358507098724
          ],
          [
            -71.54698596568815,
            -32.963684232641626
          ],
          [
            -71.5469582712022,
            -32.963794307371586
          ],
          [
            -71.54694506660714,
            -32.963902748824765
          ],
          [
            -71.54694454986459,
            -32.96401056195393
          ],
          [
            -71.54694510552106,
            -32.96410859019967
          ],
          [
            -71.54693314273942,
            -32.96420906805393
          ],
          [
            -71.54690902447173,
            -32.964308413066796
          ],
          [
            -71.54688768803568,
            -32.964413789194865
          ],
          [
            -71.54687206254276,
            -32.96451782623143
          ],
          [
            -71.54686380627658,
            -32.96461590117727
          ],
          [
            -71.54682161864767,
            -32.96471696596914
          ],
          [
            -71.546840382653,
            -32.96483044643182
          ],
          [
            -71.54686934846092,
            -32.96492362137435
          ],
          [
            -71.54685626005889,
            -32.96501813726515
          ],
          [
            -71.54681959578114,
            -32.965115318949564
          ],
          [
            -71.54677379803914,
            -32.965211741879756
          ],
          [
            -71.54672045446215,
            -32.96530469066711
          ],
          [
            -71.54668425929721,
            -32.965404970656145
          ],
          [
            -71.54666273119389,
            -32.96550746600894
          ],
          [
            -71.54661870324054,
            -32.96560431420213
          ],
          [
            -71.54658598971693,
            -32.96570288286023
          ],
          [
            -71.54657257201221,
            -32.965805804551046
          ],
          [
            -71.54655368866386,
            -32.96590803694633
          ],
          [
            -71.54654003308748,
            -32.96601119640044
          ],
          [
            -71.5465381368218,
            -32.96611385146828
          ],
          [
            -71.54653144745828,
            -32.96621760544795
          ],
          [
            -71.54652486746589,
            -32.96632131194627
          ],
          [
            -71.5465139725076,
            -32.96642891027677
          ],
          [
            -71.54649798983591,
            -32.96652618806413
          ],
          [
            -71.54648765633863,
            -32.96663735605284
          ],
          [
            -71.5464702674518,
            -32.966729706649666
          ],
          [
            -71.54646639427317,
            -32.96683644955303
          ],
          [
            -71.54645699622859,
            -32.96694016594031
          ],
          [
            -71.5464337328643,
            -32.96705253151149
          ],
          [
            -71.54641893700878,
            -32.96714008886162
          ],
          [
            -71.54641567273767,
            -32.96724553825781
          ],
          [
            -71.54640803660827,
            -32.967350192189045
          ],
          [
            -71.54639744742296,
            -32.967455882471015
          ],
          [
            -71.54638329498147,
            -32.967564292369154
          ],
          [
            -71.546364277167,
            -32.967666066053845
          ],
          [
            -71.54634389933989,
            -32.96778258732377
          ],
          [
            -71.54630537557314,
            -32.96788124482566
          ],
          [
            -71.54627406807744,
            -32.967975905719385
          ],
          [
            -71.54625524664594,
            -32.96806575494049
          ],
          [
            -71.54623976484262,
            -32.96816451642984
          ],
          [
            -71.54624855273377,
            -32.968234786938254
          ],
          [
            -71.54628417941974,
            -32.96834502895543
          ],
          [
            -71.54627898814536,
            -32.96847055972496
          ],
          [
            -71.54626547781217,
            -32.96858292376536
          ],
          [
            -71.54624744836218,
            -32.96868142137867
          ],
          [
            -71.5462496795339,
            -32.96876613373827
          ],
          [
            -71.54625368968749,
            -32.96887008453325
          ],
          [
            -71.54623592155208,
            -32.969007613087996
          ],
          [
            -71.54620726997979,
            -32.96910860575836
          ],
          [
            -71.5461871033913,
            -32.96920008824791
          ],
          [
            -71.54617410539407,
            -32.969293813970964
          ],
          [
            -71.54616373826194,
            -32.96939030226245
          ],
          [
            -71.54616608598097,
            -32.96948490341535
          ],
          [
            -71.54617562998799,
            -32.969570938885965
          ],
          [
            -71.54617622452038,
            -32.96968979996792
          ],
          [
            -71.54615759160546,
            -32.96981362398151
          ],
          [
            -71.54614280581704,
            -32.969904279797014
          ],
          [
            -71.54613483036624,
            -32.9699995397954
          ],
          [
            -71.5461316224413,
            -32.97010332512961
          ],
          [
            -71.54611285104433,
            -32.97022938931776
          ],
          [
            -71.54608895545006,
            -32.97033123720436
          ],
          [
            -71.54606574751142,
            -32.970432013199165
          ],
          [
            -71.5460512941239,
            -32.97049990179115
          ],
          [
            -71.5460604537871,
            -32.97062103804838
          ],
          [
            -71.54604517045235,
            -32.97074016373468
          ],
          [
            -71.54599304853079,
            -32.970870363259465
          ],
          [
            -71.54595091268064,
            -32.970933432282344
          ],
          [
            -71.54594788977104,
            -32.97096297903752
          ],
          [
            -71.54599690695463,
            -32.971076520443056
          ],
          [
            -71.54601844175272,
            -32.97120974331405
          ],
          [
            -71.54601070407952,
            -32.97133038892778
          ],
          [
            -71.54598150176257,
            -32.97142688758279
          ],
          [
            -71.54598061126993,
            -32.971515481990046
          ],
          [
            -71.54598776355103,
            -32.97161300617064
          ],
          [
            -71.5459891784536,
            -32.97172571068303
          ],
          [
            -71.54598627880411,
            -32.971824615379255
          ],
          [
            -71.54599448355789,
            -32.97193120372594
          ],
          [
            -71.54598972123895,
            -32.972037534028075
          ],
          [
            -71.54598089879774,
            -32.972141319347365
          ],
          [
            -71.54597207633437,
            -32.97224510466321
          ],
          [
            -71.54596682677443,
            -32.972346690517625
          ],
          [
            -71.54596431441136,
            -32.97245003275687
          ],
          [
            -71.54596362636424,
            -32.972551130067586
          ],
          [
            -71.54597167728947,
            -32.97265795012994
          ],
          [
            -71.5459437915821,
            -32.97276603949778
          ],
          [
            -71.54588946889598,
            -32.97286240308851
          ],
          [
            -71.54586734338764,
            -32.972957587188915
          ],
          [
            -71.54590344281044,
            -32.97305528448197
          ],
          [
            -71.54595896148508,
            -32.97314440852894
          ],
          [
            -71.5459489626071,
            -32.97324364096896
          ],
          [
            -71.54594321672786,
            -32.973350068591
          ],
          [
            -71.54595739878339,
            -32.97345259231573
          ],
          [
            -71.5459663778134,
            -32.97356096668489
          ],
          [
            -71.5460045134481,
            -32.97365991406386
          ],
          [
            -71.54600998854158,
            -32.973753794139334
          ],
          [
            -71.54599980092115,
            -32.97385366743888
          ],
          [
            -71.5459955941565,
            -32.97396247586142
          ],
          [
            -71.54600559450844,
            -32.97407312144955
          ],
          [
            -71.54603623722859,
            -32.974167736736405
          ],
          [
            -71.54602392900365,
            -32.97426637730591
          ],
          [
            -71.5460303832427,
            -32.97437825195688
          ],
          [
            -71.54598899260051,
            -32.97439579204292
          ]
        ]
      }
    },
    {
      "type": "Feature",
      "properties": {
        "year": 2018,
        "scene_count": 1,
        "processing_level": "L2A_FES2014"
      },
      "geometry": {
        "type": "LineString",
        "coordinates": [
          [
            -71.54707923042821,
            -32.96261457993848
          ],
          [
            -71.54719990943515,
            -32.96263525715483
          ],
          [
            -71.54732058849075,
            -32.96265593425163
          ],
          [
            -71.54730482898891,
            -32.96256759911613
          ],
          [
            -71.54721239256685,
            -32.96266681805498
          ],
          [
            -71.54715962360257,
            -32.96277503592263
          ],
          [
            -71.5471425570329,
            -32.9628995709568
          ],
          [
            -71.54714540836727,
            -32.963003356337495
          ],
          [
            -71.54714105421965,
            -32.96308157255165
          ],
          [
            -71.5470924712222,
            -32.96318266013917
          ],
          [
            -71.54707642588151,
            -32.96329702503295
          ],
          [
            -71.54707505523012,
            -32.96340591906432
          ],
          [
            -71.54707540974378,
            -32.96349236592565
          ],
          [
            -71.54703020918383,
            -32.96358728923061
          ],
          [
            -71.54699339226869,
            -32.96368635444143
          ],
          [
            -71.54696564503519,
            -32.963795391234555
          ],
          [
            -71.54695217433246,
            -32.96390320905841
          ],
          [
            -71.54695132210172,
            -32.96401056195709
          ],
          [
            -71.54695147882256,
            -32.964109211762754
          ],
          [
            -71.54693910823329,
            -32.964209963774515
          ],
          [
            -71.54691457881684,
            -32.96430950341367
          ],
          [
            -71.54689297184862,
            -32.964414477498
          ],
          [
            -71.54687701329036,
            -32.96451835347215
          ],
          [
            -71.54686825266565,
            -32.9646170004602
          ],
          [
            -71.54682586236869,
            -32.96471741646333
          ],
          [
            -71.54684394822695,
            -32.96482948763524
          ],
          [
            -71.5468725541875,
            -32.96492352104925
          ],
          [
            -71.54685880029794,
            -32.96501883933529
          ],
          [
            -71.54682154862108,
            -32.96511605391509
          ],
          [
            -71.54677526267045,
            -32.96521229310437
          ],
          [
            -71.54672141721285,
            -32.965305082946195
          ],
          [
            -71.54668477145817,
            -32.96540510002309
          ],
          [
            -71.54666273119389,
            -32.96550746600894
          ],
          [
            -71.54661820687372,
            -32.965604146703306
          ],
          [
            -71.54658493936255,
            -32.96570271383652
          ],
          [
            -71.54657098573082,
            -32.96580560422209
          ],
          [
            -71.5465515741,
            -32.96590776715159
          ],
          [
            -71.5465373886124,
            -32.96601086629149
          ],
          [
            -71.54653494212255,
            -32.96611360566737
          ],
          [
            -71.54652772093353,
            -32.96621731293143
          ],
          [
            -71.54652060843766,
            -32.9663209788915
          ],
          [
            -71.54650926900315,
            -32.96642805382347
          ],
          [
            -71.54649265842126,
            -32.966525847992614
          ],
          [
            -71.54648197049157,
            -32.96663608846528
          ],
          [
            -71.54646386118581,
            -32.96672940880759
          ],
          [
            -71.54645948739643,
            -32.96683579281344
          ],
          [
            -71.54644956052725,
            -32.96693944037135
          ],
          [
            -71.54642606260576,
            -32.96705055673596
          ],
          [
            -71.54641039881459,
            -32.96713964098608
          ],
          [
            -71.54640661683985,
            -32.967244881117466
          ],
          [
            -71.54639846080384,
            -32.96734938070672
          ],
          [
            -71.54638737448755,
            -32.96745477173048
          ],
          [
            -71.54637280540449,
            -32.9675625406387
          ],
          [
            -71.54635324220227,
            -32.967664317999116
          ],
          [
            -71.54633287839316,
            -32.96777912171039
          ],
          [
            -71.54629385366255,
            -32.967877621681424
          ],
          [
            -71.54626180172622,
            -32.96797272904112
          ],
          [
            -71.54624207719178,
            -32.9680638255521
          ],
          [
            -71.54622598383371,
            -32.968162976501596
          ],
          [
            -71.54623433783684,
            -32.968236909784785
          ],
          [
            -71.5462692594861,
            -32.968346069857446
          ],
          [
            -71.54626366400275,
            -32.968469139135024
          ],
          [
            -71.54624989018528,
            -32.968580447069996
          ],
          [
            -71.54623133001307,
            -32.96867933265466
          ],
          [
            -71.54623292625249,
            -32.96876613375722
          ],
          [
            -71.54623649083375,
            -32.96887006616994
          ],
          [
            -71.54621890365598,
            -32.96900368472767
          ],
          [
            -71.54618982231969,
            -32.96910457819392
          ],
          [
            -71.54616890088883,
            -32.96919713930564
          ],
          [
            -71.54615526879576,
            -32.969291842591616
          ],
          [
            -71.54614436798713,
            -32.969389053800185
          ],
          [
            -71.54614621548144,
            -32.96948467142071
          ],
          [
            -71.54615541045497,
            -32.969572622952015
          ],
          [
            -71.5461562629551,
            -32.96968980211788
          ],
          [
            -71.54613818026729,
            -32.9698113060857
          ],
          [
            -71.54612358900859,
            -32.969903346192424
          ],
          [
            -71.54611593810392,
            -32.96999953981915
          ],
          [
            -71.54611308661502,
            -32.97010332515351
          ],
          [
            -71.54609493125427,
            -32.97022680885665
          ],
          [
            -71.5460713870085,
            -32.97032870733818
          ],
          [
            -71.54604850548924,
            -32.97042966024604
          ],
          [
            -71.5460342768767,
            -32.97050140207118
          ],
          [
            -71.54604371094922,
            -32.970620531152164
          ],
          [
            -71.54602899291817,
            -32.97073790893616
          ],
          [
            -71.54597855026402,
            -32.97086457791909
          ],
          [
            -71.545935643533,
            -32.97093115613318
          ],
          [
            -71.5459345361318,
            -32.970968685022626
          ],
          [
            -71.54598316693198,
            -32.97108025513991
          ],
          [
            -71.54600454136896,
            -32.97120992441943
          ],
          [
            -71.54599749415075,
            -32.97132866467932
          ],
          [
            -71.545968742775,
            -32.97142572995036
          ],
          [
            -71.54596832819374,
            -32.97151599260932
          ],
          [
            -71.54597607844052,
            -32.971614147676334
          ],
          [
            -71.54597795080844,
            -32.971725836650045
          ],
          [
            -71.54597561390567,
            -32.9718252794165
          ],
          [
            -71.54598432982965,
            -32.97193148650923
          ],
          [
            -71.54598009665682,
            -32.97203753403456
          ],
          [
            -71.54597225448695,
            -32.972141319352524
          ],
          [
            -71.54596441229727,
            -32.972245104667294
          ],
          [
            -71.54596014894173,
            -32.972346927751424
          ],
          [
            -71.54595861999138,
            -32.9724503036662
          ],
          [
            -71.54595894613232,
            -32.97255166587389
          ],
          [
            -71.54596793536845,
            -32.97265802299104
          ],
          [
            -71.54594111747429,
            -32.972765454725895
          ],
          [
            -71.54588782667832,
            -32.97286181917737
          ],
          [
            -71.5458665496779,
            -32.972957684471055
          ],
          [
            -71.54590359733892,
            -32.97305520961651
          ],
          [
            -71.54596008021092,
            -32.973144154757165
          ],
          [
            -71.54595109597388,
            -32.973243769686036
          ],
          [
            -71.54594588175006,
            -32.97334988890352
          ],
          [
            -71.54596059891863,
            -32.973452400155544
          ],
          [
            -71.54596999472174,
            -32.97356015482457
          ],
          [
            -71.54600862609928,
            -32.97365892224471
          ],
          [
            -71.54601480092579,
            -32.973753794140926
          ],
          [
            -71.54600512603048,
            -32.973854075775066
          ],
          [
            -71.54600147263807,
            -32.97396230892663
          ],
          [
            -71.54601189166988,
            -32.974072083049556
          ],
          [
            -71.54604315053825,
            -32.97416712537233
          ],
          [
            -71.54603141454477,
            -32.974266309433666
          ],
          [
            -71.54603830920297,
            -32.97437721594246
          ],
          [
            -71.54599449341991,
            -32.97440131515038
          ]
        ]
      }
    },
    {
      "type": "Feature",
      "properties": {
        "year": 2019,
        "scene_count": 1,
        "processing_level": "L2A_FES2014"
      },
      "geometry": {
        "type": "LineString",
        "coordinates": [
          [
            -71.54708207662678,
            -32.96260403244636
          ],
          [
            -71.54720267655898,
            -32.96262500264659
          ],
          [
            -71.54732327654064,
            -32.96264597272737
          ],
          [
            -71.5473131318394,
            -32.9625746224297
          ],
          [
            -71.54722250465024,
            -32.96267126571872
          ],
          [
            -71.5471701673585,
            -32.96277782114435
          ],
          [
            -71.54715324990372,
            -32.96289957096406
          ],
          [
            -71.54715574482114,
            -32.963003356343705
          ],
          [
            -71.54715036715479,
            -32.96308459683858
          ],
          [
            -71.5471017253974,
            -32.9631848863966
          ],
          [
            -71.54708565014938,
            -32.9632977761149
          ],
          [
            -71.5470839652559,
            -32.96340601659811
          ],
          [
            -71.5470835518304,
            -32.96349457763528
          ],
          [
            -71.5470379733285,
            -32.963589507473486
          ],
          [
            -71.54700081884958,
            -32.96368847624077
          ],
          [
            -71.54697301886833,
            -32.96379647509709
          ],
          [
            -71.54695928205784,
            -32.96390366929165
          ],
          [
            -71.54695809433883,
            -32.964010561959874
          ],
          [
            -71.54695785212412,
            -32.964109833325516
          ],
          [
            -71.54694507372729,
            -32.964210859494806
          ],
          [
            -71.54692013316209,
            -32.9643105937603
          ],
          [
            -71.54689825566163,
            -32.9644151658009
          ],
          [
            -71.54688196403804,
            -32.96451888071266
          ],
          [
            -71.54687269905479,
            -32.964618099742985
          ],
          [
            -71.54683010608976,
            -32.96471786695738
          ],
          [
            -71.54684751380081,
            -32.96482852883855
          ],
          [
            -71.54687575991409,
            -32.96492342072406
          ],
          [
            -71.54686134053702,
            -32.96501954140539
          ],
          [
            -71.54682350146103,
            -32.9651167888806
          ],
          [
            -71.5467767273018,
            -32.96521284432895
          ],
          [
            -71.54672237996354,
            -32.96530547522528
          ],
          [
            -71.54668528361913,
            -32.96540522939003
          ],
          [
            -71.54666273119389,
            -32.96550746600894
          ],
          [
            -71.5466177105069,
            -32.96560397920448
          ],
          [
            -71.54658388900813,
            -32.96570254481281
          ],
          [
            -71.54656939944947,
            -32.96580540389312
          ],
          [
            -71.54654945953614,
            -32.96590749735682
          ],
          [
            -71.54653474413736,
            -32.96601053618249
          ],
          [
            -71.54653174742332,
            -32.966113359866384
          ],
          [
            -71.54652399440879,
            -32.96621702041479
          ],
          [
            -71.54651634940944,
            -32.96632064583659
          ],
          [
            -71.54650456549878,
            -32.966427197370024
          ],
          [
            -71.54648732700662,
            -32.96652550792086
          ],
          [
            -71.54647628464467,
            -32.96663482087746
          ],
          [
            -71.54645745491986,
            -32.96672911096517
          ],
          [
            -71.54645258051978,
            -32.96683513607346
          ],
          [
            -71.546442124826,
            -32.96693871480194
          ],
          [
            -71.54641839234753,
            -32.967048581959965
          ],
          [
            -71.54640186062045,
            -32.967139193109965
          ],
          [
            -71.54639756094213,
            -32.967244223976465
          ],
          [
            -71.54638888499954,
            -32.967348569223645
          ],
          [
            -71.54637730155235,
            -32.967453660989115
          ],
          [
            -71.54636231582789,
            -32.96756078890734
          ],
          [
            -71.54634220723791,
            -32.9676625699434
          ],
          [
            -71.54632185744725,
            -32.96777565609601
          ],
          [
            -71.54628233175283,
            -32.96787399853607
          ],
          [
            -71.54624953537578,
            -32.967969552361616
          ],
          [
            -71.5462289077381,
            -32.968061896162276
          ],
          [
            -71.54621220282519,
            -32.9681614365718
          ],
          [
            -71.54622012293912,
            -32.968239032629725
          ],
          [
            -71.54625433955196,
            -32.96834711075767
          ],
          [
            -71.54624833986053,
            -32.96846771854315
          ],
          [
            -71.54623430255914,
            -32.968577970372635
          ],
          [
            -71.54621521166456,
            -32.96867724392852
          ],
          [
            -71.54621617297092,
            -32.96876613377392
          ],
          [
            -71.54621929197984,
            -32.96887004780425
          ],
          [
            -71.54620188576125,
            -32.96899975636492
          ],
          [
            -71.54617237466103,
            -32.96910055062697
          ],
          [
            -71.54615069838741,
            -32.96919419036065
          ],
          [
            -71.5461364321981,
            -32.96928987120938
          ],
          [
            -71.54612499771264,
            -32.969387805334925
          ],
          [
            -71.54612634498179,
            -32.96948443942289
          ],
          [
            -71.54613519092099,
            -32.96957430701482
          ],
          [
            -71.54613630138961,
            -32.96968980426467
          ],
          [
            -71.54611876892994,
            -32.96980898818684
          ],
          [
            -71.54610437220036,
            -32.969902412584865
          ],
          [
            -71.5460970458414,
            -32.96999953984004
          ],
          [
            -71.54609455078855,
            -32.970103325174655
          ],
          [
            -71.54607701146512,
            -32.97022422839291
          ],
          [
            -71.54605381856777,
            -32.97032617746946
          ],
          [
            -71.54603126346782,
            -32.97042730729048
          ],
          [
            -71.54601725962874,
            -32.97050290234888
          ],
          [
            -71.54602696811135,
            -32.97062002425368
          ],
          [
            -71.54601281538469,
            -32.970735654135495
          ],
          [
            -71.54596405199906,
            -32.970858792576934
          ],
          [
            -71.545920374386,
            -32.97092887998212
          ],
          [
            -71.54592118249076,
            -32.97097439100638
          ],
          [
            -71.5459694269081,
            -32.97108398983531
          ],
          [
            -71.54599064098504,
            -32.97121010552327
          ],
          [
            -71.54598428422243,
            -32.971326940429435
          ],
          [
            -71.54595598378766,
            -32.9714245723166
          ],
          [
            -71.54595604511734,
            -32.97151650322736
          ],
          [
            -71.54596439332961,
            -32.97161528918096
          ],
          [
            -71.54596672316319,
            -32.97172596261604
          ],
          [
            -71.54596494900699,
            -32.97182594345285
          ],
          [
            -71.5459741761013,
            -32.97193176929169
          ],
          [
            -71.54597047207466,
            -32.97203753404031
          ],
          [
            -71.54596361017616,
            -32.97214131935708
          ],
          [
            -71.54595674826011,
            -32.97224510467092
          ],
          [
            -71.54595347110899,
            -32.97234716498486
          ],
          [
            -71.54595292557134,
            -32.97245057457529
          ],
          [
            -71.54595426590029,
            -32.97255220168002
          ],
          [
            -71.54596419344742,
            -32.97265809585202
          ],
          [
            -71.5459384433665,
            -32.972764869953956
          ],
          [
            -71.54588618446068,
            -32.972861235266194
          ],
          [
            -71.54586575596814,
            -32.97295778175321
          ],
          [
            -71.54590375186739,
            -32.973055134751064
          ],
          [
            -71.54596119893672,
            -32.973143900985384
          ],
          [
            -71.54595322934067,
            -32.9732438984031
          ],
          [
            -71.54594854677225,
            -32.973349709215974
          ],
          [
            -71.54596379905387,
            -32.97345220799525
          ],
          [
            -71.54597361163002,
            -32.973559342964144
          ],
          [
            -71.54601273875038,
            -32.97365793042545
          ],
          [
            -71.54601961330995,
            -32.97375379414232
          ],
          [
            -71.54601045113982,
            -32.973854484111015
          ],
          [
            -71.54600735111958,
            -32.97396214199157
          ],
          [
            -71.54601818883114,
            -32.97407104464924
          ],
          [
            -71.54605006384779,
            -32.97416651400786
          ],
          [
            -71.54603890008585,
            -32.97426624156096
          ],
          [
            -71.54604623516306,
            -32.97437617992753
          ],
          [
            -71.54599999423999,
            -32.97440683825756
          ]
        ]
      }
    },
    {
      "type": "Feature",
      "properties": {
        "year": 2020,
        "scene_count": 1,
        "processing_level": "L2A_FES2014"
      },
      "geometry": {
        "type": "LineString",
        "coordinates": [
          [
            -71.54708492282474,
            -32.96259348495416
          ],
          [
            -71.54720544368226,
            -32.962614748138286
          ],
          [
            -71.54732596459,
            -32.96263601120312
          ],
          [
            -71.54732143469123,
            -32.962581645742645
          ],
          [
            -71.5472326167346,
            -32.96267571338159
          ],
          [
            -71.54718071111506,
            -32.96278060636513
          ],
          [
            -71.54716394277446,
            -32.96289957097038
          ],
          [
            -71.54716608127495,
            -32.96300335634905
          ],
          [
            -71.54715968009054,
            -32.963087621124785
          ],
          [
            -71.54711097957302,
            -32.963187112653316
          ],
          [
            -71.54709487441737,
            -32.96329852719617
          ],
          [
            -71.54709287528163,
            -32.963406114131246
          ],
          [
            -71.54709169391738,
            -32.963496789344376
          ],
          [
            -71.54704573747352,
            -32.96359172571585
          ],
          [
            -71.54700824543079,
            -32.96369059803965
          ],
          [
            -71.54698039270161,
            -32.96379755895917
          ],
          [
            -71.54696638978325,
            -32.963904129524494
          ],
          [
            -71.54696486657592,
            -32.964010561962304
          ],
          [
            -71.54696422542577,
            -32.96411045488795
          ],
          [
            -71.54695103922137,
            -32.96421175521482
          ],
          [
            -71.54692568750745,
            -32.964311684106676
          ],
          [
            -71.54690353947471,
            -32.96441585410359
          ],
          [
            -71.54688691478572,
            -32.964519407952956
          ],
          [
            -71.54687714544406,
            -32.964619199025584
          ],
          [
            -71.54683434981085,
            -32.9647183174513
          ],
          [
            -71.54685107937459,
            -32.96482757004177
          ],
          [
            -71.54687896564066,
            -32.96492332039879
          ],
          [
            -71.54686388077614,
            -32.965020243475436
          ],
          [
            -71.54682545430101,
            -32.965117523846054
          ],
          [
            -71.54677819193317,
            -32.96521339555354
          ],
          [
            -71.54672334271427,
            -32.96530586750437
          ],
          [
            -71.54668579578009,
            -32.96540535875696
          ],
          [
            -71.54666273119389,
            -32.96550746600894
          ],
          [
            -71.54661721414007,
            -32.965603811705655
          ],
          [
            -71.54658283865375,
            -32.96570237578909
          ],
          [
            -71.5465678131681,
            -32.96580520356414
          ],
          [
            -71.5465473449723,
            -32.965907227562
          ],
          [
            -71.54653209966233,
            -32.966010206073435
          ],
          [
            -71.5465285527241,
            -32.96611311406531
          ],
          [
            -71.54652026788408,
            -32.966216727898036
          ],
          [
            -71.54651209038127,
            -32.96632031278153
          ],
          [
            -71.54649986199448,
            -32.966426340916364
          ],
          [
            -71.54648199559202,
            -32.966525167848886
          ],
          [
            -71.54647059879791,
            -32.966633553289384
          ],
          [
            -71.54645104865392,
            -32.966728813122394
          ],
          [
            -71.54644567364322,
            -32.96683447933309
          ],
          [
            -71.54643468912485,
            -32.96693798923207
          ],
          [
            -71.54641072208963,
            -32.96704660718345
          ],
          [
            -71.54639332242635,
            -32.96713874523325
          ],
          [
            -71.54638850504449,
            -32.967243566834775
          ],
          [
            -71.54637930919536,
            -32.96734775773982
          ],
          [
            -71.54636722861736,
            -32.967452550246925
          ],
          [
            -71.54635182625164,
            -32.96755903717508
          ],
          [
            -71.54633117227392,
            -32.967660821886675
          ],
          [
            -71.54631083650214,
            -32.96777219048061
          ],
          [
            -71.546270809844,
            -32.96787037538962
          ],
          [
            -71.54623726902615,
            -32.96796637568085
          ],
          [
            -71.54621573828489,
            -32.96805996677106
          ],
          [
            -71.54619842181705,
            -32.96815989664046
          ],
          [
            -71.5462059080406,
            -32.968241155473095
          ],
          [
            -71.54623941961738,
            -32.968348151656144
          ],
          [
            -71.54623301571866,
            -32.96846629794939
          ],
          [
            -71.54621871493373,
            -32.96857549367329
          ],
          [
            -71.54619909331669,
            -32.968675155200266
          ],
          [
            -71.5461994196892,
            -32.96876613378836
          ],
          [
            -71.54620209312579,
            -32.968870029436204
          ],
          [
            -71.54618486786788,
            -32.96899582799979
          ],
          [
            -71.5461549270038,
            -32.969096523057495
          ],
          [
            -71.546132495887,
            -32.96919124141295
          ],
          [
            -71.54611759560107,
            -32.96928789982427
          ],
          [
            -71.54610562743851,
            -32.969386556866624
          ],
          [
            -71.54610647448203,
            -32.969484207421914
          ],
          [
            -71.54611497138599,
            -32.96957599107438
          ],
          [
            -71.54611633982388,
            -32.96968980640823
          ],
          [
            -71.5460993575934,
            -32.96980667028488
          ],
          [
            -71.54608515539232,
            -32.96990147897432
          ],
          [
            -71.5460781535787,
            -32.96999953985805
          ],
          [
            -71.54607601496191,
            -32.970103325193044
          ],
          [
            -71.54605909167682,
            -32.970221647926536
          ],
          [
            -71.54603625012791,
            -32.97032364759822
          ],
          [
            -71.54601402144715,
            -32.97042495433251
          ],
          [
            -71.54600024238007,
            -32.97050440262431
          ],
          [
            -71.5460102252735,
            -32.97061951735293
          ],
          [
            -71.54599663785187,
            -32.9707333993327
          ],
          [
            -71.54594955373591,
            -32.97085300723298
          ],
          [
            -71.54590510523967,
            -32.970926603829135
          ],
          [
            -71.54590782884792,
            -32.97098009698879
          ],
          [
            -71.54595568688296,
            -32.971087724529234
          ],
          [
            -71.54597674060095,
            -32.971210286625556
          ],
          [
            -71.54597107429451,
            -32.971325216178116
          ],
          [
            -71.54594322480058,
            -32.97142341468153
          ],
          [
            -71.54594376204072,
            -32.97151701384423
          ],
          [
            -71.54595270821835,
            -32.9716164306845
          ],
          [
            -71.54595549551783,
            -32.971726088581036
          ],
          [
            -71.54595428410809,
            -32.97182660748826
          ],
          [
            -71.54596402237281,
            -32.97193205207331
          ],
          [
            -71.54596084749242,
            -32.97203753404533
          ],
          [
            -71.54595496586529,
            -32.97214131936105
          ],
          [
            -71.54594908422293,
            -32.97224510467409
          ],
          [
            -71.54594679327617,
            -32.972347402217935
          ],
          [
            -71.54594723115127,
            -32.97245084548414
          ],
          [
            -71.54594958566821,
            -32.97255273748596
          ],
          [
            -71.54596045152637,
            -32.97265816871288
          ],
          [
            -71.54593576925875,
            -32.97276428518197
          ],
          [
            -71.54588454224306,
            -32.97286065135501
          ],
          [
            -71.54586496225839,
            -32.97295787903535
          ],
          [
            -71.54590390639586,
            -32.973055059885624
          ],
          [
            -71.54596231766253,
            -32.97314364721358
          ],
          [
            -71.54595536270746,
            -32.97324402712011
          ],
          [
            -71.54595121179442,
            -32.973349529528384
          ],
          [
            -71.54596699918908,
            -32.97345201583489
          ],
          [
            -71.54597722853822,
            -32.97355853110361
          ],
          [
            -71.54601685140136,
            -32.97365693860605
          ],
          [
            -71.54602442569413,
            -32.97375379414353
          ],
          [
            -71.5460157762492,
            -32.973854892446724
          ],
          [
            -71.54601322960106,
            -32.973961975056234
          ],
          [
            -71.54602448599223,
            -32.97407000624864
          ],
          [
            -71.5460569771572,
            -32.97416590264302
          ],
          [
            -71.5460463856269,
            -32.9742661736878
          ],
          [
            -71.5460541611229,
            -32.97437514391212
          ],
          [
            -71.54600549506077,
            -32.97441236136446
          ]
        ]
      }
    },
    {
      "type": "Feature",
      "properties": {
        "year": 2021,
        "scene_count": 1,
        "processing_level": "L2A_FES2014"
      },
      "geometry": {
        "type": "LineString",
        "coordinates": [
          [
            -71.5470877690221,
            -32.96258293746192
          ],
          [
            -71.54720821080497,
            -32.962604493629954
          ],
          [
            -71.54732865263881,
            -32.962626049678775
          ],
          [
            -71.54732973754435,
            -32.96258866905498
          ],
          [
            -71.54724272881994,
            -32.9626801610436
          ],
          [
            -71.54719125487223,
            -32.96278339158498
          ],
          [
            -71.54717463564515,
            -32.96289957097582
          ],
          [
            -71.54717641772872,
            -32.96300335635353
          ],
          [
            -71.54716899302689,
            -32.963090645410254
          ],
          [
            -71.54712023374907,
            -32.96318933890934
          ],
          [
            -71.54710409868547,
            -32.96329927827675
          ],
          [
            -71.54710178530735,
            -32.96340621166376
          ],
          [
            -71.54709983600473,
            -32.963499001052895
          ],
          [
            -71.54705350161889,
            -32.96359394395771
          ],
          [
            -71.54701567201232,
            -32.963692719838065
          ],
          [
            -71.54698776653507,
            -32.963798642820805
          ],
          [
            -71.54697349750872,
            -32.963904589756915
          ],
          [
            -71.54697163881298,
            -32.964010561964365
          ],
          [
            -71.54697059872747,
            -32.964111076450045
          ],
          [
            -71.54695700471557,
            -32.96421265093453
          ],
          [
            -71.54693124185293,
            -32.964312774452786
          ],
          [
            -71.54690882328786,
            -32.96441654240603
          ],
          [
            -71.54689186553348,
            -32.96451993519307
          ],
          [
            -71.5468815918334,
            -32.96462029830804
          ],
          [
            -71.54683859353197,
            -32.96471876794503
          ],
          [
            -71.5468546449483,
            -32.96482661124489
          ],
          [
            -71.54688217136722,
            -32.964923220073445
          ],
          [
            -71.5468664210153,
            -32.965020945545426
          ],
          [
            -71.54682740714105,
            -32.965118258811486
          ],
          [
            -71.54677965656457,
            -32.96521394677811
          ],
          [
            -71.54672430546498,
            -32.96530625978344
          ],
          [
            -71.54668630794106,
            -32.965405488123885
          ],
          [
            -71.54666273119389,
            -32.96550746600894
          ],
          [
            -71.54661671777325,
            -32.965603644206816
          ],
          [
            -71.54658178829936,
            -32.96570220676537
          ],
          [
            -71.54656622688672,
            -32.96580500323511
          ],
          [
            -71.54654523040846,
            -32.96590695776715
          ],
          [
            -71.5465294551873,
            -32.96600987596432
          ],
          [
            -71.54652535802488,
            -32.966112868264155
          ],
          [
            -71.54651654135937,
            -32.966216435381156
          ],
          [
            -71.5465078313531,
            -32.966319979726315
          ],
          [
            -71.54649515849027,
            -32.966425484462526
          ],
          [
            -71.54647666417742,
            -32.96652482777667
          ],
          [
            -71.5464649129513,
            -32.96663228570102
          ],
          [
            -71.54644464238801,
            -32.96672851527932
          ],
          [
            -71.54643876676671,
            -32.96683382259233
          ],
          [
            -71.5464272534238,
            -32.966937263661755
          ],
          [
            -71.54640305183204,
            -32.967044632406456
          ],
          [
            -71.5463847842323,
            -32.96713829735595
          ],
          [
            -71.54637944914694,
            -32.967242909692445
          ],
          [
            -71.5463697333913,
            -32.96734694625526
          ],
          [
            -71.54635715568254,
            -32.96745143950391
          ],
          [
            -71.54634133667575,
            -32.96755728544191
          ],
          [
            -71.5463201373103,
            -32.96765907382896
          ],
          [
            -71.54629981555784,
            -32.967768724864186
          ],
          [
            -71.54625928793604,
            -32.96786675224206
          ],
          [
            -71.54622500267735,
            -32.96796319899884
          ],
          [
            -71.54620256883217,
            -32.96805803737841
          ],
          [
            -71.54618464080927,
            -32.968158356707576
          ],
          [
            -71.5461916931413,
            -32.96824327831486
          ],
          [
            -71.5462244996823,
            -32.968349192552836
          ],
          [
            -71.54621769157716,
            -32.9684648773537
          ],
          [
            -71.54620312730908,
            -32.968573016971945
          ],
          [
            -71.54618297496943,
            -32.9686730664699
          ],
          [
            -71.54618266640733,
            -32.96876613380054
          ],
          [
            -71.54618489427158,
            -32.968870011065775
          ],
          [
            -71.54616784997586,
            -32.968991899632265
          ],
          [
            -71.54613747934798,
            -32.969092495485505
          ],
          [
            -71.54611429338763,
            -32.96918829246254
          ],
          [
            -71.5460987590047,
            -32.96928592843624
          ],
          [
            -71.54608625716473,
            -32.96938530839528
          ],
          [
            -71.54608660398216,
            -32.96948397541775
          ],
          [
            -71.54609475185002,
            -32.9695776751307
          ],
          [
            -71.54609637825796,
            -32.969689808548644
          ],
          [
            -71.54607994625768,
            -32.96980435237988
          ],
          [
            -71.54606593858449,
            -32.9699005453608
          ],
          [
            -71.54605926131582,
            -32.96999953987321
          ],
          [
            -71.54605747913506,
            -32.97010332520868
          ],
          [
            -71.5460411718894,
            -32.97021906745754
          ],
          [
            -71.54601868168886,
            -32.97032111772446
          ],
          [
            -71.54599677942724,
            -32.9704226013721
          ],
          [
            -71.54598322513066,
            -32.970505902897415
          ],
          [
            -71.54599348243572,
            -32.97061901044994
          ],
          [
            -71.54598046031974,
            -32.97073114452776
          ],
          [
            -71.54593505547456,
            -32.970847221887254
          ],
          [
            -71.545889836094,
            -32.970924327674254
          ],
          [
            -71.5458944752033,
            -32.97098580296983
          ],
          [
            -71.54594194685656,
            -32.971091459221704
          ],
          [
            -71.54596284021669,
            -32.97121046772629
          ],
          [
            -71.54595786436701,
            -32.971323491925375
          ],
          [
            -71.54593046581375,
            -32.97142225704513
          ],
          [
            -71.54593147896387,
            -32.97151752445988
          ],
          [
            -71.5459410231067,
            -32.971617572186965
          ],
          [
            -71.54594426787239,
            -32.97172621454502
          ],
          [
            -71.54594361920897,
            -32.97182727152278
          ],
          [
            -71.5459538686442,
            -32.97193233485413
          ],
          [
            -71.54595122291015,
            -32.9720375340496
          ],
          [
            -71.5459463215544,
            -32.9721413193644
          ],
          [
            -71.54594142018571,
            -32.97224510467676
          ],
          [
            -71.54594011544329,
            -32.97234763945067
          ],
          [
            -71.54594153673115,
            -32.97245111639269
          ],
          [
            -71.54594490543606,
            -32.97255327329174
          ],
          [
            -71.54595670960532,
            -32.972658241573626
          ],
          [
            -71.54593309515103,
            -32.972763700409914
          ],
          [
            -71.54588290002546,
            -32.97286006744382
          ],
          [
            -71.54586416854863,
            -32.972957976317474
          ],
          [
            -71.54590406092433,
            -32.97305498502017
          ],
          [
            -71.54596343638833,
            -32.97314339344179
          ],
          [
            -71.54595749607424,
            -32.97324415583708
          ],
          [
            -71.54595387681658,
            -32.97334934984073
          ],
          [
            -71.54597019932426,
            -32.97345182367445
          ],
          [
            -71.54598084544635,
            -32.97355771924298
          ],
          [
            -71.54602096405225,
            -32.973655946786515
          ],
          [
            -71.54602923807829,
            -32.973753794144564
          ],
          [
            -71.54602110135862,
            -32.97385530078222
          ],
          [
            -71.54601910808252,
            -32.97396180812062
          ],
          [
            -71.54603078315316,
            -32.97406896784771
          ],
          [
            -71.5460638904665,
            -32.974165291277814
          ],
          [
            -71.54605387116789,
            -32.974266105814216
          ],
          [
            -71.54606208708252,
            -32.9743741078962
          ],
          [
            -71.54601099588224,
            -32.974417884471094
          ]
        ]
      }
    },
    {
      "type": "Feature",
      "properties": {
        "year": 2022,
        "scene_count": 1,
        "processing_level": "L2A_FES2014"
      },
      "geometry": {
        "type": "LineString",
        "coordinates": [
          [
            -71.54709061521888,
            -32.96257238996963
          ],
          [
            -71.54721097792712,
            -32.96259423912158
          ],
          [
            -71.54733134068711,
            -32.96261608815441
          ],
          [
            -71.5473380403988,
            -32.96259569236669
          ],
          [
            -71.54725284090624,
            -32.96268460870471
          ],
          [
            -71.54720179863,
            -32.9627861768039
          ],
          [
            -71.54718532851578,
            -32.96289957098034
          ],
          [
            -71.5471867541824,
            -32.96300335635717
          ],
          [
            -71.54717830596381,
            -32.963093669695
          ],
          [
            -71.54712948792553,
            -32.96319156516464
          ],
          [
            -71.54711332295368,
            -32.96330002935663
          ],
          [
            -71.54711069533305,
            -32.96340630919563
          ],
          [
            -71.54710797809247,
            -32.963501212760875
          ],
          [
            -71.54706126576464,
            -32.963596162199075
          ],
          [
            -71.54702309859418,
            -32.96369484163603
          ],
          [
            -71.54699514036865,
            -32.963799726682005
          ],
          [
            -71.54698060523422,
            -32.96390504998893
          ],
          [
            -71.54697841105002,
            -32.96401056196605
          ],
          [
            -71.54697697202924,
            -32.96411169801182
          ],
          [
            -71.54696297020985,
            -32.96421354665394
          ],
          [
            -71.54693679619854,
            -32.964313864798655
          ],
          [
            -71.54691410710107,
            -32.964417230708264
          ],
          [
            -71.54689681628128,
            -32.96452046243299
          ],
          [
            -71.54688603822287,
            -32.96462139759032
          ],
          [
            -71.54684283725314,
            -32.96471921843865
          ],
          [
            -71.54685821052189,
            -32.96482565244792
          ],
          [
            -71.54688537709376,
            -32.96492311974801
          ],
          [
            -71.54686896125449,
            -32.965021647615366
          ],
          [
            -71.5468293599811,
            -32.96511899377688
          ],
          [
            -71.54678112119596,
            -32.96521449800265
          ],
          [
            -71.54672526821571,
            -32.9653066520625
          ],
          [
            -71.54668682010202,
            -32.965405617490816
          ],
          [
            -71.54666273119389,
            -32.96550746600894
          ],
          [
            -71.54661622140644,
            -32.96560347670799
          ],
          [
            -71.54658073794498,
            -32.96570203774163
          ],
          [
            -71.54656464060537,
            -32.96580480290608
          ],
          [
            -71.54654311584463,
            -32.96590668797226
          ],
          [
            -71.5465268107123,
            -32.96600954585513
          ],
          [
            -71.54652216332569,
            -32.966112622462916
          ],
          [
            -71.54651281483468,
            -32.9662161428642
          ],
          [
            -71.54650357232495,
            -32.96631964667095
          ],
          [
            -71.54649045498613,
            -32.96642462800851
          ],
          [
            -71.54647133276286,
            -32.966524487704234
          ],
          [
            -71.54645922710482,
            -32.96663101811239
          ],
          [
            -71.54643823612213,
            -32.9667282174359
          ],
          [
            -71.54643185989029,
            -32.966833165851185
          ],
          [
            -71.5464198177228,
            -32.96693653809099
          ],
          [
            -71.54639538157475,
            -32.967042657628994
          ],
          [
            -71.54637624603829,
            -32.96713784947808
          ],
          [
            -71.54637039324948,
            -32.967242252549426
          ],
          [
            -71.54636015758737,
            -32.96734613476996
          ],
          [
            -71.54634708274794,
            -32.96745032876007
          ],
          [
            -71.54633084710021,
            -32.96755553370786
          ],
          [
            -71.54630910234705,
            -32.96765732577023
          ],
          [
            -71.54628879461434,
            -32.967765259246754
          ],
          [
            -71.54624776602897,
            -32.967863129093374
          ],
          [
            -71.54621273632932,
            -32.96796002231557
          ],
          [
            -71.54618939937993,
            -32.968056107984346
          ],
          [
            -71.54617085980189,
            -32.96815681677313
          ],
          [
            -71.54617747824122,
            -32.968245401155045
          ],
          [
            -71.54620957974676,
            -32.96835023344778
          ],
          [
            -71.54620236743602,
            -32.96846345675612
          ],
          [
            -71.54618753968516,
            -32.96857054026862
          ],
          [
            -71.54616685662279,
            -32.96867097773739
          ],
          [
            -71.54616591312531,
            -32.96876613381049
          ],
          [
            -71.54616769541721,
            -32.96886999269297
          ],
          [
            -71.5461508320852,
            -32.96898797126232
          ],
          [
            -71.5461200316936,
            -32.96908846791099
          ],
          [
            -71.54609609088931,
            -32.969185343509416
          ],
          [
            -71.54607992240898,
            -32.96928395704536
          ],
          [
            -71.54606688689127,
            -32.969384059920905
          ],
          [
            -71.54606673348218,
            -32.969483743410436
          ],
          [
            -71.54607453231306,
            -32.96957935918379
          ],
          [
            -71.5460764166918,
            -32.96968981068582
          ],
          [
            -71.54606053492277,
            -32.96980203447179
          ],
          [
            -71.54604672177685,
            -32.969899611744296
          ],
          [
            -71.54604036905272,
            -32.969999539885514
          ],
          [
            -71.54603894330803,
            -32.97010332522156
          ],
          [
            -71.54602325210284,
            -32.97021648698592
          ],
          [
            -71.54600111325067,
            -32.97031858784817
          ],
          [
            -71.54597953740809,
            -32.97042024840926
          ],
          [
            -71.54596620788051,
            -32.97050740316826
          ],
          [
            -71.54597673959798,
            -32.970618503544685
          ],
          [
            -71.54596428278829,
            -32.97072888972068
          ],
          [
            -71.54592055721501,
            -32.97084143653975
          ],
          [
            -71.54587456694901,
            -32.97092205151746
          ],
          [
            -71.54588112155689,
            -32.97099150894953
          ],
          [
            -71.54592820682892,
            -32.971095193912724
          ],
          [
            -71.54594893983227,
            -32.97121064882548
          ],
          [
            -71.54594465443995,
            -32.97132176767122
          ],
          [
            -71.54591770682715,
            -32.971421099407415
          ],
          [
            -71.54591919588677,
            -32.97151803507432
          ],
          [
            -71.54592933799469,
            -32.97161871368834
          ],
          [
            -71.54593304022683,
            -32.971726340507985
          ],
          [
            -71.54593295430963,
            -32.971827935556405
          ],
          [
            -71.5459437149155,
            -32.97193261763411
          ],
          [
            -71.54594159832783,
            -32.97203753405312
          ],
          [
            -71.54593767724346,
            -32.97214131936716
          ],
          [
            -71.54593375614846,
            -32.972245104678954
          ],
          [
            -71.54593343761034,
            -32.972347876683024
          ],
          [
            -71.54593584231095,
            -32.97245138730101
          ],
          [
            -71.54594022520385,
            -32.97255380909735
          ],
          [
            -71.54595296768423,
            -32.97265831443428
          ],
          [
            -71.54593042104334,
            -32.972763115637804
          ],
          [
            -71.54588125780789,
            -32.97285948353258
          ],
          [
            -71.54586337483889,
            -32.97295807359959
          ],
          [
            -71.54590421545278,
            -32.973054910154715
          ],
          [
            -71.54596455511411,
            -32.97314313966998
          ],
          [
            -71.54595962944104,
            -32.97324428455403
          ],
          [
            -71.54595654183873,
            -32.97334917015303
          ],
          [
            -71.54597339945943,
            -32.973451631513946
          ],
          [
            -71.54598446235441,
            -32.97355690738226
          ],
          [
            -71.54602507670303,
            -32.97365495496686
          ],
          [
            -71.54603405046244,
            -32.9737537941454
          ],
          [
            -71.54602642646807,
            -32.97385570911748
          ],
          [
            -71.5460249865639,
            -32.97396164118472
          ],
          [
            -71.54603708031392,
            -32.974067929446484
          ],
          [
            -71.54607080377568,
            -32.97416467991223
          ],
          [
            -71.54606135670883,
            -32.97426603794017
          ],
          [
            -71.54607001304194,
            -32.97437307187981
          ],
          [
            -71.54601649670441,
            -32.97442340757744
          ]
        ]
      }
    },
    {
      "type": "Feature",
      "properties": {
        "year": 2023,
        "scene_count": 1,
        "processing_level": "L2A_FES2014"
      },
      "geometry": {
        "type": "LineString",
        "coordinates": [
          [
            -71.54709346141505,
            -32.9625618424773
          ],
          [
            -71.5472137450487,
            -32.96258398461314
          ],
          [
            -71.54733402873488,
            -32.96260612663
          ],
          [
            -71.54734634325456,
            -32.962602715677775
          ],
          [
            -71.54726295299352,
            -32.96268905636499
          ],
          [
            -71.54721234238836,
            -32.96278896202191
          ],
          [
            -71.54719602138634,
            -32.96289957098392
          ],
          [
            -71.54719709063605,
            -32.96300335635995
          ],
          [
            -71.54718761890135,
            -32.963096693979004
          ],
          [
            -71.54713874210242,
            -32.96319379141923
          ],
          [
            -71.54712254722199,
            -32.963300780435844
          ],
          [
            -71.54711960535872,
            -32.96340640672687
          ],
          [
            -71.54711612018056,
            -32.96350342446831
          ],
          [
            -71.54706902991074,
            -32.96359838043994
          ],
          [
            -71.54703052517637,
            -32.96369696343352
          ],
          [
            -71.54700251420239,
            -32.96380081054274
          ],
          [
            -71.54698771295979,
            -32.96390551022055
          ],
          [
            -71.54698518328702,
            -32.96401056196737
          ],
          [
            -71.54698334533107,
            -32.96411231957326
          ],
          [
            -71.54696893570424,
            -32.96421444237307
          ],
          [
            -71.54694235054426,
            -32.96431495514426
          ],
          [
            -71.54691939091435,
            -32.96441791901025
          ],
          [
            -71.54690176702911,
            -32.96452098967271
          ],
          [
            -71.54689048461242,
            -32.964622496872444
          ],
          [
            -71.54684708097435,
            -32.9647196689321
          ],
          [
            -71.54686177609543,
            -32.96482469365085
          ],
          [
            -71.5468885828203,
            -32.96492301942248
          ],
          [
            -71.54687150149371,
            -32.96502234968524
          ],
          [
            -71.54683131282118,
            -32.96511972874225
          ],
          [
            -71.54678258582737,
            -32.96521504922716
          ],
          [
            -71.54672623096644,
            -32.96530704434155
          ],
          [
            -71.54668733226299,
            -32.96540574685773
          ],
          [
            -71.54666273119389,
            -32.96550746600894
          ],
          [
            -71.54661572503962,
            -32.96560330920914
          ],
          [
            -71.5465796875906,
            -32.965701868717886
          ],
          [
            -71.54656305432403,
            -32.96580460257703
          ],
          [
            -71.54654100128081,
            -32.96590641817734
          ],
          [
            -71.54652416623732,
            -32.966009215745906
          ],
          [
            -71.5465189686265,
            -32.9661123766616
          ],
          [
            -71.54650908831002,
            -32.9662158503471
          ],
          [
            -71.54649931329683,
            -32.966319313615436
          ],
          [
            -71.54648575148207,
            -32.96642377155432
          ],
          [
            -71.54646600134834,
            -32.96652414763155
          ],
          [
            -71.5464535412585,
            -32.966629750523495
          ],
          [
            -71.54643182985626,
            -32.96672791959215
          ],
          [
            -71.54642495301394,
            -32.96683250910966
          ],
          [
            -71.54641238202194,
            -32.96693581251978
          ],
          [
            -71.54638771131778,
            -32.96704068285102
          ],
          [
            -71.54636770784434,
            -32.9671374015996
          ],
          [
            -71.54636133735211,
            -32.96724159540577
          ],
          [
            -71.54635058178357,
            -32.967345323283915
          ],
          [
            -71.54633700981353,
            -32.96744921801541
          ],
          [
            -71.54632035752502,
            -32.96755378197287
          ],
          [
            -71.54629806738419,
            -32.96765557771052
          ],
          [
            -71.54627777367165,
            -32.9677617936283
          ],
          [
            -71.54623624412278,
            -32.96785950594359
          ],
          [
            -71.54620046998213,
            -32.96795684563105
          ],
          [
            -71.54617622992818,
            -32.968054178588844
          ],
          [
            -71.54615707879486,
            -32.968155276837166
          ],
          [
            -71.54616326334035,
            -32.96824752399363
          ],
          [
            -71.54619465981075,
            -32.96835127434094
          ],
          [
            -71.54618704329523,
            -32.96846203615662
          ],
          [
            -71.54617195206198,
            -32.9685680635633
          ],
          [
            -71.54615073827678,
            -32.96866888900277
          ],
          [
            -71.54614915984311,
            -32.96876613381818
          ],
          [
            -71.54615049656269,
            -32.96886997431782
          ],
          [
            -71.54613381419593,
            -32.968984042890014
          ],
          [
            -71.54610258404065,
            -32.96908444033395
          ],
          [
            -71.54607788839202,
            -32.969182394553584
          ],
          [
            -71.5460610858139,
            -32.969281985651584
          ],
          [
            -71.54604751661816,
            -32.96938281144349
          ],
          [
            -71.54604686298208,
            -32.96948351139994
          ],
          [
            -71.54605431277511,
            -32.96958104323363
          ],
          [
            -71.54605645512542,
            -32.96968981281983
          ],
          [
            -71.54604112358868,
            -32.96979971656064
          ],
          [
            -71.54602750496942,
            -32.96989867812483
          ],
          [
            -71.54602147678942,
            -32.96999953989494
          ],
          [
            -71.54602040748082,
            -32.97010332523169
          ],
          [
            -71.54600533231716,
            -32.97021390651169
          ],
          [
            -71.5459835448133,
            -32.970316057969356
          ],
          [
            -71.5459622953897,
            -32.970417895444
          ],
          [
            -71.54594919062964,
            -32.97050890343678
          ],
          [
            -71.54595999676026,
            -32.970617996637166
          ],
          [
            -71.54594810525754,
            -32.97072663491144
          ],
          [
            -71.54590605895727,
            -32.97083565119046
          ],
          [
            -71.54585929780467,
            -32.97091977535876
          ],
          [
            -71.54586776790867,
            -32.97099721492788
          ],
          [
            -71.54591446680003,
            -32.971098928602274
          ],
          [
            -71.5459350394477,
            -32.97121082992312
          ],
          [
            -71.54593144451329,
            -32.97132004341562
          ],
          [
            -71.54590494784081,
            -32.971419941768374
          ],
          [
            -71.54590691280947,
            -32.97151854568758
          ],
          [
            -71.5459176528823,
            -32.97161985518865
          ],
          [
            -71.54592181258118,
            -32.971726466469946
          ],
          [
            -71.54592228941007,
            -32.971828599589124
          ],
          [
            -71.54593356118664,
            -32.97193290041328
          ],
          [
            -71.54593197374545,
            -32.97203753405591
          ],
          [
            -71.54592903293248,
            -32.97214131936932
          ],
          [
            -71.54592609211117,
            -32.97224510468068
          ],
          [
            -71.54592675977734,
            -32.97234811391505
          ],
          [
            -71.5459301478907,
            -32.97245165820905
          ],
          [
            -71.54593554497156,
            -32.97255434490278
          ],
          [
            -71.54594922576315,
            -32.97265838729481
          ],
          [
            -71.54592774693567,
            -32.97276253086563
          ],
          [
            -71.54587961559032,
            -32.972858899621315
          ],
          [
            -71.54586258112913,
            -32.97295817088171
          ],
          [
            -71.54590436998126,
            -32.97305483528927
          ],
          [
            -71.5459656738399,
            -32.973142885898156
          ],
          [
            -71.54596176280783,
            -32.97324441327093
          ],
          [
            -71.54595920686084,
            -32.973348990465254
          ],
          [
            -71.54597659959458,
            -32.97345143935333
          ],
          [
            -71.54598807926239,
            -32.973556095521424
          ],
          [
            -71.54602918935372,
            -32.973653963147065
          ],
          [
            -71.54603886284656,
            -32.97375379414606
          ],
          [
            -71.54603175157756,
            -32.97385611745251
          ],
          [
            -71.54603086504525,
            -32.97396147424855
          ],
          [
            -71.5460433774745,
            -32.97406689104491
          ],
          [
            -71.54607771708473,
            -32.974164068546244
          ],
          [
            -71.54606884224977,
            -32.97426597006569
          ],
          [
            -71.54607793900112,
            -32.9743720358629
          ],
          [
            -71.54602199752726,
            -32.97442893068349
          ]
        ]
      }
    },
    {
      "type": "Feature",
      "properties": {
        "year": 2024,
        "scene_count": 1,
        "processing_level": "L2A_FES2014"
      },
      "geometry": {
        "type": "LineString",
        "coordinates": [
          [
            -71.54709630761063,
            -32.96255129498491
          ],
          [
            -71.54721651216973,
            -32.962573730104666
          ],
          [
            -71.54733671678211,
            -32.96259616510555
          ],
          [
            -71.54735464611164,
            -32.96260973898823
          ],
          [
            -71.54727306508178,
            -32.96269350402437
          ],
          [
            -71.54722288614735,
            -32.962791747238995
          ],
          [
            -71.54720671425684,
            -32.962899570986586
          ],
          [
            -71.54720742708963,
            -32.96300335636187
          ],
          [
            -71.54719693183947,
            -32.9630997182623
          ],
          [
            -71.54714799627973,
            -32.96319601767312
          ],
          [
            -71.5471317714904,
            -32.96330153151433
          ],
          [
            -71.54712851538436,
            -32.963406504257456
          ],
          [
            -71.54712426226905,
            -32.963505636175185
          ],
          [
            -71.5470767940572,
            -32.96360059868029
          ],
          [
            -71.5470379517589,
            -32.96369908523056
          ],
          [
            -71.5470098880363,
            -32.96380189440305
          ],
          [
            -71.54699482068538,
            -32.963905970451734
          ],
          [
            -71.546991955524,
            -32.96401056196834
          ],
          [
            -71.54698971863297,
            -32.96411294113437
          ],
          [
            -71.54697490119874,
            -32.96421533809191
          ],
          [
            -71.5469479048901,
            -32.96431604548962
          ],
          [
            -71.5469246747277,
            -32.96441860731202
          ],
          [
            -71.546906717777,
            -32.96452151691221
          ],
          [
            -71.54689493100209,
            -32.964623596154404
          ],
          [
            -71.54685132469557,
            -32.964720119425415
          ],
          [
            -71.54686534166888,
            -32.96482373485368
          ],
          [
            -71.5468917885468,
            -32.96492291909688
          ],
          [
            -71.54687404173298,
            -32.965023051755075
          ],
          [
            -71.5468332656613,
            -32.9651204637076
          ],
          [
            -71.54678405045881,
            -32.96521560045168
          ],
          [
            -71.54672719371719,
            -32.965307436620606
          ],
          [
            -71.54668784442396,
            -32.96540587622466
          ],
          [
            -71.54666273119389,
            -32.96550746600894
          ],
          [
            -71.5466152286728,
            -32.965603141710304
          ],
          [
            -71.54657863723621,
            -32.96570169969412
          ],
          [
            -71.54656146804268,
            -32.96580440224796
          ],
          [
            -71.546538886717,
            -32.96590614838239
          ],
          [
            -71.54652152176233,
            -32.96600888563662
          ],
          [
            -71.54651577392733,
            -32.9661121308602
          ],
          [
            -71.54650536178536,
            -32.96621555782991
          ],
          [
            -71.54649505426873,
            -32.966318980559784
          ],
          [
            -71.5464810479781,
            -32.966422915099926
          ],
          [
            -71.54646066993384,
            -32.96652380755865
          ],
          [
            -71.54644785541232,
            -32.96662848293434
          ],
          [
            -71.5464254235904,
            -32.96672762174807
          ],
          [
            -71.54641804613769,
            -32.96683185236774
          ],
          [
            -71.54640494632115,
            -32.96693508694812
          ],
          [
            -71.54638004106111,
            -32.96703870807257
          ],
          [
            -71.54635916965043,
            -32.96713695372054
          ],
          [
            -71.54635228145483,
            -32.96724093826144
          ],
          [
            -71.54634100597988,
            -32.96734451179711
          ],
          [
            -71.54632693687931,
            -32.967448107269924
          ],
          [
            -71.5463098679502,
            -32.967552030237
          ],
          [
            -71.54628703242169,
            -32.96765382964981
          ],
          [
            -71.54626675272975,
            -32.96775832800883
          ],
          [
            -71.54622472221745,
            -32.96785588279268
          ],
          [
            -71.54618820363572,
            -32.96795366894527
          ],
          [
            -71.54616306047691,
            -32.96805224919195
          ],
          [
            -71.54614329778823,
            -32.96815373689963
          ],
          [
            -71.54614904843868,
            -32.96824964683066
          ],
          [
            -71.54617973987426,
            -32.968352315232345
          ],
          [
            -71.54617171915483,
            -32.96846061555524
          ],
          [
            -71.54615636443955,
            -32.968565586855995
          ],
          [
            -71.54613461993138,
            -32.968666800266035
          ],
          [
            -71.54613240656079,
            -32.968766133823614
          ],
          [
            -71.54613329770801,
            -32.968869955940264
          ],
          [
            -71.546116796308,
            -32.9689801145153
          ],
          [
            -71.54608513638915,
            -32.9690804127544
          ],
          [
            -71.54605968589577,
            -32.96917944559501
          ],
          [
            -71.54604224921947,
            -32.96928001425492
          ],
          [
            -71.54602814634539,
            -32.96938156296306
          ],
          [
            -71.54602699248187,
            -32.969483279386296
          ],
          [
            -71.54603409323617,
            -32.96958272728024
          ],
          [
            -71.54603649355883,
            -32.969689814950634
          ],
          [
            -71.5460217122554,
            -32.96979739864641
          ],
          [
            -71.54600828816218,
            -32.96989774450236
          ],
          [
            -71.54600258452594,
            -32.96999953990152
          ],
          [
            -71.54600187165343,
            -32.97010332523907
          ],
          [
            -71.54598741253236,
            -32.970211326034814
          ],
          [
            -71.54596597637678,
            -32.97031352808801
          ],
          [
            -71.54594505337205,
            -32.97041554247631
          ],
          [
            -71.54593217337802,
            -32.97051040370303
          ],
          [
            -71.54594325392257,
            -32.9706174897274
          ],
          [
            -71.54593192772747,
            -32.97072438010008
          ],
          [
            -71.54589156070134,
            -32.9708298658394
          ],
          [
            -71.54584402866098,
            -32.970917499198144
          ],
          [
            -71.54585441425868,
            -32.97100292090488
          ],
          [
            -71.54590072676987,
            -32.971102663290374
          ],
          [
            -71.54592113906297,
            -32.97121101101922
          ],
          [
            -71.54591823458706,
            -32.97131831915862
          ],
          [
            -71.54589218885471,
            -32.97141878412802
          ],
          [
            -71.54589462973195,
            -32.971519056299634
          ],
          [
            -71.54590596776954,
            -32.97162099668786
          ],
          [
            -71.54591058493541,
            -32.97172659243092
          ],
          [
            -71.54591162451027,
            -32.971829263620926
          ],
          [
            -71.54592340745768,
            -32.97193318319162
          ],
          [
            -71.54592234916302,
            -32.97203753405794
          ],
          [
            -71.54592038862145,
            -32.972141319370884
          ],
          [
            -71.54591842807386,
            -32.97224510468197
          ],
          [
            -71.54592008194429,
            -32.9723483511467
          ],
          [
            -71.54592445347042,
            -32.97245192911684
          ],
          [
            -71.54593086473919,
            -32.97255488070804
          ],
          [
            -71.54594548384205,
            -32.97265846015522
          ],
          [
            -71.54592507282804,
            -32.97276194609341
          ],
          [
            -71.5458779733728,
            -32.97285831571004
          ],
          [
            -71.54586178741935,
            -32.97295826816384
          ],
          [
            -71.54590452450972,
            -32.9730547604238
          ],
          [
            -71.54596679256568,
            -32.973142632126304
          ],
          [
            -71.54596389617463,
            -32.97324454198779
          ],
          [
            -71.54596187188297,
            -32.97334881077743
          ],
          [
            -71.54597979972972,
            -32.97345124719265
          ],
          [
            -71.54599169617029,
            -32.97355528366049
          ],
          [
            -71.54603330200429,
            -32.97365297132714
          ],
          [
            -71.54604367523068,
            -32.97375379414654
          ],
          [
            -71.54603707668707,
            -32.97385652578731
          ],
          [
            -71.54603674352657,
            -32.97396130731211
          ],
          [
            -71.54604967463493,
            -32.97406585264306
          ],
          [
            -71.54608463039366,
            -32.9741634571799
          ],
          [
            -71.54607632779063,
            -32.97426590219075
          ],
          [
            -71.5460858649601,
            -32.9743709998455
          ],
          [
            -71.54602749835082,
            -32.974434453789264
          ]
        ]
      }
    },
    {
      "type": "Feature",
      "properties": {
        "year": 2025,
        "scene_count": 1,
        "processing_level": "L2A_FES2014"
      },
      "geometry": {
        "type": "LineString",
        "coordinates": [
          [
            -71.5470991538056,
            -32.9625407474925
          ],
          [
            -71.54721927929016,
            -32.96256347559615
          ],
          [
            -71.54733940482882,
            -32.962586203581054
          ],
          [
            -71.54736294897003,
            -32.962616762298055
          ],
          [
            -71.547283177171,
            -32.96269795168289
          ],
          [
            -71.54723342990694,
            -32.96279453245514
          ],
          [
            -71.54721740712729,
            -32.962899570988355
          ],
          [
            -71.54721776354314,
            -32.96300335636293
          ],
          [
            -71.5472062447782,
            -32.963102742544855
          ],
          [
            -71.54715725045746,
            -32.9631982439263
          ],
          [
            -71.54714099575894,
            -32.96330228259215
          ],
          [
            -71.54713742540997,
            -32.96340660178741
          ],
          [
            -71.5471324043579,
            -32.96350784788151
          ],
          [
            -71.547084558204,
            -32.96360281692014
          ],
          [
            -71.54704537834175,
            -32.963701207027135
          ],
          [
            -71.54701726187034,
            -32.96380297826292
          ],
          [
            -71.54700192841104,
            -32.96390643068252
          ],
          [
            -71.54699872776096,
            -32.96401056196891
          ],
          [
            -71.54699609193496,
            -32.96411356269515
          ],
          [
            -71.54698086669333,
            -32.964216233810454
          ],
          [
            -71.54695345923606,
            -32.96431713583471
          ],
          [
            -71.54692995854111,
            -32.96441929561356
          ],
          [
            -71.54691166852493,
            -32.96452204415152
          ],
          [
            -71.54689937739184,
            -32.964624695436214
          ],
          [
            -71.54685556841683,
            -32.964720569918576
          ],
          [
            -71.54686890724223,
            -32.96482277605639
          ],
          [
            -71.54689499427332,
            -32.964922818771214
          ],
          [
            -71.54687658197228,
            -32.96502375382485
          ],
          [
            -71.54683521850144,
            -32.96512119867289
          ],
          [
            -71.54678551509026,
            -32.96521615167616
          ],
          [
            -71.54672815646795,
            -32.96530782889965
          ],
          [
            -71.54668835658492,
            -32.96540600559157
          ],
          [
            -71.54666273119389,
            -32.96550746600894
          ],
          [
            -71.546614732306,
            -32.96560297421147
          ],
          [
            -71.54657758688184,
            -32.965701530670366
          ],
          [
            -71.54655988176134,
            -32.96580420191886
          ],
          [
            -71.54653677215322,
            -32.96590587858738
          ],
          [
            -71.54651887728738,
            -32.966008555527274
          ],
          [
            -71.54651257922816,
            -32.96611188505871
          ],
          [
            -71.54650163526073,
            -32.96621526531259
          ],
          [
            -71.54649079524066,
            -32.96631864750399
          ],
          [
            -71.5464763444742,
            -32.966422058645364
          ],
          [
            -71.54645533851934,
            -32.966523467485516
          ],
          [
            -71.54644216956629,
            -32.96662721534492
          ],
          [
            -71.54641901732457,
            -32.96672732390367
          ],
          [
            -71.54641113926148,
            -32.966831195625424
          ],
          [
            -71.54639751062047,
            -32.966934361376005
          ],
          [
            -71.54637237080478,
            -32.967036733293625
          ],
          [
            -71.54635063145656,
            -32.96713650584089
          ],
          [
            -71.54634322555765,
            -32.96724028111643
          ],
          [
            -71.54633143017634,
            -32.967343700309584
          ],
          [
            -71.54631686394531,
            -32.967446996523606
          ],
          [
            -71.54629937837574,
            -32.96755027850023
          ],
          [
            -71.54627599745955,
            -32.96765208158809
          ],
          [
            -71.54625573178866,
            -32.96775486238834
          ],
          [
            -71.54621320031302,
            -32.967852259640665
          ],
          [
            -71.54617593729012,
            -32.96795049225827
          ],
          [
            -71.54614989102612,
            -32.96805031979361
          ],
          [
            -71.54612951678196,
            -32.96815219696057
          ],
          [
            -71.54613483353623,
            -32.96825176966607
          ],
          [
            -71.54616481993732,
            -32.968353356121966
          ],
          [
            -71.54615639501478,
            -32.96845919495193
          ],
          [
            -71.54614077681786,
            -32.96856311014669
          ],
          [
            -71.5461185015866,
            -32.96866471152717
          ],
          [
            -71.54611565327829,
            -32.96876613382681
          ],
          [
            -71.54611609885319,
            -32.96886993756035
          ],
          [
            -71.54609977842144,
            -32.968976186138164
          ],
          [
            -71.54606768873907,
            -32.96907638517232
          ],
          [
            -71.54604148340056,
            -32.96917649663373
          ],
          [
            -71.54602341262569,
            -32.96927804285537
          ],
          [
            -71.54600877607297,
            -32.969380314479565
          ],
          [
            -71.54600712198153,
            -32.969483047369444
          ],
          [
            -71.54601387369624,
            -32.96958441132359
          ],
          [
            -71.54601653199202,
            -32.96968981707824
          ],
          [
            -71.54600230092292,
            -32.969795080729114
          ],
          [
            -71.54598907135518,
            -32.96989681087692
          ],
          [
            -71.54598369226225,
            -32.96999953990524
          ],
          [
            -71.54598333582584,
            -32.9701033252437
          ],
          [
            -71.54596949274841,
            -32.97020874555531
          ],
          [
            -71.5459484079411,
            -32.97031099820414
          ],
          [
            -71.54592781135517,
            -32.97041318950618
          ],
          [
            -71.54591515612567,
            -32.970511903966965
          ],
          [
            -71.54592651108493,
            -32.97061698281537
          ],
          [
            -71.54591575019808,
            -32.970722125286585
          ],
          [
            -71.5458770624472,
            -32.97082408048654
          ],
          [
            -71.54582875951795,
            -32.97091522303563
          ],
          [
            -71.54584106060689,
            -32.97100862688053
          ],
          [
            -71.54588698673848,
            -32.971106397977
          ],
          [
            -71.54590723867805,
            -32.97121119211378
          ],
          [
            -71.54590502466125,
            -32.97131659490017
          ],
          [
            -71.54587942986883,
            -32.97141762648633
          ],
          [
            -71.5458823466542,
            -32.97151956691046
          ],
          [
            -71.54589428265639,
            -32.97162213818602
          ],
          [
            -71.54589935728957,
            -32.971726718390855
          ],
          [
            -71.54590095961028,
            -32.97182992765185
          ],
          [
            -71.5459132537286,
            -32.97193346596913
          ],
          [
            -71.54591272458055,
            -32.97203753405925
          ],
          [
            -71.5459117443104,
            -32.97214131937184
          ],
          [
            -71.5459107640365,
            -32.97224510468274
          ],
          [
            -71.54591340411116,
            -32.972348588378
          ],
          [
            -71.54591875905007,
            -32.97245220002439
          ],
          [
            -71.54592618450678,
            -32.972555416513124
          ],
          [
            -71.54594174192094,
            -32.97265853301553
          ],
          [
            -71.54592239872045,
            -32.9727613613211
          ],
          [
            -71.54587633115527,
            -32.972857731798726
          ],
          [
            -71.5458609937096,
            -32.972958365445955
          ],
          [
            -71.54590467903819,
            -32.97305468555835
          ],
          [
            -71.54596791129146,
            -32.973142378354474
          ],
          [
            -71.54596602954145,
            -32.973244670704624
          ],
          [
            -71.54596453690506,
            -32.97334863108954
          ],
          [
            -71.54598299986483,
            -32.97345105503187
          ],
          [
            -71.54599531307814,
            -32.97355447179947
          ],
          [
            -71.54603741465478,
            -32.973651979507075
          ],
          [
            -71.54604848761478,
            -32.97375379414682
          ],
          [
            -71.54604240179663,
            -32.9738569341219
          ],
          [
            -71.54604262200785,
            -32.97396114037539
          ],
          [
            -71.54605597179518,
            -32.97406481424089
          ],
          [
            -71.54609154370247,
            -32.974162845813154
          ],
          [
            -71.54608381333145,
            -32.974265834315354
          ],
          [
            -71.54609379091886,
            -32.974369963827606
          ],
          [
            -71.54603299917507,
            -32.97443997689477
          ]
        ]
      }
    },
    {
      "type": "Feature",
      "properties": {
        "year": 2026,
        "scene_count": 1,
        "processing_level": "L2A_FES2014"
      },
      "geometry": {
        "type": "LineString",
        "coordinates": [
          [
            -71.547102,
            -32.9625302
          ],
          [
            -71.54722204641007,
            -32.96255322108758
          ],
          [
            -71.54734209287498,
            -32.96257624205653
          ],
          [
            -71.54737125182974,
            -32.96262378560727
          ],
          [
            -71.5472932892612,
            -32.96270239934053
          ],
          [
            -71.54724397366714,
            -32.96279731767038
          ],
          [
            -71.54722809999767,
            -32.96289957098918
          ],
          [
            -71.54722809999662,
            -32.96300335636314
          ],
          [
            -71.54721555771751,
            -32.96310576682668
          ],
          [
            -71.54716650463561,
            -32.963200470178755
          ],
          [
            -71.54715022002759,
            -32.963303033669284
          ],
          [
            -71.54714633543556,
            -32.96340669931673
          ],
          [
            -71.54714054644712,
            -32.96351005958729
          ],
          [
            -71.54709232235118,
            -32.96360503515949
          ],
          [
            -71.54705280492492,
            -32.96370332882325
          ],
          [
            -71.54702463570455,
            -32.96380406212233
          ],
          [
            -71.54700903613673,
            -32.96390689091291
          ],
          [
            -71.5470054999979,
            -32.96401056196913
          ],
          [
            -71.54700246523699,
            -32.96411418425561
          ],
          [
            -71.54698683218803,
            -32.964217129528706
          ],
          [
            -71.54695901358215,
            -32.96431822617955
          ],
          [
            -71.54693524235459,
            -32.964419983914865
          ],
          [
            -71.5469166192729,
            -32.964522571390646
          ],
          [
            -71.5469038237817,
            -32.96462579471783
          ],
          [
            -71.54685981213812,
            -32.9647210204116
          ],
          [
            -71.54687247281551,
            -32.96482181725903
          ],
          [
            -71.5468981999998,
            -32.96492271844544
          ],
          [
            -71.54687912221162,
            -32.965024455894564
          ],
          [
            -71.54683717134161,
            -32.96512193363817
          ],
          [
            -71.54678697972173,
            -32.96521670290064
          ],
          [
            -71.54672911921871,
            -32.96530822117868
          ],
          [
            -71.5466888687459,
            -32.96540613495849
          ],
          [
            -71.54666273119389,
            -32.96550746600894
          ],
          [
            -71.54661423593917,
            -32.96560280671262
          ],
          [
            -71.54657653652747,
            -32.965701361646595
          ],
          [
            -71.54655829548001,
            -32.96580400158974
          ],
          [
            -71.54653465758942,
            -32.96590560879236
          ],
          [
            -71.54651623281244,
            -32.96600822541787
          ],
          [
            -71.54650938452902,
            -32.966111639257136
          ],
          [
            -71.54649790873611,
            -32.966214972795164
          ],
          [
            -71.5464865362126,
            -32.966318314448046
          ],
          [
            -71.54647164097038,
            -32.96642120219063
          ],
          [
            -71.54645000710488,
            -32.96652312741215
          ],
          [
            -71.5464364837204,
            -32.966625947755226
          ],
          [
            -71.54641261105877,
            -32.966727026058926
          ],
          [
            -71.54640423238537,
            -32.96683053888273
          ],
          [
            -71.54639007491986,
            -32.96693363580345
          ],
          [
            -71.54636470054874,
            -32.967034758514174
          ],
          [
            -71.54634209326275,
            -32.96713605796065
          ],
          [
            -71.54633416966055,
            -32.967239623970784
          ],
          [
            -71.5463218543729,
            -32.96734288882129
          ],
          [
            -71.54630679101149,
            -32.96744588577646
          ],
          [
            -71.54628888880163,
            -32.96754852676254
          ],
          [
            -71.54626496249777,
            -32.967650333525384
          ],
          [
            -71.54624471084838,
            -32.96775139676684
          ],
          [
            -71.54620167840946,
            -32.967848636487545
          ],
          [
            -71.54616367094532,
            -32.967947315569994
          ],
          [
            -71.54613672157579,
            -32.968048390393875
          ],
          [
            -71.54611573577608,
            -32.96815065701994
          ],
          [
            -71.546120618633,
            -32.96825389249991
          ],
          [
            -71.54614989999989,
            -32.968354397009826
          ],
          [
            -71.5461410708751,
            -32.96845777434671
          ],
          [
            -71.54612518919693,
            -32.968560633435395
          ],
          [
            -71.54610238324244,
            -32.9686626227862
          ],
          [
            -71.54609889999564,
            -32.96876613382775
          ],
          [
            -71.5460988999982,
            -32.96886991917807
          ],
          [
            -71.54608276053622,
            -32.96897225775865
          ],
          [
            -71.54605024109043,
            -32.96907235758774
          ],
          [
            -71.54602328090637,
            -32.969173547669726
          ],
          [
            -71.54600457603254,
            -32.96927607145294
          ],
          [
            -71.54598940580088,
            -32.969379065993046
          ],
          [
            -71.54598725148111,
            -32.96948281534944
          ],
          [
            -71.54599365415531,
            -32.9695860953637
          ],
          [
            -71.54599657042499,
            -32.96968981920266
          ],
          [
            -71.54598288959126,
            -32.969792762808744
          ],
          [
            -71.54596985454836,
            -32.969895877248504
          ],
          [
            -71.54596479999836,
            -32.96999953990609
          ],
          [
            -71.54596479999806,
            -32.97010332524557
          ],
          [
            -71.54595157296536,
            -32.97020616507319
          ],
          [
            -71.54593083950625,
            -32.97030846831777
          ],
          [
            -71.54591056933904,
            -32.970410836533624
          ],
          [
            -71.54589813887259,
            -32.970513404228626
          ],
          [
            -71.54590976824733,
            -32.9706164759011
          ],
          [
            -71.54589957266936,
            -32.97071987047095
          ],
          [
            -71.54586256419486,
            -32.97081829513189
          ],
          [
            -71.54581349037558,
            -32.970912946871195
          ],
          [
            -71.5458277069533,
            -32.97101433285482
          ],
          [
            -71.54587324670584,
            -32.97111013266218
          ],
          [
            -71.54589333829298,
            -32.9712113732068
          ],
          [
            -71.54589181473585,
            -32.97131487064031
          ],
          [
            -71.54586667088323,
            -32.971416468843316
          ],
          [
            -71.54587006357622,
            -32.971520077520104
          ],
          [
            -71.54588259754287,
            -32.97162327968308
          ],
          [
            -71.54588812964361,
            -32.97172684434979
          ],
          [
            -71.54589029471005,
            -32.971830591681844
          ],
          [
            -71.54590309999938,
            -32.971933748745826
          ],
          [
            -71.54590309999801,
            -32.972037534059794
          ],
          [
            -71.5459030999993,
            -32.97214131937221
          ],
          [
            -71.54590309999914,
            -32.97224510468306
          ],
          [
            -71.54590672627799,
            -32.97234882560895
          ],
          [
            -71.54591306462967,
            -32.972452470931664
          ],
          [
            -71.54592150427429,
            -32.97255595231804
          ],
          [
            -71.54593799999981,
            -32.972658605875736
          ],
          [
            -71.5459197246129,
            -32.97276077654876
          ],
          [
            -71.54587468893777,
            -32.972857147887396
          ],
          [
            -71.54586019999984,
            -32.97295846272806
          ],
          [
            -71.54590483356665,
            -32.97305461069289
          ],
          [
            -71.54596903001722,
            -32.973142124582616
          ],
          [
            -71.54596816290825,
            -32.973244799421416
          ],
          [
            -71.54596720192714,
            -32.97334845140163
          ],
          [
            -71.54598619999993,
            -32.97345086287103
          ],
          [
            -71.5459989299859,
            -32.973553659938325
          ],
          [
            -71.54604152730516,
            -32.97365098768688
          ],
          [
            -71.54605329999887,
            -32.97375379414692
          ],
          [
            -71.5460477269062,
            -32.973857342456235
          ],
          [
            -71.54604850048908,
            -32.973960973438395
          ],
          [
            -71.54606226895527,
            -32.9740637758384
          ],
          [
            -71.54609845701114,
            -32.97416223444605
          ],
          [
            -71.54609129887224,
            -32.974265766439515
          ],
          [
            -71.54610171687739,
            -32.974368927809216
          ],
          [
            -71.5460385,
            -32.97444549999999
          ]
        ]
      }
    }
  ]
}