{
"type": "FeatureCollection",
"name": "roads_risk",
"crs": { "type": "name", "properties": { "name": "urn:ogc:def:crs:OGC:1.3:CRS84" } },
"features": [
{ "type": "Feature", "properties": { "osm_id": "way/24389107", "name": "San Guillermo", "source": "OpenStreetMap/Overpass", "highway": "residential", "surface": "concrete", "feature_type": "road", "nearest_transect_id": "T38", "erosion_rate_m_per_year": -0.3, "distance_to_shoreline_m": 328.7, "years_to_impact": null, "risk_level": "bajo", "risk_explanation": "Sin avance erosivo positivo medido", "horizon_years": 30, "exposed_length_m": 0.0, "exposed_area_m2": null }, "geometry": { "type": "LineString", "coordinates": [ [ -71.5939888, -33.0362796 ], [ -71.5939482, -33.0363544 ], [ -71.5936972, -33.036859 ], [ -71.593675300000015, -33.0369029 ], [ -71.5935284, -33.037198299999986 ], [ -71.593177536956318, -33.037888118121963 ] ] } },
{ "type": "Feature", "properties": { "osm_id": "way/1541065429", "name": null, "source": "OpenStreetMap/Overpass", "highway": "footway", "surface": null, "feature_type": "road", "nearest_transect_id": "T33", "erosion_rate_m_per_year": 0.376, "distance_to_shoreline_m": 529.8, "years_to_impact": 1410.3, "risk_level": "bajo", "risk_explanation": "Impacto estimado después de 30 años", "horizon_years": 30, "exposed_length_m": 0.0, "exposed_area_m2": null }, "geometry": { "type": "LineString", "coordinates": [ [ -71.5919795, -33.0376691 ], [ -71.5919706, -33.0376866 ], [ -71.591853245292626, -33.037915646282848 ] ] } },
{ "type": "Feature", "properties": { "osm_id": "way/1541065421", "name": null, "source": "OpenStreetMap/Overpass", "highway": "footway", "surface": null, "feature_type": "road", "nearest_transect_id": "T33", "erosion_rate_m_per_year": 0.376, "distance_to_shoreline_m": 528.8, "years_to_impact": 1407.6, "risk_level": "bajo", "risk_explanation": "Impacto estimado después de 30 años", "horizon_years": 30, "exposed_length_m": 0.0, "exposed_area_m2": null }, "geometry": { "type": "LineString", "coordinates": [ [ -71.5918603, -33.0376256 ], [ -71.5918524, -33.0376433 ], [ -71.591710303769986, -33.03791861762015 ] ] } },
{ "type": "Feature", "properties": { "osm_id": "way/1420099331", "name": null, "source": "OpenStreetMap/Overpass", "highway": "service", "surface": null, "feature_type": "road", "nearest_transect_id": "T34", "erosion_rate_m_per_year": 0.241, "distance_to_shoreline_m": 532.1, "years_to_impact": 2211.9, "risk_level": "bajo", "risk_explanation": "Impacto estimado después de 30 años", "horizon_years": 30, "exposed_length_m": 0.0, "exposed_area_m2": null }, "geometry": { "type": "LineString", "coordinates": [ [ -71.5922424, -33.037765 ], [ -71.5922334, -33.0377827 ], [ -71.5922282, -33.0377929 ], [ -71.5921739, -33.037902 ], [ -71.592171219049078, -33.03790903653595 ] ] } },
{ "type": "Feature", "properties": { "osm_id": "way/1541065434", "name": null, "source": "OpenStreetMap/Overpass", "highway": "footway", "surface": null, "feature_type": "road", "nearest_transect_id": "T34", "erosion_rate_m_per_year": 0.241, "distance_to_shoreline_m": 530.9, "years_to_impact": 2207.1, "risk_level": "bajo", "risk_explanation": "Impacto estimado después de 30 años", "horizon_years": 30, "exposed_length_m": 0.0, "exposed_area_m2": null }, "geometry": { "type": "LineString", "coordinates": [ [ -71.592556864972607, -33.037901020082082 ], [ -71.5922334, -33.0377827 ], [ -71.5919706, -33.0376866 ], [ -71.5919113, -33.03766490000001 ], [ -71.5918524, -33.0376433 ] ] } },
{ "type": "Feature", "properties": { "osm_id": "way/56221980", "name": "Amalia Paz", "source": "OpenStreetMap/Overpass", "highway": "residential", "surface": "concrete", "feature_type": "road", "nearest_transect_id": "T27", "erosion_rate_m_per_year": 1.186, "distance_to_shoreline_m": 522.8, "years_to_impact": 440.7, "risk_level": "bajo", "risk_explanation": "Impacto estimado después de 30 años", "horizon_years": 30, "exposed_length_m": 0.0, "exposed_area_m2": null }, "geometry": { "type": "LineString", "coordinates": [ [ -71.592613083152031, -33.037899851470108 ], [ -71.5922424, -33.037765 ], [ -71.5919795, -33.0376691 ], [ -71.5919201, -33.037647799999988 ], [ -71.5918603, -33.0376256 ], [ -71.5908267, -33.0372577 ], [ -71.5907873, -33.037245099999986 ], [ -71.5907228, -33.0372223 ], [ -71.5895716, -33.0368297 ], [ -71.5891694, -33.0366657 ], [ -71.5891245, -33.0366728 ], [ -71.5890917, -33.0367021 ] ] } },
{ "type": "Feature", "properties": { "osm_id": "way/24044336", "name": "Avenida Manuel Antonio Matta", "source": "OpenStreetMap/Overpass", "highway": "secondary", "surface": "asphalt", "feature_type": "road", "nearest_transect_id": "T33", "erosion_rate_m_per_year": 0.376, "distance_to_shoreline_m": 319.3, "years_to_impact": 850.0, "risk_level": "bajo", "risk_explanation": "Impacto estimado después de 30 años", "horizon_years": 30, "exposed_length_m": 0.0, "exposed_area_m2": null }, "geometry": { "type": "LineString", "coordinates": [ [ -71.592808, -33.0359018 ], [ -71.5927936, -33.035932100000011 ], [ -71.5927795, -33.0359581 ], [ -71.5924019, -33.0367074 ], [ -71.592366, -33.036777899999983 ], [ -71.5922154, -33.037072 ], [ -71.5921428, -33.0372135 ], [ -71.5920608, -33.037373399999986 ], [ -71.5919201, -33.037647799999988 ], [ -71.5919113, -33.03766490000001 ], [ -71.591785583445073, -33.037917052775299 ] ] } },
{ "type": "Feature", "properties": { "osm_id": "way/1420099330", "name": null, "source": "OpenStreetMap/Overpass", "highway": "service", "surface": null, "feature_type": "road", "nearest_transect_id": "T34", "erosion_rate_m_per_year": 0.241, "distance_to_shoreline_m": 496.3, "years_to_impact": 2063.3, "risk_level": "bajo", "risk_explanation": "Impacto estimado después de 30 años", "horizon_years": 30, "exposed_length_m": 0.0, "exposed_area_m2": null }, "geometry": { "type": "LineString", "coordinates": [ [ -71.5920608, -33.037373399999986 ], [ -71.592121, -33.0373908 ], [ -71.5921625, -33.0374028 ], [ -71.5924917, -33.0375124 ] ] } },
{ "type": "Feature", "properties": { "osm_id": "way/1423141646", "name": null, "source": "OpenStreetMap/Overpass", "highway": "service", "surface": null, "feature_type": "road", "nearest_transect_id": "T34", "erosion_rate_m_per_year": 0.241, "distance_to_shoreline_m": 478.1, "years_to_impact": 1987.8, "risk_level": "bajo", "risk_explanation": "Impacto estimado después de 30 años", "horizon_years": 30, "exposed_length_m": 0.0, "exposed_area_m2": null }, "geometry": { "type": "LineString", "coordinates": [ [ -71.5927177, -33.0374208 ], [ -71.5923529, -33.0372898 ], [ -71.592249, -33.0372538 ] ] } },
{ "type": "Feature", "properties": { "osm_id": "way/1423141645", "name": null, "source": "OpenStreetMap/Overpass", "highway": "service", "surface": null, "feature_type": "road", "nearest_transect_id": "T33", "erosion_rate_m_per_year": 0.376, "distance_to_shoreline_m": 477.1, "years_to_impact": 1269.9, "risk_level": "bajo", "risk_explanation": "Impacto estimado después de 30 años", "horizon_years": 30, "exposed_length_m": 0.0, "exposed_area_m2": null }, "geometry": { "type": "LineString", "coordinates": [ [ -71.592249, -33.0372538 ], [ -71.5922, -33.0372352 ], [ -71.5921428, -33.0372135 ] ] } },
{ "type": "Feature", "properties": { "osm_id": "way/24389122", "name": "San Luis", "source": "OpenStreetMap/Overpass", "highway": "residential", "surface": "concrete", "feature_type": "road", "nearest_transect_id": "T38", "erosion_rate_m_per_year": -0.3, "distance_to_shoreline_m": 383.2, "years_to_impact": null, "risk_level": "bajo", "risk_explanation": "Sin avance erosivo positivo medido", "horizon_years": 30, "exposed_length_m": 0.0, "exposed_area_m2": null }, "geometry": { "type": "LineString", "coordinates": [ [ -71.5953093, -33.0367465 ], [ -71.594891, -33.0375911 ], [ -71.5948555, -33.0376641 ], [ -71.594758979353429, -33.037855244547423 ] ] } },
{ "type": "Feature", "properties": { "osm_id": "way/24957242", "name": "Manuel Montt", "source": "OpenStreetMap/Overpass", "highway": "residential", "surface": "concrete", "feature_type": "road", "nearest_transect_id": "T37", "erosion_rate_m_per_year": -0.165, "distance_to_shoreline_m": 416.4, "years_to_impact": null, "risk_level": "bajo", "risk_explanation": "Sin avance erosivo positivo medido", "horizon_years": 30, "exposed_length_m": 0.0, "exposed_area_m2": null }, "geometry": { "type": "LineString", "coordinates": [ [ -71.5902207, -33.0360068 ], [ -71.590537, -33.0361196 ], [ -71.5911385, -33.0363342 ], [ -71.5912177, -33.0363616 ], [ -71.5912847, -33.0363825 ], [ -71.5923105, -33.0367576 ], [ -71.592366, -33.036777899999983 ], [ -71.592422, -33.0367981 ], [ -71.5935284, -33.037198299999986 ], [ -71.5948555, -33.0376641 ], [ -71.595343352006907, -33.037843097144517 ] ] } },
{ "type": "Feature", "properties": { "osm_id": "way/1420108949", "name": null, "source": "OpenStreetMap/Overpass", "highway": "service", "surface": null, "feature_type": "road", "nearest_transect_id": "T38", "erosion_rate_m_per_year": -0.3, "distance_to_shoreline_m": 395.4, "years_to_impact": null, "risk_level": "bajo", "risk_explanation": "Sin avance erosivo positivo medido", "horizon_years": 30, "exposed_length_m": 0.0, "exposed_area_m2": null }, "geometry": { "type": "LineString", "coordinates": [ [ -71.593675300000015, -33.0369029 ], [ -71.5932226, -33.0367406 ] ] } },
{ "type": "Feature", "properties": { "osm_id": "way/1278343127", "name": null, "source": "OpenStreetMap/Overpass", "highway": "corridor", "surface": null, "feature_type": "road", "nearest_transect_id": "T38", "erosion_rate_m_per_year": -0.3, "distance_to_shoreline_m": 368.5, "years_to_impact": null, "risk_level": "bajo", "risk_explanation": "Sin avance erosivo positivo medido", "horizon_years": 30, "exposed_length_m": 0.0, "exposed_area_m2": null }, "geometry": { "type": "LineString", "coordinates": [ [ -71.5941818, -33.0369673 ], [ -71.5942019, -33.036927 ], [ -71.5943663, -33.0366722 ] ] } },
{ "type": "Feature", "properties": { "osm_id": "way/1420108948", "name": null, "source": "OpenStreetMap/Overpass", "highway": "service", "surface": null, "feature_type": "road", "nearest_transect_id": "T38", "erosion_rate_m_per_year": -0.3, "distance_to_shoreline_m": 390.9, "years_to_impact": null, "risk_level": "bajo", "risk_explanation": "Sin avance erosivo positivo medido", "horizon_years": 30, "exposed_length_m": 0.0, "exposed_area_m2": null }, "geometry": { "type": "LineString", "coordinates": [ [ -71.5936972, -33.036859 ], [ -71.5936095, -33.0368305 ], [ -71.5935143, -33.036799 ], [ -71.5934184, -33.0367636 ], [ -71.5932582, -33.036708 ] ] } },
{ "type": "Feature", "properties": { "osm_id": "way/1278343192", "name": null, "source": "OpenStreetMap/Overpass", "highway": "corridor", "surface": null, "feature_type": "road", "nearest_transect_id": "T38", "erosion_rate_m_per_year": -0.3, "distance_to_shoreline_m": 365.0, "years_to_impact": null, "risk_level": "bajo", "risk_explanation": "Sin avance erosivo positivo medido", "horizon_years": 30, "exposed_length_m": 0.0, "exposed_area_m2": null }, "geometry": { "type": "LineString", "coordinates": [ [ -71.5942654, -33.036635800000013 ], [ -71.5943663, -33.0366722 ] ] } },
{ "type": "Feature", "properties": { "osm_id": "way/1278343174", "name": null, "source": "OpenStreetMap/Overpass", "highway": "corridor", "surface": null, "feature_type": "road", "nearest_transect_id": "T38", "erosion_rate_m_per_year": -0.3, "distance_to_shoreline_m": 321.9, "years_to_impact": null, "risk_level": "bajo", "risk_explanation": "Sin avance erosivo positivo medido", "horizon_years": 30, "exposed_length_m": 0.0, "exposed_area_m2": null }, "geometry": { "type": "LineString", "coordinates": [ [ -71.5945431, -33.0362563 ], [ -71.5945309, -33.03628 ], [ -71.594461, -33.0362547 ], [ -71.5942654, -33.036635800000013 ] ] } },
{ "type": "Feature", "properties": { "osm_id": "way/173080078", "name": null, "source": "OpenStreetMap/Overpass", "highway": "service", "surface": null, "feature_type": "road", "nearest_transect_id": "T38", "erosion_rate_m_per_year": -0.3, "distance_to_shoreline_m": 310.6, "years_to_impact": null, "risk_level": "bajo", "risk_explanation": "Sin avance erosivo positivo medido", "horizon_years": 30, "exposed_length_m": 0.0, "exposed_area_m2": null }, "geometry": { "type": "LineString", "coordinates": [ [ -71.5952457, -33.03657410000001 ], [ -71.5945624, -33.0363258 ], [ -71.5945146, -33.036309 ], [ -71.5939401, -33.0361073 ] ] } },
{ "type": "Feature", "properties": { "osm_id": "way/487994599", "name": "Javiera Carrera", "source": "OpenStreetMap/Overpass", "highway": "tertiary", "surface": "concrete", "feature_type": "road", "nearest_transect_id": "T27", "erosion_rate_m_per_year": 1.186, "distance_to_shoreline_m": 524.3, "years_to_impact": 441.9, "risk_level": "bajo", "risk_explanation": "Impacto estimado después de 30 años", "horizon_years": 30, "exposed_length_m": 0.0, "exposed_area_m2": null }, "geometry": { "type": "LineString", "coordinates": [ [ -71.5907873, -33.037245099999986 ], [ -71.590431101491959, -33.037945208504226 ] ] } },
{ "type": "Feature", "properties": { "osm_id": "way/27031239", "name": "Gloria", "source": "OpenStreetMap/Overpass", "highway": "living_street", "surface": "unpaved", "feature_type": "road", "nearest_transect_id": "T25", "erosion_rate_m_per_year": 1.457, "distance_to_shoreline_m": 600.8, "years_to_impact": 412.4, "risk_level": "bajo", "risk_explanation": "Impacto estimado después de 30 años", "horizon_years": 30, "exposed_length_m": 0.0, "exposed_area_m2": null }, "geometry": { "type": "LineString", "coordinates": [ [ -71.5891477, -33.037367 ], [ -71.589063200000012, -33.0373837 ], [ -71.5889844, -33.0374098 ], [ -71.5888909, -33.0374641 ], [ -71.5885862, -33.037700399999984 ], [ -71.5885614, -33.0377412 ], [ -71.5885536, -33.037771 ], [ -71.588556, -33.0378036 ], [ -71.588643930210495, -33.037982358582191 ] ] } },
{ "type": "Feature", "properties": { "osm_id": "way/27110939", "name": "Bartolomé Vivar", "source": "OpenStreetMap/Overpass", "highway": "residential", "surface": "concrete", "feature_type": "road", "nearest_transect_id": "T25", "erosion_rate_m_per_year": 1.457, "distance_to_shoreline_m": 542.2, "years_to_impact": 372.2, "risk_level": "bajo", "risk_explanation": "Impacto estimado después de 30 años", "horizon_years": 30, "exposed_length_m": 0.0, "exposed_area_m2": null }, "geometry": { "type": "LineString", "coordinates": [ [ -71.5890917, -33.0367021 ], [ -71.589095, -33.0367681 ], [ -71.5891156, -33.0370699 ], [ -71.5891477, -33.037367 ], [ -71.589249863925318, -33.037969762987693 ] ] } },
{ "type": "Feature", "properties": { "osm_id": "way/525211434", "name": null, "source": "OpenStreetMap/Overpass", "highway": "steps", "surface": null, "feature_type": "road", "nearest_transect_id": "T25", "erosion_rate_m_per_year": 1.457, "distance_to_shoreline_m": 611.5, "years_to_impact": 419.8, "risk_level": "bajo", "risk_explanation": "Impacto estimado después de 30 años", "horizon_years": 30, "exposed_length_m": 0.0, "exposed_area_m2": null }, "geometry": { "type": "LineString", "coordinates": [ [ -71.5889844, -33.0374098 ], [ -71.5889377, -33.0373707 ] ] } },
{ "type": "Feature", "properties": { "osm_id": "way/525211435", "name": null, "source": "OpenStreetMap/Overpass", "highway": "footway", "surface": null, "feature_type": "road", "nearest_transect_id": "T26", "erosion_rate_m_per_year": 1.322, "distance_to_shoreline_m": 558.3, "years_to_impact": 422.5, "risk_level": "bajo", "risk_explanation": "Impacto estimado después de 30 años", "horizon_years": 30, "exposed_length_m": 0.0, "exposed_area_m2": null }, "geometry": { "type": "LineString", "coordinates": [ [ -71.5889377, -33.0373707 ], [ -71.588787, -33.0371607 ], [ -71.5888689, -33.0367444 ] ] } },
{ "type": "Feature", "properties": { "osm_id": "way/525211438", "name": null, "source": "OpenStreetMap/Overpass", "highway": "steps", "surface": null, "feature_type": "road", "nearest_transect_id": "T26", "erosion_rate_m_per_year": 1.322, "distance_to_shoreline_m": 547.9, "years_to_impact": 414.6, "risk_level": "bajo", "risk_explanation": "Impacto estimado después de 30 años", "horizon_years": 30, "exposed_length_m": 0.0, "exposed_area_m2": null }, "geometry": { "type": "LineString", "coordinates": [ [ -71.589095, -33.0367681 ], [ -71.5890197, -33.0367322 ], [ -71.5888689, -33.0367444 ] ] } },
{ "type": "Feature", "properties": { "osm_id": "way/26639356", "name": "Fernando Lesseps", "source": "OpenStreetMap/Overpass", "highway": "residential", "surface": "concrete", "feature_type": "road", "nearest_transect_id": "T25", "erosion_rate_m_per_year": 1.457, "distance_to_shoreline_m": 323.8, "years_to_impact": 222.3, "risk_level": "bajo", "risk_explanation": "Impacto estimado después de 30 años", "horizon_years": 30, "exposed_length_m": 0.0, "exposed_area_m2": null }, "geometry": { "type": "LineString", "coordinates": [ [ -71.5907906, -33.0352845 ], [ -71.5907539, -33.035331 ], [ -71.5906907, -33.035411199999984 ], [ -71.590579, -33.0355527 ], [ -71.5903323, -33.0358654 ], [ -71.5902207, -33.0360068 ], [ -71.5899181, -33.0363915 ], [ -71.5898117, -33.036525400000016 ], [ -71.5895716, -33.0368297 ], [ -71.5891477, -33.037367 ] ] } },
{ "type": "Feature", "properties": { "osm_id": "way/525208482", "name": null, "source": "OpenStreetMap/Overpass", "highway": "steps", "surface": null, "feature_type": "road", "nearest_transect_id": "T26", "erosion_rate_m_per_year": 1.322, "distance_to_shoreline_m": 467.6, "years_to_impact": 353.8, "risk_level": "bajo", "risk_explanation": "Impacto estimado después de 30 años", "horizon_years": 30, "exposed_length_m": 0.0, "exposed_area_m2": null }, "geometry": { "type": "LineString", "coordinates": [ [ -71.5893032, -33.0359908 ], [ -71.5891798, -33.036118899999984 ], [ -71.5891221, -33.0362296 ], [ -71.5890604, -33.0363786 ] ] } },
{ "type": "Feature", "properties": { "osm_id": "way/525208481", "name": null, "source": "OpenStreetMap/Overpass", "highway": "steps", "surface": null, "feature_type": "road", "nearest_transect_id": "T26", "erosion_rate_m_per_year": 1.322, "distance_to_shoreline_m": 485.9, "years_to_impact": 367.6, "risk_level": "bajo", "risk_explanation": "Impacto estimado después de 30 años", "horizon_years": 30, "exposed_length_m": 0.0, "exposed_area_m2": null }, "geometry": { "type": "LineString", "coordinates": [ [ -71.5891798, -33.036118899999984 ], [ -71.5890081, -33.036236399999986 ] ] } },
{ "type": "Feature", "properties": { "osm_id": "way/525208483", "name": null, "source": "OpenStreetMap/Overpass", "highway": "path", "surface": null, "feature_type": "road", "nearest_transect_id": "T26", "erosion_rate_m_per_year": 1.322, "distance_to_shoreline_m": 469.3, "years_to_impact": 355.1, "risk_level": "bajo", "risk_explanation": "Impacto estimado después de 30 años", "horizon_years": 30, "exposed_length_m": 0.0, "exposed_area_m2": null }, "geometry": { "type": "LineString", "coordinates": [ [ -71.5890912, -33.0360245 ], [ -71.589056400000018, -33.0359919 ], [ -71.5891723, -33.0359256 ] ] } },
{ "type": "Feature", "properties": { "osm_id": "way/1420108951", "name": null, "source": "OpenStreetMap/Overpass", "highway": "service", "surface": null, "feature_type": "road", "nearest_transect_id": "T33", "erosion_rate_m_per_year": 0.376, "distance_to_shoreline_m": 459.5, "years_to_impact": 1223.0, "risk_level": "bajo", "risk_explanation": "Impacto estimado después de 30 años", "horizon_years": 30, "exposed_length_m": 0.0, "exposed_area_m2": null }, "geometry": { "type": "LineString", "coordinates": [ [ -71.5922154, -33.037072 ], [ -71.5921576, -33.037053199999988 ], [ -71.5920961, -33.0370331 ] ] } },
{ "type": "Feature", "properties": { "osm_id": "way/1268890530", "name": null, "source": "OpenStreetMap/Overpass", "highway": "service", "surface": null, "feature_type": "road", "nearest_transect_id": "T28", "erosion_rate_m_per_year": 1.051, "distance_to_shoreline_m": 481.0, "years_to_impact": 457.5, "risk_level": "bajo", "risk_explanation": "Impacto estimado después de 30 años", "horizon_years": 30, "exposed_length_m": 0.0, "exposed_area_m2": null }, "geometry": { "type": "LineString", "coordinates": [ [ -71.5914644, -33.0370649 ], [ -71.5910279, -33.036901899999982 ] ] } },
{ "type": "Feature", "properties": { "osm_id": "way/1420108950", "name": null, "source": "OpenStreetMap/Overpass", "highway": "service", "surface": null, "feature_type": "road", "nearest_transect_id": "T31", "erosion_rate_m_per_year": 0.646, "distance_to_shoreline_m": 458.1, "years_to_impact": 709.2, "risk_level": "bajo", "risk_explanation": "Impacto estimado después de 30 años", "horizon_years": 30, "exposed_length_m": 0.0, "exposed_area_m2": null }, "geometry": { "type": "LineString", "coordinates": [ [ -71.5916874, -33.0369 ], [ -71.5916322, -33.0370191 ] ] } },
{ "type": "Feature", "properties": { "osm_id": "way/1420108952", "name": null, "source": "OpenStreetMap/Overpass", "highway": "service", "surface": null, "feature_type": "road", "nearest_transect_id": "T32", "erosion_rate_m_per_year": 0.511, "distance_to_shoreline_m": 440.4, "years_to_impact": 862.3, "risk_level": "bajo", "risk_explanation": "Impacto estimado después de 30 años", "horizon_years": 30, "exposed_length_m": 0.0, "exposed_area_m2": null }, "geometry": { "type": "LineString", "coordinates": [ [ -71.5920961, -33.0370331 ], [ -71.5916874, -33.0369 ], [ -71.5917562, -33.0367516 ] ] } },
{ "type": "Feature", "properties": { "osm_id": "way/1456896546", "name": null, "source": "OpenStreetMap/Overpass", "highway": "service", "surface": null, "feature_type": "road", "nearest_transect_id": "T27", "erosion_rate_m_per_year": 1.186, "distance_to_shoreline_m": 480.7, "years_to_impact": 405.1, "risk_level": "bajo", "risk_explanation": "Impacto estimado después de 30 años", "horizon_years": 30, "exposed_length_m": 0.0, "exposed_area_m2": null }, "geometry": { "type": "LineString", "coordinates": [ [ -71.5910279, -33.036901899999982 ], [ -71.5909649, -33.0368806 ] ] } },
{ "type": "Feature", "properties": { "osm_id": "way/1541065436", "name": null, "source": "OpenStreetMap/Overpass", "highway": "footway", "surface": null, "feature_type": "road", "nearest_transect_id": "T34", "erosion_rate_m_per_year": 0.241, "distance_to_shoreline_m": 323.7, "years_to_impact": 1345.9, "risk_level": "bajo", "risk_explanation": "Impacto estimado después de 30 años", "horizon_years": 30, "exposed_length_m": 0.0, "exposed_area_m2": null }, "geometry": { "type": "LineString", "coordinates": [ [ -71.5919795, -33.0376691 ], [ -71.592121, -33.0373908 ], [ -71.5922, -33.0372352 ], [ -71.592422, -33.0367981 ], [ -71.5928498, -33.0359557 ] ] } },
{ "type": "Feature", "properties": { "osm_id": "way/1420213572", "name": null, "source": "OpenStreetMap/Overpass", "highway": "service", "surface": null, "feature_type": "road", "nearest_transect_id": "T27", "erosion_rate_m_per_year": 1.186, "distance_to_shoreline_m": 469.5, "years_to_impact": 395.7, "risk_level": "bajo", "risk_explanation": "Impacto estimado después de 30 años", "horizon_years": 30, "exposed_length_m": 0.0, "exposed_area_m2": null }, "geometry": { "type": "LineString", "coordinates": [ [ -71.5911251, -33.036826 ], [ -71.5910105, -33.036787 ] ] } },
{ "type": "Feature", "properties": { "osm_id": "way/487994598", "name": "Javiera Carrera", "source": "OpenStreetMap/Overpass", "highway": "tertiary", "surface": "concrete", "feature_type": "road", "nearest_transect_id": "T27", "erosion_rate_m_per_year": 1.186, "distance_to_shoreline_m": 418.5, "years_to_impact": 352.7, "risk_level": "bajo", "risk_explanation": "Impacto estimado después de 30 años", "horizon_years": 30, "exposed_length_m": 0.0, "exposed_area_m2": null }, "geometry": { "type": "LineString", "coordinates": [ [ -71.5912177, -33.0363616 ], [ -71.5910105, -33.036787 ], [ -71.5909649, -33.0368806 ], [ -71.5908395, -33.0371358 ], [ -71.5907873, -33.037245099999986 ] ] } },
{ "type": "Feature", "properties": { "osm_id": "way/1268890529", "name": null, "source": "OpenStreetMap/Overpass", "highway": "service", "surface": null, "feature_type": "road", "nearest_transect_id": "T31", "erosion_rate_m_per_year": 0.646, "distance_to_shoreline_m": 433.6, "years_to_impact": 671.3, "risk_level": "bajo", "risk_explanation": "Impacto estimado después de 30 años", "horizon_years": 30, "exposed_length_m": 0.0, "exposed_area_m2": null }, "geometry": { "type": "LineString", "coordinates": [ [ -71.5916214, -33.0366445 ], [ -71.5914778, -33.0369491 ], [ -71.5911251, -33.036826 ] ] } },
{ "type": "Feature", "properties": { "osm_id": "way/1541065435", "name": null, "source": "OpenStreetMap/Overpass", "highway": "footway", "surface": null, "feature_type": "road", "nearest_transect_id": "T33", "erosion_rate_m_per_year": 0.376, "distance_to_shoreline_m": 321.9, "years_to_impact": 856.9, "risk_level": "bajo", "risk_explanation": "Impacto estimado después de 30 años", "horizon_years": 30, "exposed_length_m": 0.0, "exposed_area_m2": null }, "geometry": { "type": "LineString", "coordinates": [ [ -71.5918603, -33.0376256 ], [ -71.5921576, -33.037053199999988 ], [ -71.5923105, -33.0367576 ], [ -71.5927489, -33.0359099 ] ] } },
{ "type": "Feature", "properties": { "osm_id": "way/525208484", "name": null, "source": "OpenStreetMap/Overpass", "highway": "footway", "surface": null, "feature_type": "road", "nearest_transect_id": "T26", "erosion_rate_m_per_year": 1.322, "distance_to_shoreline_m": 442.7, "years_to_impact": 335.0, "risk_level": "bajo", "risk_explanation": "Impacto estimado después de 30 años", "horizon_years": 30, "exposed_length_m": 0.0, "exposed_area_m2": null }, "geometry": { "type": "LineString", "coordinates": [ [ -71.5893032, -33.0359908 ], [ -71.5894533, -33.0358041 ] ] } },
{ "type": "Feature", "properties": { "osm_id": "way/520020509", "name": "Gloria", "source": "OpenStreetMap/Overpass", "highway": "steps", "surface": null, "feature_type": "road", "nearest_transect_id": "T26", "erosion_rate_m_per_year": 1.322, "distance_to_shoreline_m": 452.2, "years_to_impact": 342.2, "risk_level": "bajo", "risk_explanation": "Impacto estimado después de 30 años", "horizon_years": 30, "exposed_length_m": 0.0, "exposed_area_m2": null }, "geometry": { "type": "LineString", "coordinates": [ [ -71.5888211, -33.0356123 ], [ -71.5889075, -33.035658 ], [ -71.588993700000017, -33.0356618 ], [ -71.5890249, -33.0356754 ], [ -71.5890503, -33.0356843 ], [ -71.5891052, -33.035706500000011 ], [ -71.5891149, -33.035789 ], [ -71.5891723, -33.0359256 ], [ -71.5891975, -33.035936 ], [ -71.5890912, -33.0360245 ], [ -71.5890752, -33.0360953 ], [ -71.5891395, -33.03610650000001 ], [ -71.5893032, -33.0359908 ] ] } },
{ "type": "Feature", "properties": { "osm_id": "way/274455466", "name": "Gloria", "source": "OpenStreetMap/Overpass", "highway": "living_street", "surface": "concrete", "feature_type": "road", "nearest_transect_id": "T25", "erosion_rate_m_per_year": 1.457, "distance_to_shoreline_m": 401.0, "years_to_impact": 275.3, "risk_level": "bajo", "risk_explanation": "Impacto estimado después de 30 años", "horizon_years": 30, "exposed_length_m": 0.0, "exposed_area_m2": null }, "geometry": { "type": "LineString", "coordinates": [ [ -71.589668800000013, -33.0357496 ], [ -71.5897882, -33.0357542 ], [ -71.58990230000002, -33.0357622 ], [ -71.58995, -33.0357695 ], [ -71.5900419, -33.035796499999989 ], [ -71.5903323, -33.0358654 ] ] } },
{ "type": "Feature", "properties": { "osm_id": "way/525208485", "name": "Gloria", "source": "OpenStreetMap/Overpass", "highway": "living_street", "surface": "concrete", "feature_type": "road", "nearest_transect_id": "T26", "erosion_rate_m_per_year": 1.322, "distance_to_shoreline_m": 408.9, "years_to_impact": 309.4, "risk_level": "bajo", "risk_explanation": "Impacto estimado después de 30 años", "horizon_years": 30, "exposed_length_m": 0.0, "exposed_area_m2": null }, "geometry": { "type": "LineString", "coordinates": [ [ -71.5900419, -33.035796499999989 ], [ -71.5898114, -33.0357901 ], [ -71.589515, -33.0357845 ], [ -71.5894533, -33.0358041 ] ] } },
{ "type": "Feature", "properties": { "osm_id": "way/525208477", "name": null, "source": "OpenStreetMap/Overpass", "highway": "steps", "surface": null, "feature_type": "road", "nearest_transect_id": "T26", "erosion_rate_m_per_year": 1.322, "distance_to_shoreline_m": 407.7, "years_to_impact": 308.5, "risk_level": "bajo", "risk_explanation": "Impacto estimado después de 30 años", "horizon_years": 30, "exposed_length_m": 0.0, "exposed_area_m2": null }, "geometry": { "type": "LineString", "coordinates": [ [ -71.58990230000002, -33.0357622 ], [ -71.589857, -33.0357153 ], [ -71.5899026, -33.0357007 ] ] } },
{ "type": "Feature", "properties": { "osm_id": "way/525208479", "name": null, "source": "OpenStreetMap/Overpass", "highway": "steps", "surface": null, "feature_type": "road", "nearest_transect_id": "T26", "erosion_rate_m_per_year": 1.322, "distance_to_shoreline_m": 425.3, "years_to_impact": 321.8, "risk_level": "bajo", "risk_explanation": "Impacto estimado después de 30 años", "horizon_years": 30, "exposed_length_m": 0.0, "exposed_area_m2": null }, "geometry": { "type": "LineString", "coordinates": [ [ -71.5894941, -33.0356947 ], [ -71.589668800000013, -33.0357496 ] ] } },
{ "type": "Feature", "properties": { "osm_id": "way/520020508", "name": null, "source": "OpenStreetMap/Overpass", "highway": "service", "surface": null, "feature_type": "road", "nearest_transect_id": "T19", "erosion_rate_m_per_year": 1.973, "distance_to_shoreline_m": 459.2, "years_to_impact": 232.7, "risk_level": "bajo", "risk_explanation": "Impacto estimado después de 30 años", "horizon_years": 30, "exposed_length_m": 0.0, "exposed_area_m2": null }, "geometry": { "type": "LineString", "coordinates": [ [ -71.5885312, -33.035477900000011 ], [ -71.5888211, -33.0356123 ] ] } },
{ "type": "Feature", "properties": { "osm_id": "way/525208478", "name": null, "source": "OpenStreetMap/Overpass", "highway": "footway", "surface": null, "feature_type": "road", "nearest_transect_id": "T26", "erosion_rate_m_per_year": 1.322, "distance_to_shoreline_m": 364.0, "years_to_impact": 275.4, "risk_level": "bajo", "risk_explanation": "Impacto estimado después de 30 años", "horizon_years": 30, "exposed_length_m": 0.0, "exposed_area_m2": null }, "geometry": { "type": "LineString", "coordinates": [ [ -71.5899026, -33.0357007 ], [ -71.5900662, -33.0353634 ], [ -71.5900233, -33.0353066 ], [ -71.5899362, -33.03527 ], [ -71.5895955, -33.0350255 ] ] } },
{ "type": "Feature", "properties": { "osm_id": "way/525208473", "name": "Los Chirimoyos", "source": "OpenStreetMap/Overpass", "highway": "footway", "surface": null, "feature_type": "road", "nearest_transect_id": "T17", "erosion_rate_m_per_year": 1.865, "distance_to_shoreline_m": 396.3, "years_to_impact": 212.5, "risk_level": "bajo", "risk_explanation": "Impacto estimado después de 30 años", "horizon_years": 30, "exposed_length_m": 0.0, "exposed_area_m2": null }, "geometry": { "type": "LineString", "coordinates": [ [ -71.5887277, -33.0347835 ], [ -71.5880577, -33.0351164 ] ] } },
{ "type": "Feature", "properties": { "osm_id": "way/570809567", "name": "Villa Lorena", "source": "OpenStreetMap/Overpass", "highway": "living_street", "surface": "paved", "feature_type": "road", "nearest_transect_id": "T26", "erosion_rate_m_per_year": 1.322, "distance_to_shoreline_m": 296.8, "years_to_impact": 224.5, "risk_level": "bajo", "risk_explanation": "Impacto estimado después de 30 años", "horizon_years": 30, "exposed_length_m": 0.0, "exposed_area_m2": null }, "geometry": { "type": "LineString", "coordinates": [ [ -71.5904754, -33.0348209 ], [ -71.5904489, -33.0348186 ], [ -71.5904291, -33.0348077 ], [ -71.5904047, -33.034759 ], [ -71.590384500000013, -33.0347559 ], [ -71.5903637, -33.034759 ], [ -71.5902556, -33.0348397 ], [ -71.5901663, -33.0349052 ] ] } },
{ "type": "Feature", "properties": { "osm_id": "way/1420501633", "name": null, "source": "OpenStreetMap/Overpass", "highway": "service", "surface": null, "feature_type": "road", "nearest_transect_id": "T25", "erosion_rate_m_per_year": 1.457, "distance_to_shoreline_m": 416.9, "years_to_impact": 286.2, "risk_level": "bajo", "risk_explanation": "Impacto estimado después de 30 años", "horizon_years": 30, "exposed_length_m": 0.0, "exposed_area_m2": null }, "geometry": { "type": "LineString", "coordinates": [ [ -71.590537, -33.0361196 ], [ -71.5905203, -33.036156 ], [ -71.5903915, -33.0364117 ] ] } },
{ "type": "Feature", "properties": { "osm_id": "way/24389159", "name": "Javiera Carrera", "source": "OpenStreetMap/Overpass", "highway": "tertiary", "surface": "concrete", "feature_type": "road", "nearest_transect_id": "T27", "erosion_rate_m_per_year": 1.186, "distance_to_shoreline_m": 321.1, "years_to_impact": 270.6, "risk_level": "bajo", "risk_explanation": "Impacto estimado después de 30 años", "horizon_years": 30, "exposed_length_m": 0.0, "exposed_area_m2": null }, "geometry": { "type": "LineString", "coordinates": [ [ -71.5916159, -33.0355483 ], [ -71.5915861, -33.0356115 ], [ -71.5915768, -33.0356314 ], [ -71.5915382, -33.035713199999989 ], [ -71.59125250000001, -33.036286899999986 ], [ -71.5912177, -33.0363616 ] ] } },
{ "type": "Feature", "properties": { "osm_id": "way/24964018", "name": "Avenida Los Placeres", "source": "OpenStreetMap/Overpass", "highway": "secondary", "surface": "concrete", "feature_type": "road", "nearest_transect_id": "T31", "erosion_rate_m_per_year": 0.646, "distance_to_shoreline_m": 312.5, "years_to_impact": 483.7, "risk_level": "bajo", "risk_explanation": "Impacto estimado después de 30 años", "horizon_years": 30, "exposed_length_m": 0.0, "exposed_area_m2": null }, "geometry": { "type": "LineString", "coordinates": [ [ -71.5919261, -33.035596 ], [ -71.592069, -33.035626 ], [ -71.5922336, -33.0356702 ], [ -71.592453, -33.0357384 ], [ -71.592691, -33.035818499999984 ] ] } },
{ "type": "Feature", "properties": { "osm_id": "way/552977208", "name": "Avenida Los Placeres", "source": "OpenStreetMap/Overpass", "highway": "secondary", "surface": "concrete", "feature_type": "road", "nearest_transect_id": "T28", "erosion_rate_m_per_year": 1.051, "distance_to_shoreline_m": 315.1, "years_to_impact": 299.7, "risk_level": "bajo", "risk_explanation": "Impacto estimado después de 30 años", "horizon_years": 30, "exposed_length_m": 0.0, "exposed_area_m2": null }, "geometry": { "type": "LineString", "coordinates": [ [ -71.5916159, -33.0355483 ], [ -71.5916876, -33.0355547 ], [ -71.5917745, -33.0355649 ], [ -71.5919261, -33.035596 ] ] } },
{ "type": "Feature", "properties": { "osm_id": "way/172873866", "name": "Carrera", "source": "OpenStreetMap/Overpass", "highway": "residential", "surface": "concrete", "feature_type": "road", "nearest_transect_id": "T27", "erosion_rate_m_per_year": 1.186, "distance_to_shoreline_m": 192.4, "years_to_impact": 162.2, "risk_level": "bajo", "risk_explanation": "Impacto estimado después de 30 años", "horizon_years": 30, "exposed_length_m": 0.0, "exposed_area_m2": null }, "geometry": { "type": "LineString", "coordinates": [ [ -71.591997, -33.034432099999989 ], [ -71.5919227, -33.034686 ], [ -71.5917119, -33.035465 ], [ -71.5917065, -33.0354849 ], [ -71.5916876, -33.0355547 ] ] } },
{ "type": "Feature", "properties": { "osm_id": "way/24389070", "name": "Rosa Riquelme", "source": "OpenStreetMap/Overpass", "highway": "residential", "surface": "concrete", "feature_type": "road", "nearest_transect_id": "T25", "erosion_rate_m_per_year": 1.457, "distance_to_shoreline_m": 246.2, "years_to_impact": 169.0, "risk_level": "bajo", "risk_explanation": "Impacto estimado después de 30 años", "horizon_years": 30, "exposed_length_m": 0.0, "exposed_area_m2": null }, "geometry": { "type": "LineString", "coordinates": [ [ -71.590988, -33.035451 ], [ -71.5910308, -33.0354239 ], [ -71.5910652, -33.0353957 ], [ -71.5910886, -33.035376499999984 ], [ -71.5911689, -33.0352794 ], [ -71.5911927, -33.0352397 ], [ -71.5911935, -33.0351952 ], [ -71.5911426, -33.0350382 ], [ -71.5909796, -33.034657899999985 ], [ -71.5909484, -33.034587 ], [ -71.590918, -33.0345336 ], [ -71.590875, -33.0344942 ], [ -71.5907603, -33.0344392 ], [ -71.5907368, -33.0344276 ], [ -71.5906825, -33.0344009 ] ] } },
{ "type": "Feature", "properties": { "osm_id": "way/1419909021", "name": "Villa Lorena", "source": "OpenStreetMap/Overpass", "highway": "living_street", "surface": "paved", "feature_type": "road", "nearest_transect_id": "T22", "erosion_rate_m_per_year": 1.797, "distance_to_shoreline_m": 293.7, "years_to_impact": 163.4, "risk_level": "bajo", "risk_explanation": "Impacto estimado después de 30 años", "horizon_years": 30, "exposed_length_m": 0.0, "exposed_area_m2": null }, "geometry": { "type": "LineString", "coordinates": [ [ -71.5905596, -33.0348299 ], [ -71.5904754, -33.0348209 ] ] } },
{ "type": "Feature", "properties": { "osm_id": "way/24389066", "name": "Doctor Quiroz", "source": "OpenStreetMap/Overpass", "highway": "residential", "surface": "paved", "feature_type": "road", "nearest_transect_id": "T30", "erosion_rate_m_per_year": 0.781, "distance_to_shoreline_m": 211.5, "years_to_impact": 270.8, "risk_level": "bajo", "risk_explanation": "Impacto estimado después de 30 años", "horizon_years": 30, "exposed_length_m": 0.0, "exposed_area_m2": null }, "geometry": { "type": "LineString", "coordinates": [ [ -71.5928372, -33.0348849 ], [ -71.5919227, -33.034686 ] ] } },
{ "type": "Feature", "properties": { "osm_id": "way/1419909020", "name": "Avenida Los Placeres 868", "source": "OpenStreetMap/Overpass", "highway": "living_street", "surface": "unpaved", "feature_type": "road", "nearest_transect_id": "T26", "erosion_rate_m_per_year": 1.322, "distance_to_shoreline_m": 285.6, "years_to_impact": 216.1, "risk_level": "bajo", "risk_explanation": "Impacto estimado después de 30 años", "horizon_years": 30, "exposed_length_m": 0.0, "exposed_area_m2": null }, "geometry": { "type": "LineString", "coordinates": [ [ -71.5905361, -33.034721 ], [ -71.5904334, -33.0347162 ] ] } },
{ "type": "Feature", "properties": { "osm_id": "way/24389075", "name": "Agueda Monasterio", "source": "OpenStreetMap/Overpass", "highway": "residential", "surface": "concrete", "feature_type": "road", "nearest_transect_id": "T25", "erosion_rate_m_per_year": 1.457, "distance_to_shoreline_m": 201.6, "years_to_impact": 138.4, "risk_level": "bajo", "risk_explanation": "Impacto estimado después de 30 años", "horizon_years": 30, "exposed_length_m": 0.0, "exposed_area_m2": null }, "geometry": { "type": "LineString", "coordinates": [ [ -71.5911426, -33.0350382 ], [ -71.5912409, -33.0350204 ], [ -71.591278, -33.0349923 ], [ -71.5913078, -33.0349547 ], [ -71.5914426, -33.0344539 ], [ -71.5914518, -33.0343774 ], [ -71.5914206, -33.0343242 ], [ -71.591372, -33.0342952 ], [ -71.5909554, -33.0341929 ], [ -71.5909094, -33.0341817 ], [ -71.5908539, -33.0341684 ] ] } },
{ "type": "Feature", "properties": { "osm_id": "way/1278343161", "name": null, "source": "OpenStreetMap/Overpass", "highway": "footway", "surface": null, "feature_type": "road", "nearest_transect_id": "T29", "erosion_rate_m_per_year": 0.916, "distance_to_shoreline_m": 207.2, "years_to_impact": 226.1, "risk_level": "bajo", "risk_explanation": "Impacto estimado después de 30 años", "horizon_years": 30, "exposed_length_m": 0.0, "exposed_area_m2": null }, "geometry": { "type": "LineString", "coordinates": [ [ -71.5950047, -33.0352057 ], [ -71.5949284, -33.0351923 ] ] } },
{ "type": "Feature", "properties": { "osm_id": "way/687247051", "name": "Quezada Acharan", "source": "OpenStreetMap/Overpass", "highway": "service", "surface": null, "feature_type": "road", "nearest_transect_id": "T33", "erosion_rate_m_per_year": 0.376, "distance_to_shoreline_m": 234.0, "years_to_impact": 622.9, "risk_level": "bajo", "risk_explanation": "Impacto estimado después de 30 años", "horizon_years": 30, "exposed_length_m": 0.0, "exposed_area_m2": null }, "geometry": { "type": "LineString", "coordinates": [ [ -71.5930224, -33.0351588 ], [ -71.59288, -33.035111 ] ] } },
{ "type": "Feature", "properties": { "osm_id": "way/1421800534", "name": null, "source": "OpenStreetMap/Overpass", "highway": "footway", "surface": null, "feature_type": "road", "nearest_transect_id": "T34", "erosion_rate_m_per_year": 0.241, "distance_to_shoreline_m": 215.8, "years_to_impact": 897.2, "risk_level": "bajo", "risk_explanation": "Impacto estimado después de 30 años", "horizon_years": 30, "exposed_length_m": 0.0, "exposed_area_m2": null }, "geometry": { "type": "LineString", "coordinates": [ [ -71.5932052, -33.03503 ], [ -71.5932105, -33.0350547 ], [ -71.5932266, -33.0350806 ], [ -71.5932709, -33.0351424 ], [ -71.593283, -33.0351896 ], [ -71.5932734, -33.0352376 ] ] } },
{ "type": "Feature", "properties": { "osm_id": "way/687247052", "name": "Quezada Acharan", "source": "OpenStreetMap/Overpass", "highway": "service", "surface": null, "feature_type": "road", "nearest_transect_id": "T33", "erosion_rate_m_per_year": 0.376, "distance_to_shoreline_m": 233.6, "years_to_impact": 621.9, "risk_level": "bajo", "risk_explanation": "Impacto estimado después de 30 años", "horizon_years": 30, "exposed_length_m": 0.0, "exposed_area_m2": null }, "geometry": { "type": "LineString", "coordinates": [ [ -71.59288, -33.035111 ], [ -71.5928112, -33.035088 ] ] } },
{ "type": "Feature", "properties": { "osm_id": "way/24389063", "name": "Valdés", "source": "OpenStreetMap/Overpass", "highway": "residential", "surface": "concrete", "feature_type": "road", "nearest_transect_id": "T32", "erosion_rate_m_per_year": 0.511, "distance_to_shoreline_m": 159.9, "years_to_impact": 313.0, "risk_level": "bajo", "risk_explanation": "Impacto estimado después de 30 años", "horizon_years": 30, "exposed_length_m": 0.0, "exposed_area_m2": null }, "geometry": { "type": "LineString", "coordinates": [ [ -71.592453, -33.0357384 ], [ -71.5924908, -33.0356541 ], [ -71.5925024, -33.0356281 ], [ -71.5927502, -33.0350708 ], [ -71.5928372, -33.0348849 ], [ -71.5930086, -33.0344425 ] ] } },
{ "type": "Feature", "properties": { "osm_id": "way/1247426320", "name": "Quezada Acharan", "source": "OpenStreetMap/Overpass", "highway": "service", "surface": null, "feature_type": "road", "nearest_transect_id": "T32", "erosion_rate_m_per_year": 0.511, "distance_to_shoreline_m": 233.6, "years_to_impact": 457.3, "risk_level": "bajo", "risk_explanation": "Impacto estimado después de 30 años", "horizon_years": 30, "exposed_length_m": 0.0, "exposed_area_m2": null }, "geometry": { "type": "LineString", "coordinates": [ [ -71.5928112, -33.035088 ], [ -71.5927827, -33.0350797 ], [ -71.5927502, -33.0350708 ] ] } },
{ "type": "Feature", "properties": { "osm_id": "way/1278343146", "name": null, "source": "OpenStreetMap/Overpass", "highway": "footway", "surface": null, "feature_type": "road", "nearest_transect_id": "T29", "erosion_rate_m_per_year": 0.916, "distance_to_shoreline_m": 140.4, "years_to_impact": 153.2, "risk_level": "bajo", "risk_explanation": "Impacto estimado después de 30 años", "horizon_years": 30, "exposed_length_m": 0.0, "exposed_area_m2": null }, "geometry": { "type": "LineString", "coordinates": [ [ -71.5946985, -33.0352903 ], [ -71.5943447, -33.0354304 ], [ -71.5942935, -33.0354066 ], [ -71.5942192, -33.0352829 ], [ -71.5943009, -33.0351441 ], [ -71.5943743, -33.0351624 ], [ -71.5945087, -33.0350626 ], [ -71.5946081, -33.0348378 ], [ -71.5946963, -33.03462840000001 ], [ -71.5947088, -33.0346109 ] ] } },
{ "type": "Feature", "properties": { "osm_id": "way/754007105", "name": null, "source": "OpenStreetMap/Overpass", "highway": "footway", "surface": null, "feature_type": "road", "nearest_transect_id": "T29", "erosion_rate_m_per_year": 0.916, "distance_to_shoreline_m": 139.5, "years_to_impact": 152.2, "risk_level": "bajo", "risk_explanation": "Impacto estimado después de 30 años", "horizon_years": 30, "exposed_length_m": 0.0, "exposed_area_m2": null }, "geometry": { "type": "LineString", "coordinates": [ [ -71.5948942, -33.034575 ], [ -71.5947823, -33.0346635 ], [ -71.5946559, -33.0348134 ], [ -71.5946081, -33.0348378 ] ] } },
{ "type": "Feature", "properties": { "osm_id": "way/754007104", "name": null, "source": "OpenStreetMap/Overpass", "highway": "footway", "surface": null, "feature_type": "road", "nearest_transect_id": "T29", "erosion_rate_m_per_year": 0.916, "distance_to_shoreline_m": 140.4, "years_to_impact": 153.2, "risk_level": "bajo", "risk_explanation": "Impacto estimado después de 30 años", "horizon_years": 30, "exposed_length_m": 0.0, "exposed_area_m2": null }, "geometry": { "type": "LineString", "coordinates": [ [ -71.5947823, -33.0346635 ], [ -71.5947088, -33.0346109 ] ] } },
{ "type": "Feature", "properties": { "osm_id": "way/754007103", "name": null, "source": "OpenStreetMap/Overpass", "highway": "steps", "surface": null, "feature_type": "road", "nearest_transect_id": "T29", "erosion_rate_m_per_year": 0.916, "distance_to_shoreline_m": 131.2, "years_to_impact": 143.2, "risk_level": "bajo", "risk_explanation": "Impacto estimado después de 30 años", "horizon_years": 30, "exposed_length_m": 0.0, "exposed_area_m2": null }, "geometry": { "type": "LineString", "coordinates": [ [ -71.5947088, -33.0346109 ], [ -71.5947495, -33.034523299999989 ] ] } },
{ "type": "Feature", "properties": { "osm_id": "way/570809566", "name": "Villa Lorena", "source": "OpenStreetMap/Overpass", "highway": "living_street", "surface": "paved", "feature_type": "road", "nearest_transect_id": "T26", "erosion_rate_m_per_year": 1.322, "distance_to_shoreline_m": 306.0, "years_to_impact": 231.5, "risk_level": "bajo", "risk_explanation": "Impacto estimado después de 30 años", "horizon_years": 30, "exposed_length_m": 0.0, "exposed_area_m2": null }, "geometry": { "type": "LineString", "coordinates": [ [ -71.5902556, -33.0348397 ], [ -71.5900777, -33.034666799999982 ] ] } },
{ "type": "Feature", "properties": { "osm_id": "way/496532774", "name": "Avenida Los Placeres 868", "source": "OpenStreetMap/Overpass", "highway": "living_street", "surface": "unpaved", "feature_type": "road", "nearest_transect_id": "T26", "erosion_rate_m_per_year": 1.322, "distance_to_shoreline_m": 289.3, "years_to_impact": 218.9, "risk_level": "bajo", "risk_explanation": "Impacto estimado después de 30 años", "horizon_years": 30, "exposed_length_m": 0.0, "exposed_area_m2": null }, "geometry": { "type": "LineString", "coordinates": [ [ -71.5904334, -33.0347162 ], [ -71.5904093, -33.0347143 ], [ -71.5903878, -33.0347078 ], [ -71.5902721, -33.0345898 ] ] } },
{ "type": "Feature", "properties": { "osm_id": "way/525208476", "name": null, "source": "OpenStreetMap/Overpass", "highway": "steps", "surface": null, "feature_type": "road", "nearest_transect_id": "T19", "erosion_rate_m_per_year": 1.973, "distance_to_shoreline_m": 293.6, "years_to_impact": 148.8, "risk_level": "bajo", "risk_explanation": "Impacto estimado después de 30 años", "horizon_years": 30, "exposed_length_m": 0.0, "exposed_area_m2": null }, "geometry": { "type": "LineString", "coordinates": [ [ -71.5893866, -33.0340423 ], [ -71.5894068, -33.0340767 ], [ -71.5895003, -33.034236300000011 ], [ -71.5893581, -33.034297 ], [ -71.5895069, -33.0344656 ], [ -71.5895399, -33.0345106 ], [ -71.5896405, -33.034632 ], [ -71.5896754, -33.0346455 ], [ -71.589721, -33.0346747 ], [ -71.5900603, -33.0350446 ] ] } },
{ "type": "Feature", "properties": { "osm_id": "way/24964019", "name": "Avenida Los Placeres", "source": "OpenStreetMap/Overpass", "highway": "secondary", "surface": "concrete", "feature_type": "road", "nearest_transect_id": "T26", "erosion_rate_m_per_year": 1.322, "distance_to_shoreline_m": 157.8, "years_to_impact": 119.4, "risk_level": "bajo", "risk_explanation": "Impacto estimado después de 30 años", "horizon_years": 30, "exposed_length_m": 0.0, "exposed_area_m2": null }, "geometry": { "type": "LineString", "coordinates": [ [ -71.589236, -33.0340479 ], [ -71.5893866, -33.0340423 ], [ -71.5894585, -33.0340271 ], [ -71.5895639, -33.0339825 ], [ -71.5896822, -33.0339195 ], [ -71.5898541, -33.033795 ], [ -71.5899804, -33.0336612 ], [ -71.5900618, -33.033551 ], [ -71.5901164, -33.033464 ], [ -71.5901563, -33.033410499999988 ], [ -71.5902412, -33.0333386 ], [ -71.5902825, -33.0333166 ], [ -71.5903364, -33.0333091 ], [ -71.5903931, -33.033314299999986 ], [ -71.590737, -33.0334333 ], [ -71.5908537, -33.0334985 ], [ -71.5908953, -33.033577299999983 ], [ -71.5909134, -33.0336691 ], [ -71.5909185, -33.0336977 ], [ -71.5909306, -33.0337662 ], [ -71.5909436, -33.03383980000001 ], [ -71.5909499, -33.033925799999984 ], [ -71.5909528, -33.033966 ], [ -71.5909471, -33.034027 ], [ -71.5908898, -33.0341147 ], [ -71.5908539, -33.0341684 ], [ -71.5907683, -33.0342875 ], [ -71.5907505, -33.034310299999987 ], [ -71.5907132, -33.0343601 ], [ -71.5906825, -33.0344009 ], [ -71.5905856, -33.03452 ], [ -71.5905254, -33.0346274 ], [ -71.5905361, -33.034721 ], [ -71.5905437, -33.0347771 ], [ -71.5905596, -33.0348299 ], [ -71.5907366, -33.0352186 ], [ -71.5907906, -33.0352845 ], [ -71.5908413, -33.0353298 ], [ -71.5908618, -33.0353481 ], [ -71.590988, -33.035451 ], [ -71.5910545, -33.0354935 ], [ -71.5911175, -33.0355265 ], [ -71.5911927, -33.0355471 ], [ -71.5912745, -33.0355482 ], [ -71.591475, -33.0355347 ], [ -71.5916159, -33.0355483 ] ] } },
{ "type": "Feature", "properties": { "osm_id": "way/828179887", "name": null, "source": "OpenStreetMap/Overpass", "highway": "service", "surface": null, "feature_type": "road", "nearest_transect_id": "T17", "erosion_rate_m_per_year": 1.865, "distance_to_shoreline_m": 360.9, "years_to_impact": 193.5, "risk_level": "bajo", "risk_explanation": "Impacto estimado después de 30 años", "horizon_years": 30, "exposed_length_m": 0.0, "exposed_area_m2": null }, "geometry": { "type": "LineString", "coordinates": [ [ -71.5883004, -33.0340441 ], [ -71.5882414, -33.0343005 ], [ -71.5882441, -33.0344174 ], [ -71.5882923, -33.0347693 ], [ -71.5883182, -33.0347984 ], [ -71.5883517, -33.0348096 ], [ -71.5887182, -33.0347486 ] ] } },
{ "type": "Feature", "properties": { "osm_id": "way/153992614", "name": "Rodolfo Philippi", "source": "OpenStreetMap/Overpass", "highway": "residential", "surface": "concrete", "feature_type": "road", "nearest_transect_id": "T13", "erosion_rate_m_per_year": 1.573, "distance_to_shoreline_m": 327.2, "years_to_impact": 208.0, "risk_level": "bajo", "risk_explanation": "Impacto estimado después de 30 años", "horizon_years": 30, "exposed_length_m": 0.0, "exposed_area_m2": null }, "geometry": { "type": "LineString", "coordinates": [ [ -71.5888034, -33.0340379 ], [ -71.5887434, -33.0341019 ], [ -71.5886619, -33.0341823 ] ] } },
{ "type": "Feature", "properties": { "osm_id": "way/153992619", "name": "Rodolfo Philippi", "source": "OpenStreetMap/Overpass", "highway": "residential", "surface": "concrete", "feature_type": "road", "nearest_transect_id": "T13", "erosion_rate_m_per_year": 1.573, "distance_to_shoreline_m": 326.6, "years_to_impact": 207.6, "risk_level": "bajo", "risk_explanation": "Impacto estimado después de 30 años", "horizon_years": 30, "exposed_length_m": 0.0, "exposed_area_m2": null }, "geometry": { "type": "LineString", "coordinates": [ [ -71.5886619, -33.0341823 ], [ -71.5886668, -33.0340577 ], [ -71.5887327, -33.0340149 ], [ -71.5887601, -33.033996799999983 ] ] } },
{ "type": "Feature", "properties": { "osm_id": "way/24963939", "name": "Avenida Los Placeres", "source": "OpenStreetMap/Overpass", "highway": "secondary", "surface": "concrete", "feature_type": "road", "nearest_transect_id": "T15", "erosion_rate_m_per_year": 1.735, "distance_to_shoreline_m": 302.3, "years_to_impact": 174.2, "risk_level": "bajo", "risk_explanation": "Impacto estimado después de 30 años", "horizon_years": 30, "exposed_length_m": 0.0, "exposed_area_m2": null }, "geometry": { "type": "LineString", "coordinates": [ [ -71.589236, -33.0340479 ], [ -71.5890672, -33.0340802 ], [ -71.5889786, -33.0340856 ], [ -71.588929, -33.0340829 ], [ -71.588888, -33.034069199999983 ], [ -71.5888464, -33.034046600000011 ] ] } },
{ "type": "Feature", "properties": { "osm_id": "way/153992623", "name": "Avenida Los Placeres", "source": "OpenStreetMap/Overpass", "highway": "secondary", "surface": "concrete", "feature_type": "road", "nearest_transect_id": "T15", "erosion_rate_m_per_year": 1.735, "distance_to_shoreline_m": 302.3, "years_to_impact": 174.2, "risk_level": "bajo", "risk_explanation": "Impacto estimado después de 30 años", "horizon_years": 30, "exposed_length_m": 0.0, "exposed_area_m2": null }, "geometry": { "type": "LineString", "coordinates": [ [ -71.5889303, -33.0339988 ], [ -71.5890053, -33.0340285 ], [ -71.5890711, -33.0340442 ], [ -71.589236, -33.0340479 ] ] } },
{ "type": "Feature", "properties": { "osm_id": "way/153992610", "name": "Rotonda Philipi", "source": "OpenStreetMap/Overpass", "highway": "secondary", "surface": "concrete", "feature_type": "road", "nearest_transect_id": "T13", "erosion_rate_m_per_year": 1.573, "distance_to_shoreline_m": 310.5, "years_to_impact": 197.4, "risk_level": "bajo", "risk_explanation": "Impacto estimado después de 30 años", "horizon_years": 30, "exposed_length_m": 0.0, "exposed_area_m2": null }, "geometry": { "type": "LineString", "coordinates": [ [ -71.5889205, -33.033926 ], [ -71.5889341, -33.0339508 ], [ -71.5889365, -33.0339781 ], [ -71.5889303, -33.0339988 ], [ -71.5889107, -33.0340238 ], [ -71.5888812, -33.0340405 ], [ -71.5888464, -33.034046600000011 ], [ -71.5888034, -33.0340379 ], [ -71.5887772, -33.0340207 ], [ -71.5887601, -33.033996799999983 ], [ -71.5887544, -33.0339725 ], [ -71.5887586, -33.0339468 ], [ -71.5887728, -33.0339238 ], [ -71.5887954, -33.033906 ], [ -71.5888237, -33.0338956 ], [ -71.5888545, -33.0338937 ], [ -71.5888973, -33.03390670000001 ], [ -71.5889205, -33.033926 ] ] } },
{ "type": "Feature", "properties": { "osm_id": "way/173079180", "name": "Universidad Técnica Federico Santa María", "source": "OpenStreetMap/Overpass", "highway": "service", "surface": null, "feature_type": "road", "nearest_transect_id": "T29", "erosion_rate_m_per_year": 0.916, "distance_to_shoreline_m": 127.9, "years_to_impact": 139.6, "risk_level": "bajo", "risk_explanation": "Impacto estimado después de 30 años", "horizon_years": 30, "exposed_length_m": 0.0, "exposed_area_m2": null }, "geometry": { "type": "LineString", "coordinates": [ [ -71.5946833, -33.0344999 ], [ -71.5947495, -33.034523299999989 ], [ -71.5948942, -33.034575 ], [ -71.5949661, -33.0346061 ] ] } },
{ "type": "Feature", "properties": { "osm_id": "way/1278582334", "name": "General Bari", "source": "OpenStreetMap/Overpass", "highway": "residential", "surface": "concrete", "feature_type": "road", "nearest_transect_id": "T34", "erosion_rate_m_per_year": 0.241, "distance_to_shoreline_m": 125.6, "years_to_impact": 522.3, "risk_level": "bajo", "risk_explanation": "Impacto estimado después de 30 años", "horizon_years": 30, "exposed_length_m": 0.0, "exposed_area_m2": null }, "geometry": { "type": "LineString", "coordinates": [ [ -71.5936621, -33.0343021 ], [ -71.5935844, -33.034522699999989 ], [ -71.5935629, -33.0345371 ], [ -71.5935249, -33.0345442 ] ] } },
{ "type": "Feature", "properties": { "osm_id": "way/24389058", "name": "General Bari", "source": "OpenStreetMap/Overpass", "highway": "residential", "surface": "concrete", "feature_type": "road", "nearest_transect_id": "T31", "erosion_rate_m_per_year": 0.646, "distance_to_shoreline_m": 155.2, "years_to_impact": 240.3, "risk_level": "bajo", "risk_explanation": "Impacto estimado después de 30 años", "horizon_years": 30, "exposed_length_m": 0.0, "exposed_area_m2": null }, "geometry": { "type": "LineString", "coordinates": [ [ -71.5935249, -33.0345442 ], [ -71.5930086, -33.0344425 ], [ -71.5929663, -33.0344259 ], [ -71.592427, -33.034298399999983 ], [ -71.5923644, -33.034297 ], [ -71.5922824, -33.0343118 ], [ -71.59219, -33.034325699999989 ], [ -71.5920977, -33.0343556 ], [ -71.592029, -33.0343932 ], [ -71.591997, -33.034432099999989 ] ] } },
{ "type": "Feature", "properties": { "osm_id": "way/480112249", "name": "Pasaje Gounod", "source": "OpenStreetMap/Overpass", "highway": "pedestrian", "surface": "paved", "feature_type": "road", "nearest_transect_id": "T32", "erosion_rate_m_per_year": 0.511, "distance_to_shoreline_m": 132.2, "years_to_impact": 258.8, "risk_level": "bajo", "risk_explanation": "Impacto estimado después de 30 años", "horizon_years": 30, "exposed_length_m": 0.0, "exposed_area_m2": null }, "geometry": { "type": "LineString", "coordinates": [ [ -71.5929663, -33.0344259 ], [ -71.5929783, -33.0344003 ], [ -71.5930449, -33.0341893 ] ] } },
{ "type": "Feature", "properties": { "osm_id": "way/480112250", "name": "Pasaje Gounod", "source": "OpenStreetMap/Overpass", "highway": "living_street", "surface": "unpaved", "feature_type": "road", "nearest_transect_id": "T34", "erosion_rate_m_per_year": 0.241, "distance_to_shoreline_m": 125.6, "years_to_impact": 522.3, "risk_level": "bajo", "risk_explanation": "Impacto estimado después de 30 años", "horizon_years": 30, "exposed_length_m": 0.0, "exposed_area_m2": null }, "geometry": { "type": "LineString", "coordinates": [ [ -71.5936621, -33.0343021 ], [ -71.5935742, -33.0342874 ], [ -71.5933905, -33.034253 ] ] } },
{ "type": "Feature", "properties": { "osm_id": "way/577285642", "name": null, "source": "OpenStreetMap/Overpass", "highway": "footway", "surface": null, "feature_type": "road", "nearest_transect_id": "T33", "erosion_rate_m_per_year": 0.376, "distance_to_shoreline_m": 127.6, "years_to_impact": 339.8, "risk_level": "bajo", "risk_explanation": "Impacto estimado después de 30 años", "horizon_years": 30, "exposed_length_m": 0.0, "exposed_area_m2": null }, "geometry": { "type": "LineString", "coordinates": [ [ -71.5933905, -33.034253 ], [ -71.5933393, -33.0342295 ], [ -71.5932052, -33.0342036 ] ] } },
{ "type": "Feature", "properties": { "osm_id": "way/754007124", "name": null, "source": "OpenStreetMap/Overpass", "highway": "steps", "surface": null, "feature_type": "road", "nearest_transect_id": "T34", "erosion_rate_m_per_year": 0.241, "distance_to_shoreline_m": 96.7, "years_to_impact": 401.8, "risk_level": "bajo", "risk_explanation": "Impacto estimado después de 30 años", "horizon_years": 30, "exposed_length_m": 0.0, "exposed_area_m2": null }, "geometry": { "type": "LineString", "coordinates": [ [ -71.5937374, -33.0341168 ], [ -71.5936927, -33.0340406 ], [ -71.593584, -33.0340041 ] ] } },
{ "type": "Feature", "properties": { "osm_id": "way/56221452", "name": "Escala Vista Nave", "source": "OpenStreetMap/Overpass", "highway": "steps", "surface": "concrete", "feature_type": "road", "nearest_transect_id": "T29", "erosion_rate_m_per_year": 0.916, "distance_to_shoreline_m": 47.4, "years_to_impact": 51.7, "risk_level": "bajo", "risk_explanation": "Impacto estimado después de 30 años", "horizon_years": 30, "exposed_length_m": 0.0, "exposed_area_m2": null }, "geometry": { "type": "LineString", "coordinates": [ [ -71.5939481, -33.0336388 ], [ -71.593928, -33.0336954 ], [ -71.5939039, -33.0337539 ], [ -71.5938784, -33.033751100000011 ], [ -71.5938603, -33.0338006 ], [ -71.5938804, -33.0338073 ], [ -71.593863, -33.0338517 ], [ -71.5938422, -33.0338511 ], [ -71.5938214, -33.0339051 ], [ -71.5938355, -33.033909 ], [ -71.5938167, -33.033954 ], [ -71.5937956, -33.0339526 ], [ -71.5937769, -33.0340094 ], [ -71.5937374, -33.0341168 ], [ -71.5936621, -33.0343021 ] ] } },
{ "type": "Feature", "properties": { "osm_id": "way/754007123", "name": null, "source": "OpenStreetMap/Overpass", "highway": "footway", "surface": null, "feature_type": "road", "nearest_transect_id": "T31", "erosion_rate_m_per_year": 0.646, "distance_to_shoreline_m": 96.7, "years_to_impact": 149.6, "risk_level": "bajo", "risk_explanation": "Impacto estimado después de 30 años", "horizon_years": 30, "exposed_length_m": 0.0, "exposed_area_m2": null }, "geometry": { "type": "LineString", "coordinates": [ [ -71.5925521, -33.0337966 ], [ -71.5927661, -33.0338345 ], [ -71.593584, -33.0340041 ] ] } },
{ "type": "Feature", "properties": { "osm_id": "way/754007122", "name": null, "source": "OpenStreetMap/Overpass", "highway": "path", "surface": null, "feature_type": "road", "nearest_transect_id": "T28", "erosion_rate_m_per_year": 1.051, "distance_to_shoreline_m": 101.9, "years_to_impact": 96.9, "risk_level": "bajo", "risk_explanation": "Impacto estimado después de 30 años", "horizon_years": 30, "exposed_length_m": 0.0, "exposed_area_m2": null }, "geometry": { "type": "LineString", "coordinates": [ [ -71.5927661, -33.0338345 ], [ -71.5926862, -33.0337674 ], [ -71.5925521, -33.0337966 ] ] } },
{ "type": "Feature", "properties": { "osm_id": "way/1421491304", "name": null, "source": "OpenStreetMap/Overpass", "highway": "service", "surface": null, "feature_type": "road", "nearest_transect_id": "T26", "erosion_rate_m_per_year": 1.322, "distance_to_shoreline_m": 244.6, "years_to_impact": 185.0, "risk_level": "bajo", "risk_explanation": "Impacto estimado después de 30 años", "horizon_years": 30, "exposed_length_m": 0.0, "exposed_area_m2": null }, "geometry": { "type": "LineString", "coordinates": [ [ -71.5907132, -33.0343601 ], [ -71.5905686, -33.0342823 ] ] } },
{ "type": "Feature", "properties": { "osm_id": "way/1421491305", "name": null, "source": "OpenStreetMap/Overpass", "highway": "service", "surface": null, "feature_type": "road", "nearest_transect_id": "T26", "erosion_rate_m_per_year": 1.322, "distance_to_shoreline_m": 245.4, "years_to_impact": 185.6, "risk_level": "bajo", "risk_explanation": "Impacto estimado después de 30 años", "horizon_years": 30, "exposed_length_m": 0.0, "exposed_area_m2": null }, "geometry": { "type": "LineString", "coordinates": [ [ -71.5905686, -33.0342823 ], [ -71.5905136, -33.0342531 ], [ -71.5904955, -33.0342407 ] ] } },
{ "type": "Feature", "properties": { "osm_id": "way/356648476", "name": "Maria Graham", "source": "OpenStreetMap/Overpass", "highway": "steps", "surface": null, "feature_type": "road", "nearest_transect_id": "T25", "erosion_rate_m_per_year": 1.457, "distance_to_shoreline_m": 174.1, "years_to_impact": 119.5, "risk_level": "bajo", "risk_explanation": "Impacto estimado después de 30 años", "horizon_years": 30, "exposed_length_m": 0.0, "exposed_area_m2": null }, "geometry": { "type": "LineString", "coordinates": [ [ -71.5915733, -33.0341074 ], [ -71.5915451, -33.0342449 ], [ -71.5914518, -33.0343774 ] ] } },
{ "type": "Feature", "properties": { "osm_id": "way/1419909022", "name": null, "source": "OpenStreetMap/Overpass", "highway": "service", "surface": null, "feature_type": "road", "nearest_transect_id": "T26", "erosion_rate_m_per_year": 1.322, "distance_to_shoreline_m": 202.8, "years_to_impact": 153.4, "risk_level": "bajo", "risk_explanation": "Impacto estimado después de 30 años", "horizon_years": 30, "exposed_length_m": 0.0, "exposed_area_m2": null }, "geometry": { "type": "LineString", "coordinates": [ [ -71.5909471, -33.034027 ], [ -71.5908261, -33.0339833 ] ] } },
{ "type": "Feature", "properties": { "osm_id": "way/24389067", "name": "Maria Graham", "source": "OpenStreetMap/Overpass", "highway": "residential", "surface": "concrete", "feature_type": "road", "nearest_transect_id": "T24", "erosion_rate_m_per_year": 1.592, "distance_to_shoreline_m": 161.9, "years_to_impact": 101.7, "risk_level": "bajo", "risk_explanation": "Impacto estimado después de 30 años", "horizon_years": 30, "exposed_length_m": 0.0, "exposed_area_m2": null }, "geometry": { "type": "LineString", "coordinates": [ [ -71.5915733, -33.0341074 ], [ -71.5915923, -33.0339934 ], [ -71.5915676, -33.0339758 ], [ -71.5915203, -33.0339601 ], [ -71.5910579, -33.0338636 ], [ -71.5910096, -33.0338536 ], [ -71.5909436, -33.03383980000001 ] ] } },
{ "type": "Feature", "properties": { "osm_id": "way/1419909024", "name": null, "source": "OpenStreetMap/Overpass", "highway": "service", "surface": null, "feature_type": "road", "nearest_transect_id": "T20", "erosion_rate_m_per_year": 1.959, "distance_to_shoreline_m": 193.8, "years_to_impact": 98.9, "risk_level": "bajo", "risk_explanation": "Impacto estimado después de 30 años", "horizon_years": 30, "exposed_length_m": 0.0, "exposed_area_m2": null }, "geometry": { "type": "LineString", "coordinates": [ [ -71.5908261, -33.0339833 ], [ -71.5907013, -33.0339428 ], [ -71.59058060000001, -33.0338731 ], [ -71.5905605, -33.0338416 ], [ -71.5905619, -33.0338034 ], [ -71.59058060000001, -33.0337606 ], [ -71.5905793, -33.0337426 ], [ -71.5905713, -33.033728 ], [ -71.5904278, -33.0336651 ] ] } },
{ "type": "Feature", "properties": { "osm_id": "way/1419909023", "name": null, "source": "OpenStreetMap/Overpass", "highway": "service", "surface": null, "feature_type": "road", "nearest_transect_id": "T20", "erosion_rate_m_per_year": 1.959, "distance_to_shoreline_m": 201.1, "years_to_impact": 102.6, "risk_level": "bajo", "risk_explanation": "Impacto estimado después de 30 años", "horizon_years": 30, "exposed_length_m": 0.0, "exposed_area_m2": null }, "geometry": { "type": "LineString", "coordinates": [ [ -71.5905619, -33.0338034 ], [ -71.5904184, -33.033746 ] ] } },
{ "type": "Feature", "properties": { "osm_id": "way/211065039", "name": "Subida Los Placeres", "source": "OpenStreetMap/Overpass", "highway": "steps", "surface": "concrete", "feature_type": "road", "nearest_transect_id": "T20", "erosion_rate_m_per_year": 1.959, "distance_to_shoreline_m": 128.2, "years_to_impact": 65.4, "risk_level": "bajo", "risk_explanation": "Impacto estimado después de 30 años", "horizon_years": 30, "exposed_length_m": 0.0, "exposed_area_m2": null }, "geometry": { "type": "LineString", "coordinates": [ [ -71.5908959, -33.0331884 ], [ -71.5908863, -33.0332045 ], [ -71.5908343, -33.0332137 ], [ -71.5908277, -33.0332322 ], [ -71.5908695, -33.0332366 ], [ -71.5908598, -33.0332546 ], [ -71.5908067, -33.0332617 ], [ -71.5907999, -33.0332806 ], [ -71.5908427, -33.0332992 ], [ -71.5908381, -33.0333087 ], [ -71.590791, -33.0333069 ], [ -71.590737, -33.0334333 ] ] } },
{ "type": "Feature", "properties": { "osm_id": "way/211065038", "name": null, "source": "OpenStreetMap/Overpass", "highway": "steps", "surface": "concrete", "feature_type": "road", "nearest_transect_id": "T20", "erosion_rate_m_per_year": 1.959, "distance_to_shoreline_m": 126.0, "years_to_impact": 64.3, "risk_level": "bajo", "risk_explanation": "Impacto estimado después de 30 años", "horizon_years": 30, "exposed_length_m": 0.0, "exposed_area_m2": null }, "geometry": { "type": "LineString", "coordinates": [ [ -71.5908959, -33.0331884 ], [ -71.5908625, -33.0331687 ], [ -71.5908731, -33.033144 ] ] } },
{ "type": "Feature", "properties": { "osm_id": "way/1105666798", "name": "Avenida España", "source": "OpenStreetMap/Overpass", "highway": "primary", "surface": "concrete", "feature_type": "road", "nearest_transect_id": "T11", "erosion_rate_m_per_year": 1.411, "distance_to_shoreline_m": 69.0, "years_to_impact": 48.9, "risk_level": "bajo", "risk_explanation": "Impacto estimado después de 30 años", "horizon_years": 30, "exposed_length_m": 0.0, "exposed_area_m2": null }, "geometry": { "type": "LineString", "coordinates": [ [ -71.5920352, -33.0332309 ], [ -71.5911735, -33.0330699 ], [ -71.590928, -33.033016199999985 ] ] } },
{ "type": "Feature", "properties": { "osm_id": "way/25775619", "name": "Avenida Diego Portales", "source": "OpenStreetMap/Overpass", "highway": "secondary", "surface": "asphalt", "feature_type": "road", "nearest_transect_id": "T29", "erosion_rate_m_per_year": 0.916, "distance_to_shoreline_m": 604.6, "years_to_impact": 659.9, "risk_level": "bajo", "risk_explanation": "Impacto estimado después de 30 años", "horizon_years": 30, "exposed_length_m": 0.0, "exposed_area_m2": null }, "geometry": { "type": "LineString", "coordinates": [ [ -71.598400659044174, -33.03777954464902 ], [ -71.598348900000019, -33.0377594 ] ] } },
{ "type": "Feature", "properties": { "osm_id": "way/522097076", "name": "Avenida Los Placeres", "source": "OpenStreetMap/Overpass", "highway": "secondary", "surface": "concrete", "feature_type": "road", "nearest_transect_id": "T38", "erosion_rate_m_per_year": -0.3, "distance_to_shoreline_m": 517.3, "years_to_impact": null, "risk_level": "bajo", "risk_explanation": "Sin avance erosivo positivo medido", "horizon_years": 30, "exposed_length_m": 0.0, "exposed_area_m2": null }, "geometry": { "type": "LineString", "coordinates": [ [ -71.5970836, -33.0374956 ], [ -71.5971761, -33.0376088 ], [ -71.5972383, -33.0376806 ], [ -71.5972947, -33.0377505 ], [ -71.597326774211453, -33.037801867582303 ] ] } },
{ "type": "Feature", "properties": { "osm_id": "way/1420305901", "name": null, "source": "OpenStreetMap/Overpass", "highway": "service", "surface": null, "feature_type": "road", "nearest_transect_id": "T29", "erosion_rate_m_per_year": 0.916, "distance_to_shoreline_m": 650.9, "years_to_impact": 710.5, "risk_level": "bajo", "risk_explanation": "Impacto estimado después de 30 años", "horizon_years": 30, "exposed_length_m": 0.0, "exposed_area_m2": null }, "geometry": { "type": "LineString", "coordinates": [ [ -71.599137277868167, -33.037764232492307 ], [ -71.5991356, -33.0377637 ] ] } },
{ "type": "Feature", "properties": { "osm_id": "way/552977215", "name": "Avenida Los Placeres", "source": "OpenStreetMap/Overpass", "highway": "secondary", "surface": "concrete", "feature_type": "road", "nearest_transect_id": "T29", "erosion_rate_m_per_year": 0.916, "distance_to_shoreline_m": 568.1, "years_to_impact": 620.1, "risk_level": "bajo", "risk_explanation": "Impacto estimado después de 30 años", "horizon_years": 30, "exposed_length_m": 0.0, "exposed_area_m2": null }, "geometry": { "type": "LineString", "coordinates": [ [ -71.597887819178652, -33.037790205093941 ], [ -71.5979327, -33.0376719 ], [ -71.5979378, -33.0376585 ], [ -71.597966, -33.0375843 ] ] } },
{ "type": "Feature", "properties": { "osm_id": "way/1195938381", "name": null, "source": "OpenStreetMap/Overpass", "highway": "service", "surface": null, "feature_type": "road", "nearest_transect_id": "T29", "erosion_rate_m_per_year": 0.916, "distance_to_shoreline_m": 604.6, "years_to_impact": 659.9, "risk_level": "bajo", "risk_explanation": "Impacto estimado después de 30 años", "horizon_years": 30, "exposed_length_m": 0.0, "exposed_area_m2": null }, "geometry": { "type": "LineString", "coordinates": [ [ -71.598343115199697, -33.037780740817716 ], [ -71.598348900000019, -33.0377594 ] ] } },
{ "type": "Feature", "properties": { "osm_id": "way/56221981", "name": "Malfatti", "source": "OpenStreetMap/Overpass", "highway": "residential", "surface": "concrete", "feature_type": "road", "nearest_transect_id": "T38", "erosion_rate_m_per_year": -0.3, "distance_to_shoreline_m": 469.2, "years_to_impact": null, "risk_level": "bajo", "risk_explanation": "Sin avance erosivo positivo medido", "horizon_years": 30, "exposed_length_m": 0.0, "exposed_area_m2": null }, "geometry": { "type": "LineString", "coordinates": [ [ -71.596301091455359, -33.037823188535 ], [ -71.5963539, -33.0377127 ], [ -71.5963771, -33.0376676 ], [ -71.5965733, -33.0372863 ], [ -71.5965771, -33.0372778 ], [ -71.5966085, -33.0372076 ] ] } },
{ "type": "Feature", "properties": { "osm_id": "way/1420108954", "name": null, "source": "OpenStreetMap/Overpass", "highway": "residential", "surface": null, "feature_type": "road", "nearest_transect_id": "T38", "erosion_rate_m_per_year": -0.3, "distance_to_shoreline_m": 514.2, "years_to_impact": null, "risk_level": "bajo", "risk_explanation": "Sin avance erosivo positivo medido", "horizon_years": 30, "exposed_length_m": 0.0, "exposed_area_m2": null }, "geometry": { "type": "LineString", "coordinates": [ [ -71.5964594, -33.0376979 ], [ -71.5966129, -33.0377541 ], [ -71.5966491, -33.0377609 ], [ -71.5967068, -33.0377552 ], [ -71.5967779, -33.0377193 ], [ -71.5968838, -33.0376304 ] ] } },
{ "type": "Feature", "properties": { "osm_id": "way/1420108953", "name": null, "source": "OpenStreetMap/Overpass", "highway": "residential", "surface": null, "feature_type": "road", "nearest_transect_id": "T38", "erosion_rate_m_per_year": -0.3, "distance_to_shoreline_m": 508.4, "years_to_impact": null, "risk_level": "bajo", "risk_explanation": "Sin avance erosivo positivo medido", "horizon_years": 30, "exposed_length_m": 0.0, "exposed_area_m2": null }, "geometry": { "type": "LineString", "coordinates": [ [ -71.5963771, -33.0376676 ], [ -71.5964594, -33.0376979 ] ] } },
{ "type": "Feature", "properties": { "osm_id": "way/550469781", "name": "Avenida Los Placeres", "source": "OpenStreetMap/Overpass", "highway": "secondary", "surface": "concrete", "feature_type": "road", "nearest_transect_id": "T38", "erosion_rate_m_per_year": -0.3, "distance_to_shoreline_m": 469.2, "years_to_impact": null, "risk_level": "bajo", "risk_explanation": "Sin avance erosivo positivo medido", "horizon_years": 30, "exposed_length_m": 0.0, "exposed_area_m2": null }, "geometry": { "type": "LineString", "coordinates": [ [ -71.5966085, -33.0372076 ], [ -71.5966746, -33.0372325 ], [ -71.5967175, -33.0372498 ] ] } },
{ "type": "Feature", "properties": { "osm_id": "way/552981004", "name": "Avenida Los Placeres", "source": "OpenStreetMap/Overpass", "highway": "secondary", "surface": "concrete", "feature_type": "road", "nearest_transect_id": "T38", "erosion_rate_m_per_year": -0.3, "distance_to_shoreline_m": 383.2, "years_to_impact": null, "risk_level": "bajo", "risk_explanation": "Sin avance erosivo positivo medido", "horizon_years": 30, "exposed_length_m": 0.0, "exposed_area_m2": null }, "geometry": { "type": "LineString", "coordinates": [ [ -71.5953093, -33.0367465 ], [ -71.5954065, -33.036781 ], [ -71.59581, -33.0369242 ], [ -71.5961663, -33.0370507 ], [ -71.5965318, -33.0371835 ], [ -71.5966085, -33.0372076 ] ] } },
{ "type": "Feature", "properties": { "osm_id": "way/358643380", "name": "Rebeca Matte", "source": "OpenStreetMap/Overpass", "highway": "residential", "surface": "concrete", "feature_type": "road", "nearest_transect_id": "T29", "erosion_rate_m_per_year": 0.916, "distance_to_shoreline_m": 361.1, "years_to_impact": 394.2, "risk_level": "bajo", "risk_explanation": "Impacto estimado después de 30 años", "horizon_years": 30, "exposed_length_m": 0.0, "exposed_area_m2": null }, "geometry": { "type": "LineString", "coordinates": [ [ -71.5966506, -33.0360811 ], [ -71.5965217, -33.0363366 ], [ -71.596206600000016, -33.0369638 ], [ -71.5961663, -33.0370507 ] ] } },
{ "type": "Feature", "properties": { "osm_id": "way/532585579", "name": null, "source": "OpenStreetMap/Overpass", "highway": "service", "surface": null, "feature_type": "road", "nearest_transect_id": "T38", "erosion_rate_m_per_year": -0.3, "distance_to_shoreline_m": 328.7, "years_to_impact": null, "risk_level": "bajo", "risk_explanation": "Sin avance erosivo positivo medido", "horizon_years": 30, "exposed_length_m": 0.0, "exposed_area_m2": null }, "geometry": { "type": "LineString", "coordinates": [ [ -71.5954385, -33.0362183 ], [ -71.5954105, -33.0362545 ], [ -71.5952653, -33.036527 ], [ -71.5952457, -33.03657410000001 ], [ -71.5952325, -33.0366011 ], [ -71.5951911, -33.036701499999985 ] ] } },
{ "type": "Feature", "properties": { "osm_id": "way/1424018427", "name": null, "source": "OpenStreetMap/Overpass", "highway": "service", "surface": null, "feature_type": "road", "nearest_transect_id": "T29", "erosion_rate_m_per_year": 0.916, "distance_to_shoreline_m": 379.2, "years_to_impact": 413.9, "risk_level": "bajo", "risk_explanation": "Impacto estimado después de 30 años", "horizon_years": 30, "exposed_length_m": 0.0, "exposed_area_m2": null }, "geometry": { "type": "LineString", "coordinates": [ [ -71.5965217, -33.0363366 ], [ -71.5965781, -33.036357799999983 ], [ -71.5972513, -33.0365781 ] ] } },
{ "type": "Feature", "properties": { "osm_id": "way/23953022", "name": "San Luis", "source": "OpenStreetMap/Overpass", "highway": "tertiary", "surface": "asphalt", "feature_type": "road", "nearest_transect_id": "T29", "erosion_rate_m_per_year": 0.916, "distance_to_shoreline_m": 308.5, "years_to_impact": 336.7, "risk_level": "bajo", "risk_explanation": "Impacto estimado después de 30 años", "horizon_years": 30, "exposed_length_m": 0.0, "exposed_area_m2": null }, "geometry": { "type": "LineString", "coordinates": [ [ -71.5961341, -33.035789199999989 ], [ -71.5961017, -33.0358283 ], [ -71.5960016, -33.036043 ], [ -71.595931, -33.0361831 ], [ -71.5958881, -33.0362214 ], [ -71.5956475, -33.0363749 ], [ -71.5954317, -33.0365531 ], [ -71.595355, -33.0366703 ], [ -71.5953093, -33.0367465 ] ] } },
{ "type": "Feature", "properties": { "osm_id": "way/1278343143", "name": null, "source": "OpenStreetMap/Overpass", "highway": "service", "surface": null, "feature_type": "road", "nearest_transect_id": "T29", "erosion_rate_m_per_year": 0.916, "distance_to_shoreline_m": 322.5, "years_to_impact": 352.0, "risk_level": "bajo", "risk_explanation": "Impacto estimado después de 30 años", "horizon_years": 30, "exposed_length_m": 0.0, "exposed_area_m2": null }, "geometry": { "type": "LineString", "coordinates": [ [ -71.5956694, -33.0361012 ], [ -71.5954385, -33.0362183 ] ] } },
{ "type": "Feature", "properties": { "osm_id": "way/552977218", "name": "Avenida Diego Portales", "source": "OpenStreetMap/Overpass", "highway": "secondary", "surface": "asphalt", "feature_type": "road", "nearest_transect_id": "T29", "erosion_rate_m_per_year": 0.916, "distance_to_shoreline_m": 568.1, "years_to_impact": 620.1, "risk_level": "bajo", "risk_explanation": "Impacto estimado después de 30 años", "horizon_years": 30, "exposed_length_m": 0.0, "exposed_area_m2": null }, "geometry": { "type": "LineString", "coordinates": [ [ -71.598348900000019, -33.0377594 ], [ -71.5982109, -33.0377102 ], [ -71.5981035, -33.037667399999989 ], [ -71.5980293, -33.0376253 ], [ -71.598013, -33.037617 ], [ -71.597966, -33.0375843 ] ] } },
{ "type": "Feature", "properties": { "osm_id": "way/370314703", "name": null, "source": "OpenStreetMap/Overpass", "highway": "service", "surface": null, "feature_type": "road", "nearest_transect_id": "T29", "erosion_rate_m_per_year": 0.916, "distance_to_shoreline_m": 640.1, "years_to_impact": 698.6, "risk_level": "bajo", "risk_explanation": "Impacto estimado después de 30 años", "horizon_years": 30, "exposed_length_m": 0.0, "exposed_area_m2": null }, "geometry": { "type": "LineString", "coordinates": [ [ -71.599323285929515, -33.037760365927276 ], [ -71.5993153, -33.0377361 ], [ -71.5993039, -33.0376777 ], [ -71.5993018, -33.0376321 ], [ -71.5993063, -33.0375896 ], [ -71.5994105, -33.0374309 ], [ -71.599452, -33.0373752 ], [ -71.5994755, -33.037364599999989 ], [ -71.599497400000018, -33.0373623 ], [ -71.5998301, -33.0375147 ], [ -71.5998943, -33.037524 ], [ -71.5999762, -33.0375204 ], [ -71.600012893279697, -33.03750527452592 ] ] } },
{ "type": "Feature", "properties": { "osm_id": "way/370314702", "name": null, "source": "OpenStreetMap/Overpass", "highway": "service", "surface": null, "feature_type": "road", "nearest_transect_id": "T29", "erosion_rate_m_per_year": 0.916, "distance_to_shoreline_m": 616.0, "years_to_impact": 672.4, "risk_level": "bajo", "risk_explanation": "Impacto estimado después de 30 años", "horizon_years": 30, "exposed_length_m": 0.0, "exposed_area_m2": null }, "geometry": { "type": "LineString", "coordinates": [ [ -71.5991356, -33.0377637 ], [ -71.5991181, -33.0377547 ], [ -71.5990968, -33.0377394 ], [ -71.5990237, -33.0376772 ], [ -71.5989921, -33.0376248 ], [ -71.5989921, -33.037543899999989 ], [ -71.5990081, -33.0374832 ], [ -71.5990283, -33.0374213 ] ] } },
{ "type": "Feature", "properties": { "osm_id": "way/552977217", "name": "Avenida Los Placeres", "source": "OpenStreetMap/Overpass", "highway": "secondary", "surface": "concrete", "feature_type": "road", "nearest_transect_id": "T29", "erosion_rate_m_per_year": 0.916, "distance_to_shoreline_m": 558.0, "years_to_impact": 609.0, "risk_level": "bajo", "risk_explanation": "Impacto estimado después de 30 años", "horizon_years": 30, "exposed_length_m": 0.0, "exposed_area_m2": null }, "geometry": { "type": "LineString", "coordinates": [ [ -71.597966, -33.0375843 ], [ -71.5979913, -33.03754 ], [ -71.5980095, -33.037509 ], [ -71.5980725, -33.0374089 ] ] } },
{ "type": "Feature", "properties": { "osm_id": "way/358643390", "name": null, "source": "OpenStreetMap/Overpass", "highway": "steps", "surface": null, "feature_type": "road", "nearest_transect_id": "T29", "erosion_rate_m_per_year": 0.916, "distance_to_shoreline_m": 533.8, "years_to_impact": 582.6, "risk_level": "bajo", "risk_explanation": "Impacto estimado después de 30 años", "horizon_years": 30, "exposed_length_m": 0.0, "exposed_area_m2": null }, "geometry": { "type": "LineString", "coordinates": [ [ -71.5978933, -33.0372493 ], [ -71.5978897, -33.0374922 ], [ -71.59792490000001, -33.0375125 ], [ -71.5979913, -33.03754 ] ] } },
{ "type": "Feature", "properties": { "osm_id": "way/217317718", "name": "Avenida Los Placeres", "source": "OpenStreetMap/Overpass", "highway": "secondary", "surface": "concrete", "feature_type": "road", "nearest_transect_id": "T38", "erosion_rate_m_per_year": -0.3, "distance_to_shoreline_m": 477.7, "years_to_impact": null, "risk_level": "bajo", "risk_explanation": "Sin avance erosivo positivo medido", "horizon_years": 30, "exposed_length_m": 0.0, "exposed_area_m2": null }, "geometry": { "type": "LineString", "coordinates": [ [ -71.5967175, -33.0372498 ], [ -71.5968944, -33.0373223 ], [ -71.5969738, -33.037376 ], [ -71.5970836, -33.0374956 ] ] } },
{ "type": "Feature", "properties": { "osm_id": "way/358643381", "name": null, "source": "OpenStreetMap/Overpass", "highway": "footway", "surface": null, "feature_type": "road", "nearest_transect_id": "T38", "erosion_rate_m_per_year": -0.3, "distance_to_shoreline_m": 486.4, "years_to_impact": null, "risk_level": "bajo", "risk_explanation": "Sin avance erosivo positivo medido", "horizon_years": 30, "exposed_length_m": 0.0, "exposed_area_m2": null }, "geometry": { "type": "LineString", "coordinates": [ [ -71.5968944, -33.0373223 ], [ -71.5969516, -33.0372404 ], [ -71.5969591, -33.037236300000011 ], [ -71.5969677, -33.0372353 ], [ -71.5972186, -33.0373228 ] ] } },
{ "type": "Feature", "properties": { "osm_id": "way/599043374", "name": "Avenida España", "source": "OpenStreetMap/Overpass", "highway": "primary", "surface": "concrete", "feature_type": "road", "nearest_transect_id": "T29", "erosion_rate_m_per_year": 0.916, "distance_to_shoreline_m": 565.5, "years_to_impact": 617.2, "risk_level": "bajo", "risk_explanation": "Impacto estimado después de 30 años", "horizon_years": 30, "exposed_length_m": 0.0, "exposed_area_m2": null }, "geometry": { "type": "LineString", "coordinates": [ [ -71.599085, -33.0367198 ], [ -71.5992918, -33.0369483 ], [ -71.5994771, -33.0371036 ], [ -71.600010792059905, -33.037433766175816 ] ] } },
{ "type": "Feature", "properties": { "osm_id": "way/550280268", "name": "Avenida España", "source": "OpenStreetMap/Overpass", "highway": "primary", "surface": "concrete", "feature_type": "road", "nearest_transect_id": "T29", "erosion_rate_m_per_year": 0.916, "distance_to_shoreline_m": 474.4, "years_to_impact": 517.8, "risk_level": "bajo", "risk_explanation": "Impacto estimado después de 30 años", "horizon_years": 30, "exposed_length_m": 0.0, "exposed_area_m2": null }, "geometry": { "type": "LineString", "coordinates": [ [ -71.59879045094398, -33.037771442012406 ], [ -71.5982414, -33.0375963 ], [ -71.598197, -33.0375678 ], [ -71.5981574, -33.0375346 ], [ -71.5981224, -33.0374961 ], [ -71.5980939, -33.0374539 ], [ -71.5980725, -33.0374089 ], [ -71.5980589, -33.0373638 ], [ -71.5980525, -33.0373175 ], [ -71.5980574, -33.0372564 ], [ -71.5981245, -33.0371137 ], [ -71.5981972, -33.036962 ], [ -71.5982631, -33.0368188 ], [ -71.5983289, -33.0366758 ], [ -71.598447, -33.0363653 ], [ -71.5984614, -33.0362892 ], [ -71.598476, -33.0361654 ], [ -71.5984499, -33.0360826 ] ] } },
{ "type": "Feature", "properties": { "osm_id": "way/481047362", "name": null, "source": "OpenStreetMap/Overpass", "highway": "service", "surface": "unpaved", "feature_type": "road", "nearest_transect_id": "T29", "erosion_rate_m_per_year": 0.916, "distance_to_shoreline_m": 605.2, "years_to_impact": 660.6, "risk_level": "bajo", "risk_explanation": "Impacto estimado después de 30 años", "horizon_years": 30, "exposed_length_m": 0.0, "exposed_area_m2": null }, "geometry": { "type": "LineString", "coordinates": [ [ -71.5995513, -33.036810799999984 ], [ -71.5996814, -33.0369075 ], [ -71.5996948, -33.0369244 ], [ -71.5997109, -33.0369654 ], [ -71.5997243, -33.0369964 ], [ -71.5998141, -33.0370874 ], [ -71.5999253, -33.03717540000001 ], [ -71.600004500995169, -33.037219669744239 ] ] } },
{ "type": "Feature", "properties": { "osm_id": "way/333210755", "name": null, "source": "OpenStreetMap/Overpass", "highway": "footway", "surface": null, "feature_type": "road", "nearest_transect_id": "T29", "erosion_rate_m_per_year": 0.916, "distance_to_shoreline_m": 513.0, "years_to_impact": 559.9, "risk_level": "bajo", "risk_explanation": "Impacto estimado después de 30 años", "horizon_years": 30, "exposed_length_m": 0.0, "exposed_area_m2": null }, "geometry": { "type": "LineString", "coordinates": [ [ -71.5979114, -33.0370033 ], [ -71.5977641, -33.0370992 ], [ -71.5977629, -33.037111 ], [ -71.5977757, -33.037129 ], [ -71.5978933, -33.0372493 ] ] } },
{ "type": "Feature", "properties": { "osm_id": "way/33723104", "name": "Paseo Wheelwright", "source": "OpenStreetMap/Overpass", "highway": "pedestrian", "surface": null, "feature_type": "road", "nearest_transect_id": "T35", "erosion_rate_m_per_year": 0.105, "distance_to_shoreline_m": 0.0, "years_to_impact": 0.0, "risk_level": "critico", "risk_explanation": "Impacto estimado en menos de 10 años", "horizon_years": 30, "exposed_length_m": 251.0, "exposed_area_m2": null }, "geometry": { "type": "MultiLineString", "coordinates": [ [ [ -71.5923254, -33.0328721 ], [ -71.5924242, -33.0328981 ], [ -71.5931587, -33.033109 ], [ -71.5932109, -33.0330886 ], [ -71.5962629, -33.0339674 ], [ -71.5965737, -33.0340549 ], [ -71.5967698, -33.034113599999984 ], [ -71.5968876, -33.0341561 ], [ -71.5969948, -33.0342078 ], [ -71.5971021, -33.0342707 ], [ -71.5973244, -33.0343784 ], [ -71.5974397, -33.0344459 ], [ -71.5976141, -33.0345628 ], [ -71.5977116, -33.034625699999985 ], [ -71.5977917, -33.0346791 ], [ -71.5979003, -33.0347454 ], [ -71.5979822, -33.0348039 ], [ -71.598186, -33.034916299999985 ], [ -71.5983443, -33.0350265 ], [ -71.5985642, -33.0351816 ], [ -71.5987922, -33.0353435 ], [ -71.5989582, -33.035449 ], [ -71.5991033, -33.0355437 ], [ -71.5992401, -33.0356179 ], [ -71.5993801, -33.0356995 ], [ -71.5994842, -33.035764 ], [ -71.5999704291211, -33.036060141593254 ] ], [ [ -71.599967754451399, -33.035969117694428 ], [ -71.5991892, -33.0355122 ], [ -71.5992106, -33.035483 ], [ -71.5991409, -33.035447 ], [ -71.5991165, -33.0354737 ], [ -71.598878, -33.0353166 ], [ -71.5985427, -33.0350939 ], [ -71.5981377, -33.034830899999982 ], [ -71.5981511, -33.0347859 ], [ -71.5980489, -33.034725 ], [ -71.5980868, -33.0346757 ], [ -71.5979658, -33.0345361 ], [ -71.5979339, -33.034574499999984 ], [ -71.5978266, -33.0345026 ], [ -71.5978266, -33.0344666 ], [ -71.5977834, -33.0344439 ], [ -71.5977086, -33.0344621 ], [ -71.5977032, -33.0343901 ], [ -71.5976305, -33.0343517 ], [ -71.597604, -33.0343834 ], [ -71.5975179, -33.034329199999988 ], [ -71.5973921, -33.0343587 ], [ -71.5973274, -33.034309 ], [ -71.597266, -33.0342687 ], [ -71.5972043, -33.034235 ], [ -71.5971393, -33.0341942 ], [ -71.5970627, -33.034153 ], [ -71.5969779, -33.0341196 ], [ -71.5968822, -33.0340863 ], [ -71.5967469, -33.0340436 ], [ -71.5965527, -33.0339861 ], [ -71.5964426, -33.0339494 ], [ -71.5962894, -33.0339042 ], [ -71.5962697, -33.0338999 ], [ -71.596221, -33.0338835 ], [ -71.5961475, -33.033864 ], [ -71.5959461, -33.0337968 ], [ -71.5958909, -33.033780299999989 ], [ -71.594540900000013, -33.033353600000012 ], [ -71.5943156, -33.0332952 ], [ -71.59415, -33.0332463 ], [ -71.5942043, -33.033213099999983 ], [ -71.594217, -33.033192899999989 ], [ -71.5941929, -33.0331766 ], [ -71.5941413, -33.0331603 ], [ -71.5941091, -33.03319 ], [ -71.5941299, -33.0331996 ], [ -71.594101, -33.0332316 ], [ -71.5938959, -33.0331732 ], [ -71.5935291, -33.0330697 ], [ -71.5932682, -33.0329905 ], [ -71.5933031, -33.0328972 ], [ -71.5930644, -33.0328275 ], [ -71.5930409, -33.0328775 ], [ -71.5929759, -33.0328601 ], [ -71.5929618, -33.0328769 ], [ -71.5929604, -33.0328775 ], [ -71.5924877, -33.0327398 ], [ -71.5923309, -33.032840099999987 ], [ -71.5923254, -33.0328721 ] ] ] } },
{ "type": "Feature", "properties": { "osm_id": "way/333210753", "name": null, "source": "OpenStreetMap/Overpass", "highway": "steps", "surface": null, "feature_type": "road", "nearest_transect_id": "T29", "erosion_rate_m_per_year": 0.916, "distance_to_shoreline_m": 482.3, "years_to_impact": 526.4, "risk_level": "bajo", "risk_explanation": "Impacto estimado después de 30 años", "horizon_years": 30, "exposed_length_m": 0.0, "exposed_area_m2": null }, "geometry": { "type": "LineString", "coordinates": [ [ -71.5974326, -33.0369545 ], [ -71.5976062, -33.0369932 ], [ -71.597682, -33.0369902 ], [ -71.5977886, -33.0369631 ], [ -71.5978515, -33.0369631 ], [ -71.5978768, -33.0369773 ], [ -71.59789360000002, -33.0369899 ], [ -71.5979114, -33.0370033 ], [ -71.598097700000011, -33.0370198 ] ] } },
{ "type": "Feature", "properties": { "osm_id": "way/313296854", "name": "Juan Elkins", "source": "OpenStreetMap/Overpass", "highway": "residential", "surface": "concrete", "feature_type": "road", "nearest_transect_id": "T29", "erosion_rate_m_per_year": 0.916, "distance_to_shoreline_m": 452.8, "years_to_impact": 494.2, "risk_level": "bajo", "risk_explanation": "Impacto estimado después de 30 años", "horizon_years": 30, "exposed_length_m": 0.0, "exposed_area_m2": null }, "geometry": { "type": "LineString", "coordinates": [ [ -71.5970836, -33.0374956 ], [ -71.5971333, -33.037456699999986 ], [ -71.5972186, -33.0373228 ], [ -71.5974326, -33.0369545 ], [ -71.5976905, -33.036497199999985 ], [ -71.5976962, -33.0364738 ], [ -71.597691, -33.0364546 ] ] } },
{ "type": "Feature", "properties": { "osm_id": "way/313296850", "name": "Ciclovía Wheelwright", "source": "OpenStreetMap/Overpass", "highway": "cycleway", "surface": "asphalt", "feature_type": "road", "nearest_transect_id": "T35", "erosion_rate_m_per_year": 0.105, "distance_to_shoreline_m": 8.0, "years_to_impact": 75.9, "risk_level": "bajo", "risk_explanation": "Impacto estimado después de 30 años", "horizon_years": 30, "exposed_length_m": 0.0, "exposed_area_m2": null }, "geometry": { "type": "LineString", "coordinates": [ [ -71.5923309, -33.032840099999987 ], [ -71.5931497, -33.0330738 ], [ -71.5932134, -33.033055 ], [ -71.5963596, -33.0339609 ], [ -71.5965326, -33.0340115 ], [ -71.5967028, -33.0340685 ], [ -71.5968698, -33.034131600000016 ], [ -71.5970334, -33.0342008 ], [ -71.597205, -33.034281799999988 ], [ -71.5973719, -33.0343696 ], [ -71.5975336, -33.0344638 ], [ -71.5976899, -33.0345644 ], [ -71.5979286, -33.0347454 ], [ -71.5979954, -33.0348002 ], [ -71.5982357, -33.0349428 ], [ -71.5985586, -33.0351768 ], [ -71.5988644, -33.0353457 ], [ -71.5991279, -33.0355137 ], [ -71.5995031, -33.0357255 ], [ -71.599970031269976, -33.036046601992247 ] ] } },
{ "type": "Feature", "properties": { "osm_id": "way/333210754", "name": null, "source": "OpenStreetMap/Overpass", "highway": "footway", "surface": null, "feature_type": "road", "nearest_transect_id": "T29", "erosion_rate_m_per_year": 0.916, "distance_to_shoreline_m": 481.5, "years_to_impact": 525.6, "risk_level": "bajo", "risk_explanation": "Impacto estimado después de 30 años", "horizon_years": 30, "exposed_length_m": 0.0, "exposed_area_m2": null }, "geometry": { "type": "LineString", "coordinates": [ [ -71.5978515, -33.0369631 ], [ -71.5978828, -33.0368863 ], [ -71.597889, -33.0368314 ], [ -71.597915, -33.0367439 ], [ -71.5979431, -33.0366635 ], [ -71.5979585, -33.0366019 ] ] } },
{ "type": "Feature", "properties": { "osm_id": "way/23915594", "name": null, "source": "OpenStreetMap/Overpass", "highway": "primary_link", "surface": "concrete", "feature_type": "road", "nearest_transect_id": "T29", "erosion_rate_m_per_year": 0.916, "distance_to_shoreline_m": 515.5, "years_to_impact": 562.7, "risk_level": "bajo", "risk_explanation": "Impacto estimado después de 30 años", "horizon_years": 30, "exposed_length_m": 0.0, "exposed_area_m2": null }, "geometry": { "type": "LineString", "coordinates": [ [ -71.5982631, -33.0368188 ], [ -71.598392700000019, -33.0366954 ], [ -71.5984788, -33.036608 ], [ -71.598576, -33.0365739 ], [ -71.5986215, -33.0365655 ], [ -71.5987242, -33.036569 ], [ -71.5988318, -33.036593 ], [ -71.599085, -33.0367198 ] ] } },
{ "type": "Feature", "properties": { "osm_id": "way/1083025945", "name": "Avenida España", "source": "OpenStreetMap/Overpass", "highway": "primary", "surface": "concrete", "feature_type": "road", "nearest_transect_id": "T29", "erosion_rate_m_per_year": 0.916, "distance_to_shoreline_m": 516.2, "years_to_impact": 563.4, "risk_level": "bajo", "risk_explanation": "Impacto estimado después de 30 años", "horizon_years": 30, "exposed_length_m": 0.0, "exposed_area_m2": null }, "geometry": { "type": "LineString", "coordinates": [ [ -71.5988125, -33.036303599999989 ], [ -71.599085, -33.0367198 ] ] } },
{ "type": "Feature", "properties": { "osm_id": "way/426587748", "name": null, "source": "OpenStreetMap/Overpass", "highway": "footway", "surface": null, "feature_type": "road", "nearest_transect_id": "T29", "erosion_rate_m_per_year": 0.916, "distance_to_shoreline_m": 511.9, "years_to_impact": 558.7, "risk_level": "bajo", "risk_explanation": "Impacto estimado después de 30 años", "horizon_years": 30, "exposed_length_m": 0.0, "exposed_area_m2": null }, "geometry": { "type": "LineString", "coordinates": [ [ -71.5986353, -33.03641910000001 ], [ -71.5985897, -33.0364668 ], [ -71.5985877, -33.036471 ], [ -71.5985877, -33.0364781 ], [ -71.5986215, -33.0365655 ] ] } },
{ "type": "Feature", "properties": { "osm_id": "way/426587747", "name": "Pasarela Yolanda 1", "source": "OpenStreetMap/Overpass", "highway": "steps", "surface": "metal", "feature_type": "road", "nearest_transect_id": "T29", "erosion_rate_m_per_year": 0.916, "distance_to_shoreline_m": 511.9, "years_to_impact": 558.7, "risk_level": "bajo", "risk_explanation": "Impacto estimado después de 30 años", "horizon_years": 30, "exposed_length_m": 0.0, "exposed_area_m2": null }, "geometry": { "type": "LineString", "coordinates": [ [ -71.5986877, -33.0364959 ], [ -71.5986353, -33.03641910000001 ] ] } },
{ "type": "Feature", "properties": { "osm_id": "way/552977211", "name": "Avenida Los Placeres", "source": "OpenStreetMap/Overpass", "highway": "secondary", "surface": "concrete", "feature_type": "road", "nearest_transect_id": "T38", "erosion_rate_m_per_year": -0.3, "distance_to_shoreline_m": 316.3, "years_to_impact": null, "risk_level": "bajo", "risk_explanation": "Sin avance erosivo positivo medido", "horizon_years": 30, "exposed_length_m": 0.0, "exposed_area_m2": null }, "geometry": { "type": "LineString", "coordinates": [ [ -71.5929032, -33.0359002 ], [ -71.5934235, -33.036084 ], [ -71.5939888, -33.0362796 ], [ -71.5948443, -33.0365839 ], [ -71.5951911, -33.036701499999985 ], [ -71.595246, -33.0367229 ], [ -71.5953093, -33.0367465 ] ] } },
{ "type": "Feature", "properties": { "osm_id": "way/1297788254", "name": null, "source": "OpenStreetMap/Overpass", "highway": "footway", "surface": null, "feature_type": "road", "nearest_transect_id": "T38", "erosion_rate_m_per_year": -0.3, "distance_to_shoreline_m": 322.0, "years_to_impact": null, "risk_level": "bajo", "risk_explanation": "Sin avance erosivo positivo medido", "horizon_years": 30, "exposed_length_m": 0.0, "exposed_area_m2": null }, "geometry": { "type": "LineString", "coordinates": [ [ -71.5945431, -33.0362563 ], [ -71.5945146, -33.036309 ] ] } },
{ "type": "Feature", "properties": { "osm_id": "way/1297788264", "name": "pasillo 3", "source": "OpenStreetMap/Overpass", "highway": "corridor", "surface": null, "feature_type": "road", "nearest_transect_id": "T38", "erosion_rate_m_per_year": -0.3, "distance_to_shoreline_m": 294.2, "years_to_impact": null, "risk_level": "bajo", "risk_explanation": "Sin avance erosivo positivo medido", "horizon_years": 30, "exposed_length_m": 0.0, "exposed_area_m2": null }, "geometry": { "type": "LineString", "coordinates": [ [ -71.5945697, -33.0362051 ], [ -71.5942122, -33.036076199999989 ], [ -71.5942186, -33.0360636 ], [ -71.5939078, -33.0359514 ] ] } },
{ "type": "Feature", "properties": { "osm_id": "way/1297788278", "name": "hall", "source": "OpenStreetMap/Overpass", "highway": "corridor", "surface": "concrete:plates", "feature_type": "road", "nearest_transect_id": "T38", "erosion_rate_m_per_year": -0.3, "distance_to_shoreline_m": 277.6, "years_to_impact": null, "risk_level": "bajo", "risk_explanation": "Sin avance erosivo positivo medido", "horizon_years": 30, "exposed_length_m": 0.0, "exposed_area_m2": null }, "geometry": { "type": "LineString", "coordinates": [ [ -71.5947546, -33.0358489 ], [ -71.5947145, -33.0359262 ], [ -71.5946416, -33.0360665 ], [ -71.5945697, -33.0362051 ], [ -71.5945431, -33.0362563 ] ] } },
{ "type": "Feature", "properties": { "osm_id": "way/1420116914", "name": null, "source": "OpenStreetMap/Overpass", "highway": "service", "surface": "paved", "feature_type": "road", "nearest_transect_id": "T38", "erosion_rate_m_per_year": -0.3, "distance_to_shoreline_m": 306.9, "years_to_impact": null, "risk_level": "bajo", "risk_explanation": "Sin avance erosivo positivo medido", "horizon_years": 30, "exposed_length_m": 0.0, "exposed_area_m2": null }, "geometry": { "type": "LineString", "coordinates": [ [ -71.593476800000019, -33.0359721 ], [ -71.5934235, -33.036084 ] ] } },
{ "type": "Feature", "properties": { "osm_id": "way/1297788268", "name": "pasillo 4", "source": "OpenStreetMap/Overpass", "highway": "corridor", "surface": "concrete:plates", "feature_type": "road", "nearest_transect_id": "T38", "erosion_rate_m_per_year": -0.3, "distance_to_shoreline_m": 282.9, "years_to_impact": null, "risk_level": "bajo", "risk_explanation": "Sin avance erosivo positivo medido", "horizon_years": 30, "exposed_length_m": 0.0, "exposed_area_m2": null }, "geometry": { "type": "LineString", "coordinates": [ [ -71.5947145, -33.0359262 ], [ -71.5947431, -33.0359365 ], [ -71.5947634, -33.0358969 ], [ -71.5954193, -33.0361336 ] ] } },
{ "type": "Feature", "properties": { "osm_id": "way/1541065437", "name": null, "source": "OpenStreetMap/Overpass", "highway": "footway", "surface": null, "feature_type": "road", "nearest_transect_id": "T34", "erosion_rate_m_per_year": 0.241, "distance_to_shoreline_m": 321.9, "years_to_impact": 1338.4, "risk_level": "bajo", "risk_explanation": "Impacto estimado después de 30 años", "horizon_years": 30, "exposed_length_m": 0.0, "exposed_area_m2": null }, "geometry": { "type": "LineString", "coordinates": [ [ -71.5927489, -33.0359099 ], [ -71.59277, -33.0359195 ], [ -71.5927936, -33.035932100000011 ], [ -71.5928202, -33.0359423 ], [ -71.5928498, -33.0359557 ] ] } },
{ "type": "Feature", "properties": { "osm_id": "way/687247046", "name": null, "source": "OpenStreetMap/Overpass", "highway": "service", "surface": "paved", "feature_type": "road", "nearest_transect_id": "T38", "erosion_rate_m_per_year": -0.3, "distance_to_shoreline_m": 291.0, "years_to_impact": null, "risk_level": "bajo", "risk_explanation": "Sin avance erosivo positivo medido", "horizon_years": 30, "exposed_length_m": 0.0, "exposed_area_m2": null }, "geometry": { "type": "LineString", "coordinates": [ [ -71.5935411, -33.0358389 ], [ -71.593476800000019, -33.0359721 ] ] } },
{ "type": "Feature", "properties": { "osm_id": "way/1278343163", "name": "Avenida Los Placeres", "source": "OpenStreetMap/Overpass", "highway": "secondary", "surface": "concrete", "feature_type": "road", "nearest_transect_id": "T34", "erosion_rate_m_per_year": 0.241, "distance_to_shoreline_m": 316.3, "years_to_impact": 1315.0, "risk_level": "bajo", "risk_explanation": "Impacto estimado después de 30 años", "horizon_years": 30, "exposed_length_m": 0.0, "exposed_area_m2": null }, "geometry": { "type": "LineString", "coordinates": [ [ -71.5929032, -33.0359002 ], [ -71.5928907, -33.0359009 ], [ -71.5928594, -33.0359015 ], [ -71.592808, -33.0359018 ] ] } },
{ "type": "Feature", "properties": { "osm_id": "way/1297788246", "name": "pasillo 2", "source": "OpenStreetMap/Overpass", "highway": "corridor", "surface": "concrete:plates", "feature_type": "road", "nearest_transect_id": "T38", "erosion_rate_m_per_year": -0.3, "distance_to_shoreline_m": 268.9, "years_to_impact": null, "risk_level": "bajo", "risk_explanation": "Sin avance erosivo positivo medido", "horizon_years": 30, "exposed_length_m": 0.0, "exposed_area_m2": null }, "geometry": { "type": "LineString", "coordinates": [ [ -71.5946416, -33.0360665 ], [ -71.5943699, -33.0359685 ], [ -71.5943845, -33.03594 ], [ -71.5939816, -33.0357947 ], [ -71.5940007, -33.0357575 ], [ -71.5938746, -33.035712 ] ] } },
{ "type": "Feature", "properties": { "osm_id": "way/426587746", "name": "Pasarela Yolanda 1", "source": "OpenStreetMap/Overpass", "highway": "footway", "surface": "metal", "feature_type": "road", "nearest_transect_id": "T29", "erosion_rate_m_per_year": 0.916, "distance_to_shoreline_m": 521.2, "years_to_impact": 568.9, "risk_level": "bajo", "risk_explanation": "Impacto estimado después de 30 años", "horizon_years": 30, "exposed_length_m": 0.0, "exposed_area_m2": null }, "geometry": { "type": "LineString", "coordinates": [ [ -71.598959, -33.0363408 ], [ -71.5986877, -33.0364959 ] ] } },
{ "type": "Feature", "properties": { "osm_id": "way/358643382", "name": null, "source": "OpenStreetMap/Overpass", "highway": "service", "surface": null, "feature_type": "road", "nearest_transect_id": "T29", "erosion_rate_m_per_year": 0.916, "distance_to_shoreline_m": 438.9, "years_to_impact": 479.0, "risk_level": "bajo", "risk_explanation": "Impacto estimado después de 30 años", "horizon_years": 30, "exposed_length_m": 0.0, "exposed_area_m2": null }, "geometry": { "type": "LineString", "coordinates": [ [ -71.597691, -33.0364546 ], [ -71.5978183, -33.0361873 ] ] } },
{ "type": "Feature", "properties": { "osm_id": "way/288254098", "name": "Pasarela Yolanda 1", "source": "OpenStreetMap/Overpass", "highway": "steps", "surface": "metal", "feature_type": "road", "nearest_transect_id": "T29", "erosion_rate_m_per_year": 0.916, "distance_to_shoreline_m": 516.2, "years_to_impact": 563.4, "risk_level": "bajo", "risk_explanation": "Impacto estimado después de 30 años", "horizon_years": 30, "exposed_length_m": 0.0, "exposed_area_m2": null }, "geometry": { "type": "LineString", "coordinates": [ [ -71.598891, -33.0362216 ], [ -71.598959, -33.0363408 ] ] } },
{ "type": "Feature", "properties": { "osm_id": "way/217317719", "name": "Empresa", "source": "OpenStreetMap/Overpass", "highway": "living_street", "surface": "concrete", "feature_type": "road", "nearest_transect_id": "T29", "erosion_rate_m_per_year": 0.916, "distance_to_shoreline_m": 361.1, "years_to_impact": 394.2, "risk_level": "bajo", "risk_explanation": "Impacto estimado después de 30 años", "horizon_years": 30, "exposed_length_m": 0.0, "exposed_area_m2": null }, "geometry": { "type": "LineString", "coordinates": [ [ -71.597691, -33.0364546 ], [ -71.5976778, -33.036439 ], [ -71.5976563, -33.036428 ], [ -71.5973925, -33.0363351 ], [ -71.5971346, -33.0362378 ], [ -71.5966506, -33.0360811 ] ] } },
{ "type": "Feature", "properties": { "osm_id": "way/586997173", "name": "Avenida España", "source": "OpenStreetMap/Overpass", "highway": "primary", "surface": "concrete", "feature_type": "road", "nearest_transect_id": "T29", "erosion_rate_m_per_year": 0.916, "distance_to_shoreline_m": 478.4, "years_to_impact": 522.1, "risk_level": "bajo", "risk_explanation": "Impacto estimado después de 30 años", "horizon_years": 30, "exposed_length_m": 0.0, "exposed_area_m2": null }, "geometry": { "type": "LineString", "coordinates": [ [ -71.5985817, -33.0360009 ], [ -71.5988125, -33.036303599999989 ] ] } },
{ "type": "Feature", "properties": { "osm_id": "way/358643383", "name": null, "source": "OpenStreetMap/Overpass", "highway": "service", "surface": null, "feature_type": "road", "nearest_transect_id": "T29", "erosion_rate_m_per_year": 0.916, "distance_to_shoreline_m": 400.8, "years_to_impact": 437.5, "risk_level": "bajo", "risk_explanation": "Impacto estimado después de 30 años", "horizon_years": 30, "exposed_length_m": 0.0, "exposed_area_m2": null }, "geometry": { "type": "LineString", "coordinates": [ [ -71.5973925, -33.0363351 ], [ -71.5976065, -33.0358809 ] ] } },
{ "type": "Feature", "properties": { "osm_id": "way/554296202", "name": "Avenida España", "source": "OpenStreetMap/Overpass", "highway": "primary", "surface": "concrete", "feature_type": "road", "nearest_transect_id": "T29", "erosion_rate_m_per_year": 0.916, "distance_to_shoreline_m": 466.3, "years_to_impact": 509.0, "risk_level": "bajo", "risk_explanation": "Impacto estimado después de 30 años", "horizon_years": 30, "exposed_length_m": 0.0, "exposed_area_m2": null }, "geometry": { "type": "LineString", "coordinates": [ [ -71.5984499, -33.0360826 ], [ -71.5984194, -33.0359984 ] ] } },
{ "type": "Feature", "properties": { "osm_id": "way/358643384", "name": null, "source": "OpenStreetMap/Overpass", "highway": "service", "surface": null, "feature_type": "road", "nearest_transect_id": "T29", "erosion_rate_m_per_year": 0.916, "distance_to_shoreline_m": 377.2, "years_to_impact": 411.7, "risk_level": "bajo", "risk_explanation": "Impacto estimado después de 30 años", "horizon_years": 30, "exposed_length_m": 0.0, "exposed_area_m2": null }, "geometry": { "type": "LineString", "coordinates": [ [ -71.5971346, -33.0362378 ], [ -71.5973268, -33.0358232 ], [ -71.5973481, -33.0357971 ] ] } },
{ "type": "Feature", "properties": { "osm_id": "way/700590077", "name": null, "source": "OpenStreetMap/Overpass", "highway": "steps", "surface": null, "feature_type": "road", "nearest_transect_id": "T35", "erosion_rate_m_per_year": 0.105, "distance_to_shoreline_m": 504.9, "years_to_impact": 4789.7, "risk_level": "bajo", "risk_explanation": "Impacto estimado después de 30 años", "horizon_years": 30, "exposed_length_m": 0.0, "exposed_area_m2": null }, "geometry": { "type": "LineString", "coordinates": [ [ -71.5989263, -33.0360115 ], [ -71.5990546, -33.0360065 ] ] } },
{ "type": "Feature", "properties": { "osm_id": "way/313296855", "name": null, "source": "OpenStreetMap/Overpass", "highway": "pedestrian", "surface": null, "feature_type": "road", "nearest_transect_id": "T29", "erosion_rate_m_per_year": 0.916, "distance_to_shoreline_m": 392.8, "years_to_impact": 428.8, "risk_level": "bajo", "risk_explanation": "Impacto estimado después de 30 años", "horizon_years": 30, "exposed_length_m": 0.0, "exposed_area_m2": null }, "geometry": { "type": "LineString", "coordinates": [ [ -71.5976071, -33.0357759 ], [ -71.5976387, -33.035812 ], [ -71.5977025, -33.0359389 ], [ -71.5978563, -33.0360979 ], [ -71.5980047, -33.0362308 ], [ -71.5978761, -33.0361881 ], [ -71.5978678, -33.0362035 ], [ -71.5978183, -33.0361873 ], [ -71.5978458, -33.0361296 ], [ -71.5976993, -33.036005399999986 ], [ -71.5976334, -33.0358779 ], [ -71.5976126, -33.0358527 ], [ -71.5976071, -33.0357759 ] ] } },
{ "type": "Feature", "properties": { "osm_id": "way/1297788258", "name": null, "source": "OpenStreetMap/Overpass", "highway": "steps", "surface": "concrete:plates", "feature_type": "road", "nearest_transect_id": "T29", "erosion_rate_m_per_year": 0.916, "distance_to_shoreline_m": 319.2, "years_to_impact": 348.3, "risk_level": "bajo", "risk_explanation": "Impacto estimado después de 30 años", "horizon_years": 30, "exposed_length_m": 0.0, "exposed_area_m2": null }, "geometry": { "type": "LineString", "coordinates": [ [ -71.5954226, -33.0361347 ], [ -71.5954193, -33.0361336 ] ] } },
{ "type": "Feature", "properties": { "osm_id": "way/1278343083", "name": null, "source": "OpenStreetMap/Overpass", "highway": "service", "surface": null, "feature_type": "road", "nearest_transect_id": "T29", "erosion_rate_m_per_year": 0.916, "distance_to_shoreline_m": 312.0, "years_to_impact": 340.6, "risk_level": "bajo", "risk_explanation": "Impacto estimado después de 30 años", "horizon_years": 30, "exposed_length_m": 0.0, "exposed_area_m2": null }, "geometry": { "type": "LineString", "coordinates": [ [ -71.5954385, -33.0362183 ], [ -71.5954776, -33.036120699999984 ], [ -71.5954896, -33.0360771 ], [ -71.5955062, -33.036046 ] ] } },
{ "type": "Feature", "properties": { "osm_id": "way/217317716", "name": "Empresa", "source": "OpenStreetMap/Overpass", "highway": "residential", "surface": "concrete", "feature_type": "road", "nearest_transect_id": "T29", "erosion_rate_m_per_year": 0.916, "distance_to_shoreline_m": 308.5, "years_to_impact": 336.7, "risk_level": "bajo", "risk_explanation": "Impacto estimado después de 30 años", "horizon_years": 30, "exposed_length_m": 0.0, "exposed_area_m2": null }, "geometry": { "type": "LineString", "coordinates": [ [ -71.5961341, -33.035789199999989 ], [ -71.5966382, -33.0359692 ], [ -71.5966692, -33.036 ], [ -71.596669, -33.0360411 ], [ -71.5966506, -33.0360811 ] ] } },
{ "type": "Feature", "properties": { "osm_id": "way/36034914", "name": "Quezada Acharan", "source": "OpenStreetMap/Overpass", "highway": "service", "surface": "asphalt", "feature_type": "road", "nearest_transect_id": "T29", "erosion_rate_m_per_year": 0.916, "distance_to_shoreline_m": 256.6, "years_to_impact": 280.1, "risk_level": "bajo", "risk_explanation": "Impacto estimado después de 30 años", "horizon_years": 30, "exposed_length_m": 0.0, "exposed_area_m2": null }, "geometry": { "type": "LineString", "coordinates": [ [ -71.5956694, -33.0361012 ], [ -71.5955062, -33.036046 ], [ -71.5953389, -33.0359839 ], [ -71.594816, -33.0357922 ], [ -71.5947917, -33.0357833 ], [ -71.5947202, -33.0357568 ], [ -71.5944748, -33.0356659 ] ] } },
{ "type": "Feature", "properties": { "osm_id": "way/1278343180", "name": "Carlos van Buren", "source": "OpenStreetMap/Overpass", "highway": "service", "surface": null, "feature_type": "road", "nearest_transect_id": "T29", "erosion_rate_m_per_year": 0.916, "distance_to_shoreline_m": 261.9, "years_to_impact": 285.8, "risk_level": "bajo", "risk_explanation": "Impacto estimado después de 30 años", "horizon_years": 30, "exposed_length_m": 0.0, "exposed_area_m2": null }, "geometry": { "type": "LineString", "coordinates": [ [ -71.5969074, -33.035572399999985 ], [ -71.5967797, -33.0356109 ], [ -71.596633, -33.0356434 ], [ -71.5963277, -33.0356396 ], [ -71.5962132, -33.0356563 ], [ -71.5961558, -33.035641 ], [ -71.595789, -33.0354903 ], [ -71.5957617, -33.0354845 ], [ -71.5957483, -33.0354849 ], [ -71.5957367, -33.0354884 ], [ -71.5957257, -33.0354964 ], [ -71.5957003, -33.0355247 ], [ -71.5956938, -33.0355534 ], [ -71.595699, -33.035573 ], [ -71.5957179, -33.0355933 ], [ -71.5958487, -33.0356534 ], [ -71.5958747, -33.0356725 ], [ -71.5958989, -33.0357006 ], [ -71.5959156, -33.0357352 ], [ -71.5959124, -33.03578670000001 ], [ -71.5958545, -33.0359007 ], [ -71.5957863, -33.0360087 ], [ -71.5957285, -33.036061 ], [ -71.5956694, -33.0361012 ] ] } },
{ "type": "Feature", "properties": { "osm_id": "way/1278343068", "name": null, "source": "OpenStreetMap/Overpass", "highway": "steps", "surface": null, "feature_type": "road", "nearest_transect_id": "T29", "erosion_rate_m_per_year": 0.916, "distance_to_shoreline_m": 293.8, "years_to_impact": 320.7, "risk_level": "bajo", "risk_explanation": "Impacto estimado después de 30 años", "horizon_years": 30, "exposed_length_m": 0.0, "exposed_area_m2": null }, "geometry": { "type": "LineString", "coordinates": [ [ -71.5959156, -33.0357352 ], [ -71.5959744, -33.0357245 ], [ -71.5962132, -33.0356563 ] ] } },
{ "type": "Feature", "properties": { "osm_id": "way/552977214", "name": "San Luis", "source": "OpenStreetMap/Overpass", "highway": "tertiary", "surface": "concrete", "feature_type": "road", "nearest_transect_id": "T29", "erosion_rate_m_per_year": 0.916, "distance_to_shoreline_m": 308.5, "years_to_impact": 336.7, "risk_level": "bajo", "risk_explanation": "Impacto estimado después de 30 años", "horizon_years": 30, "exposed_length_m": 0.0, "exposed_area_m2": null }, "geometry": { "type": "LineString", "coordinates": [ [ -71.5975003, -33.0354498 ], [ -71.5974149, -33.0354864 ], [ -71.5970595, -33.0356493 ], [ -71.596803, -33.0357515 ], [ -71.5966621, -33.035783499999987 ], [ -71.5964799, -33.035785299999986 ], [ -71.5962526, -33.0357618 ], [ -71.5961906, -33.0357665 ], [ -71.5961341, -33.035789199999989 ] ] } },
{ "type": "Feature", "properties": { "osm_id": "way/1278343042", "name": "Universidad Técnica Federico Santa María", "source": "OpenStreetMap/Overpass", "highway": "service", "surface": null, "feature_type": "road", "nearest_transect_id": "T29", "erosion_rate_m_per_year": 0.916, "distance_to_shoreline_m": 292.2, "years_to_impact": 318.9, "risk_level": "bajo", "risk_explanation": "Impacto estimado después de 30 años", "horizon_years": 30, "exposed_length_m": 0.0, "exposed_area_m2": null }, "geometry": { "type": "LineString", "coordinates": [ [ -71.5964647, -33.0354294 ], [ -71.5965171, -33.0354954 ], [ -71.596633, -33.0356434 ] ] } },
{ "type": "Feature", "properties": { "osm_id": "way/1278343074", "name": "Universidad Técnica Federico Santa María", "source": "OpenStreetMap/Overpass", "highway": "service", "surface": null, "feature_type": "road", "nearest_transect_id": "T29", "erosion_rate_m_per_year": 0.916, "distance_to_shoreline_m": 287.8, "years_to_impact": 314.2, "risk_level": "bajo", "risk_explanation": "Impacto estimado después de 30 años", "horizon_years": 30, "exposed_length_m": 0.0, "exposed_area_m2": null }, "geometry": { "type": "LineString", "coordinates": [ [ -71.5963277, -33.0356396 ], [ -71.5964155, -33.0354123 ] ] } },
{ "type": "Feature", "properties": { "osm_id": "way/543575890", "name": null, "source": "OpenStreetMap/Overpass", "highway": "footway", "surface": null, "feature_type": "road", "nearest_transect_id": "T29", "erosion_rate_m_per_year": 0.916, "distance_to_shoreline_m": 259.7, "years_to_impact": 283.5, "risk_level": "bajo", "risk_explanation": "Impacto estimado después de 30 años", "horizon_years": 30, "exposed_length_m": 0.0, "exposed_area_m2": null }, "geometry": { "type": "LineString", "coordinates": [ [ -71.5957134, -33.0354764 ], [ -71.5957257, -33.0354964 ] ] } },
{ "type": "Feature", "properties": { "osm_id": "way/552977212", "name": "Avenida Los Placeres", "source": "OpenStreetMap/Overpass", "highway": "secondary", "surface": "concrete", "feature_type": "road", "nearest_transect_id": "T34", "erosion_rate_m_per_year": 0.241, "distance_to_shoreline_m": 311.0, "years_to_impact": 1292.8, "risk_level": "bajo", "risk_explanation": "Impacto estimado después de 30 años", "horizon_years": 30, "exposed_length_m": 0.0, "exposed_area_m2": null }, "geometry": { "type": "LineString", "coordinates": [ [ -71.5928391, -33.0358311 ], [ -71.5928644, -33.0358424 ], [ -71.5928751, -33.0358486 ], [ -71.5929032, -33.0359002 ] ] } },
{ "type": "Feature", "properties": { "osm_id": "way/1278343162", "name": null, "source": "OpenStreetMap/Overpass", "highway": "footway", "surface": null, "feature_type": "road", "nearest_transect_id": "T33", "erosion_rate_m_per_year": 0.376, "distance_to_shoreline_m": 310.9, "years_to_impact": 827.6, "risk_level": "bajo", "risk_explanation": "Impacto estimado después de 30 años", "horizon_years": 30, "exposed_length_m": 0.0, "exposed_area_m2": null }, "geometry": { "type": "LineString", "coordinates": [ [ -71.5927489, -33.0359099 ], [ -71.5927397, -33.0358683 ], [ -71.5927557, -33.0358434 ], [ -71.5927751, -33.0358126 ] ] } },
{ "type": "Feature", "properties": { "osm_id": "way/552977209", "name": "Avenida Los Placeres", "source": "OpenStreetMap/Overpass", "highway": "secondary", "surface": "concrete", "feature_type": "road", "nearest_transect_id": "T33", "erosion_rate_m_per_year": 0.376, "distance_to_shoreline_m": 314.0, "years_to_impact": 835.9, "risk_level": "bajo", "risk_explanation": "Impacto estimado después de 30 años", "horizon_years": 30, "exposed_length_m": 0.0, "exposed_area_m2": null }, "geometry": { "type": "LineString", "coordinates": [ [ -71.592808, -33.0359018 ], [ -71.5927701, -33.0358869 ], [ -71.5927397, -33.0358683 ], [ -71.592691, -33.035818499999984 ] ] } },
{ "type": "Feature", "properties": { "osm_id": "way/1278343178", "name": "Avenida Los Placeres", "source": "OpenStreetMap/Overpass", "highway": "secondary", "surface": "concrete", "feature_type": "road", "nearest_transect_id": "T33", "erosion_rate_m_per_year": 0.376, "distance_to_shoreline_m": 310.9, "years_to_impact": 827.6, "risk_level": "bajo", "risk_explanation": "Impacto estimado después de 30 años", "horizon_years": 30, "exposed_length_m": 0.0, "exposed_area_m2": null }, "geometry": { "type": "LineString", "coordinates": [ [ -71.592691, -33.035818499999984 ], [ -71.5927751, -33.0358126 ], [ -71.5928298, -33.0358278 ], [ -71.5928391, -33.0358311 ] ] } },
{ "type": "Feature", "properties": { "osm_id": "way/754007119", "name": null, "source": "OpenStreetMap/Overpass", "highway": "footway", "surface": null, "feature_type": "road", "nearest_transect_id": "T34", "erosion_rate_m_per_year": 0.241, "distance_to_shoreline_m": 304.9, "years_to_impact": 1267.5, "risk_level": "bajo", "risk_explanation": "Impacto estimado después de 30 años", "horizon_years": 30, "exposed_length_m": 0.0, "exposed_area_m2": null }, "geometry": { "type": "LineString", "coordinates": [ [ -71.5928644, -33.0358424 ], [ -71.5928929, -33.0358057 ], [ -71.5929084, -33.0357929 ] ] } },
{ "type": "Feature", "properties": { "osm_id": "way/1276695236", "name": null, "source": "OpenStreetMap/Overpass", "highway": "steps", "surface": "concrete:plates", "feature_type": "road", "nearest_transect_id": "T38", "erosion_rate_m_per_year": -0.3, "distance_to_shoreline_m": 270.6, "years_to_impact": null, "risk_level": "bajo", "risk_explanation": "Sin avance erosivo positivo medido", "horizon_years": 30, "exposed_length_m": 0.0, "exposed_area_m2": null }, "geometry": { "type": "LineString", "coordinates": [ [ -71.5947917, -33.0357833 ], [ -71.5947546, -33.0358489 ] ] } },
{ "type": "Feature", "properties": { "osm_id": "way/1297788230", "name": "pasillo 1", "source": "OpenStreetMap/Overpass", "highway": "corridor", "surface": "concrete:plates", "feature_type": "road", "nearest_transect_id": "T38", "erosion_rate_m_per_year": -0.3, "distance_to_shoreline_m": 259.8, "years_to_impact": null, "risk_level": "bajo", "risk_explanation": "Sin avance erosivo positivo medido", "horizon_years": 30, "exposed_length_m": 0.0, "exposed_area_m2": null }, "geometry": { "type": "LineString", "coordinates": [ [ -71.5947145, -33.0359262 ], [ -71.5946585, -33.035906 ], [ -71.5946744, -33.0358749 ], [ -71.5940912, -33.0356645 ] ] } },
{ "type": "Feature", "properties": { "osm_id": "way/754007116", "name": null, "source": "OpenStreetMap/Overpass", "highway": "footway", "surface": null, "feature_type": "road", "nearest_transect_id": "T34", "erosion_rate_m_per_year": 0.241, "distance_to_shoreline_m": 289.7, "years_to_impact": 1204.6, "risk_level": "bajo", "risk_explanation": "Impacto estimado después de 30 años", "horizon_years": 30, "exposed_length_m": 0.0, "exposed_area_m2": null }, "geometry": { "type": "LineString", "coordinates": [ [ -71.5929084, -33.0357929 ], [ -71.5929895, -33.035672 ] ] } },
{ "type": "Feature", "properties": { "osm_id": "way/754007118", "name": null, "source": "OpenStreetMap/Overpass", "highway": "steps", "surface": null, "feature_type": "road", "nearest_transect_id": "T34", "erosion_rate_m_per_year": 0.241, "distance_to_shoreline_m": 283.4, "years_to_impact": 1178.0, "risk_level": "bajo", "risk_explanation": "Impacto estimado después de 30 años", "horizon_years": 30, "exposed_length_m": 0.0, "exposed_area_m2": null }, "geometry": { "type": "LineString", "coordinates": [ [ -71.5929895, -33.035672 ], [ -71.5930239, -33.0356211 ] ] } },
{ "type": "Feature", "properties": { "osm_id": "way/532585578", "name": "Quezada Acharan", "source": "OpenStreetMap/Overpass", "highway": "service", "surface": null, "feature_type": "road", "nearest_transect_id": "T38", "erosion_rate_m_per_year": -0.3, "distance_to_shoreline_m": 238.9, "years_to_impact": null, "risk_level": "bajo", "risk_explanation": "Sin avance erosivo positivo medido", "horizon_years": 30, "exposed_length_m": 0.0, "exposed_area_m2": null }, "geometry": { "type": "LineString", "coordinates": [ [ -71.5944748, -33.0356659 ], [ -71.5940447, -33.03552830000001 ], [ -71.5937779, -33.0354392 ], [ -71.5937246, -33.0354155 ], [ -71.5936043, -33.0353641 ] ] } },
{ "type": "Feature", "properties": { "osm_id": "way/1082782112", "name": null, "source": "OpenStreetMap/Overpass", "highway": "steps", "surface": null, "feature_type": "road", "nearest_transect_id": "T35", "erosion_rate_m_per_year": 0.105, "distance_to_shoreline_m": 499.2, "years_to_impact": 4736.3, "risk_level": "bajo", "risk_explanation": "Impacto estimado después de 30 años", "horizon_years": 30, "exposed_length_m": 0.0, "exposed_area_m2": null }, "geometry": { "type": "LineString", "coordinates": [ [ -71.5990637, -33.0359388 ], [ -71.5989084, -33.0359452 ] ] } },
{ "type": "Feature", "properties": { "osm_id": "way/700590078", "name": null, "source": "OpenStreetMap/Overpass", "highway": "footway", "surface": null, "feature_type": "road", "nearest_transect_id": "T35", "erosion_rate_m_per_year": 0.105, "distance_to_shoreline_m": 486.1, "years_to_impact": 4612.1, "risk_level": "bajo", "risk_explanation": "Impacto estimado después de 30 años", "horizon_years": 30, "exposed_length_m": 0.0, "exposed_area_m2": null }, "geometry": { "type": "LineString", "coordinates": [ [ -71.5988934, -33.0357538 ], [ -71.5989153, -33.0358788 ], [ -71.5989084, -33.0359452 ], [ -71.5989049, -33.0359789 ], [ -71.5989263, -33.0360115 ] ] } },
{ "type": "Feature", "properties": { "osm_id": "way/1082779132", "name": null, "source": "OpenStreetMap/Overpass", "highway": "footway", "surface": null, "feature_type": "road", "nearest_transect_id": "T35", "erosion_rate_m_per_year": 0.105, "distance_to_shoreline_m": 479.3, "years_to_impact": 4547.4, "risk_level": "bajo", "risk_explanation": "Impacto estimado después de 30 años", "horizon_years": 30, "exposed_length_m": 0.0, "exposed_area_m2": null }, "geometry": { "type": "LineString", "coordinates": [ [ -71.5988856, -33.0357678 ], [ -71.5988421, -33.0358213 ], [ -71.5986625, -33.035925400000011 ] ] } },
{ "type": "Feature", "properties": { "osm_id": "way/358643385", "name": null, "source": "OpenStreetMap/Overpass", "highway": "path", "surface": null, "feature_type": "road", "nearest_transect_id": "T29", "erosion_rate_m_per_year": 0.916, "distance_to_shoreline_m": 377.2, "years_to_impact": 411.7, "risk_level": "bajo", "risk_explanation": "Impacto estimado después de 30 años", "horizon_years": 30, "exposed_length_m": 0.0, "exposed_area_m2": null }, "geometry": { "type": "LineString", "coordinates": [ [ -71.5973481, -33.0357971 ], [ -71.5976065, -33.0358809 ] ] } },
{ "type": "Feature", "properties": { "osm_id": "way/700590079", "name": "Avenida España", "source": "OpenStreetMap/Overpass", "highway": "primary", "surface": "concrete", "feature_type": "road", "nearest_transect_id": "T29", "erosion_rate_m_per_year": 0.916, "distance_to_shoreline_m": 398.9, "years_to_impact": 435.4, "risk_level": "bajo", "risk_explanation": "Impacto estimado después de 30 años", "horizon_years": 30, "exposed_length_m": 0.0, "exposed_area_m2": null }, "geometry": { "type": "LineString", "coordinates": [ [ -71.5984194, -33.0359984 ], [ -71.5982723, -33.035771 ], [ -71.5980175, -33.0354401 ] ] } },
{ "type": "Feature", "properties": { "osm_id": "way/550280274", "name": "San Luis", "source": "OpenStreetMap/Overpass", "highway": "tertiary", "surface": "concrete", "feature_type": "road", "nearest_transect_id": "T29", "erosion_rate_m_per_year": 0.916, "distance_to_shoreline_m": 361.3, "years_to_impact": 394.4, "risk_level": "bajo", "risk_explanation": "Impacto estimado después de 30 años", "horizon_years": 30, "exposed_length_m": 0.0, "exposed_area_m2": null }, "geometry": { "type": "LineString", "coordinates": [ [ -71.5984194, -33.0359984 ], [ -71.5982663, -33.0359004 ], [ -71.5981532, -33.0357916 ], [ -71.5980405, -33.0356458 ], [ -71.5979519, -33.0355498 ], [ -71.5978716, -33.035502 ], [ -71.5977596, -33.0354631 ], [ -71.5976862, -33.0354476 ], [ -71.5975884, -33.035438499999984 ], [ -71.5975003, -33.0354498 ] ] } },
{ "type": "Feature", "properties": { "osm_id": "way/1082779130", "name": null, "source": "OpenStreetMap/Overpass", "highway": "path", "surface": null, "feature_type": "road", "nearest_transect_id": "T35", "erosion_rate_m_per_year": 0.105, "distance_to_shoreline_m": 465.3, "years_to_impact": 4413.9, "risk_level": "bajo", "risk_explanation": "Impacto estimado después de 30 años", "horizon_years": 30, "exposed_length_m": 0.0, "exposed_area_m2": null }, "geometry": { "type": "LineString", "coordinates": [ [ -71.5989055, -33.0357067 ], [ -71.5988964, -33.0356755 ], [ -71.5988754, -33.0356487 ], [ -71.598845, -33.0356291 ], [ -71.5988104, -33.0356194 ], [ -71.5987738, -33.0356194 ], [ -71.5987392, -33.035629 ], [ -71.5987099, -33.0356474 ], [ -71.5986892, -33.0356726 ], [ -71.598679, -33.035702 ], [ -71.5986804, -33.0357326 ], [ -71.5986934, -33.0357612 ], [ -71.5987165, -33.035785 ], [ -71.598749, -33.0358019 ], [ -71.5987864, -33.0358089 ], [ -71.5988245, -33.035805 ], [ -71.5988588, -33.0357908 ], [ -71.5988856, -33.0357678 ], [ -71.5988934, -33.0357538 ], [ -71.5989018, -33.035738699999989 ], [ -71.5989055, -33.0357067 ] ] } },
{ "type": "Feature", "properties": { "osm_id": "way/1082779133", "name": null, "source": "OpenStreetMap/Overpass", "highway": "path", "surface": null, "feature_type": "road", "nearest_transect_id": "T35", "erosion_rate_m_per_year": 0.105, "distance_to_shoreline_m": 436.9, "years_to_impact": 4144.9, "risk_level": "bajo", "risk_explanation": "Impacto estimado después de 30 años", "horizon_years": 30, "exposed_length_m": 0.0, "exposed_area_m2": null }, "geometry": { "type": "LineString", "coordinates": [ [ -71.598392, -33.0355865 ], [ -71.5984256, -33.0355928 ], [ -71.5985019, -33.035607 ], [ -71.5986892, -33.0356726 ] ] } },
{ "type": "Feature", "properties": { "osm_id": "way/1082779131", "name": null, "source": "OpenStreetMap/Overpass", "highway": "footway", "surface": null, "feature_type": "road", "nearest_transect_id": "T35", "erosion_rate_m_per_year": 0.105, "distance_to_shoreline_m": 355.7, "years_to_impact": 3374.2, "risk_level": "bajo", "risk_explanation": "Impacto estimado después de 30 años", "horizon_years": 30, "exposed_length_m": 0.0, "exposed_area_m2": null }, "geometry": { "type": "LineString", "coordinates": [ [ -71.5978207, -33.0349801 ], [ -71.5978952, -33.0349285 ], [ -71.5980061, -33.0350922 ], [ -71.598309, -33.0354834 ], [ -71.598392, -33.0355865 ], [ -71.598611, -33.0358586 ], [ -71.5986625, -33.035925400000011 ], [ -71.598891, -33.0362216 ], [ -71.5988125, -33.036303599999989 ] ] } },
{ "type": "Feature", "properties": { "osm_id": "way/25775532", "name": "Universidad Técnica Federico Santa María", "source": "OpenStreetMap/Overpass", "highway": "service", "surface": null, "feature_type": "road", "nearest_transect_id": "T29", "erosion_rate_m_per_year": 0.916, "distance_to_shoreline_m": 330.9, "years_to_impact": 361.2, "risk_level": "bajo", "risk_explanation": "Impacto estimado después de 30 años", "horizon_years": 30, "exposed_length_m": 0.0, "exposed_area_m2": null }, "geometry": { "type": "LineString", "coordinates": [ [ -71.5974149, -33.0354864 ], [ -71.5973553, -33.0354398 ], [ -71.5971838, -33.0355023 ], [ -71.5970672, -33.0355404 ], [ -71.5969494, -33.0355656 ], [ -71.5969074, -33.035572399999985 ] ] } },
{ "type": "Feature", "properties": { "osm_id": "way/1421601125", "name": null, "source": "OpenStreetMap/Overpass", "highway": "footway", "surface": null, "feature_type": "road", "nearest_transect_id": "T38", "erosion_rate_m_per_year": -0.3, "distance_to_shoreline_m": 231.1, "years_to_impact": null, "risk_level": "bajo", "risk_explanation": "Sin avance erosivo positivo medido", "horizon_years": 30, "exposed_length_m": 0.0, "exposed_area_m2": null }, "geometry": { "type": "LineString", "coordinates": [ [ -71.5943447, -33.0354304 ], [ -71.5942688, -33.0354635 ], [ -71.5941337, -33.0355153 ], [ -71.5940447, -33.03552830000001 ] ] } },
{ "type": "Feature", "properties": { "osm_id": "way/1278343148", "name": null, "source": "OpenStreetMap/Overpass", "highway": "steps", "surface": null, "feature_type": "road", "nearest_transect_id": "T34", "erosion_rate_m_per_year": 0.241, "distance_to_shoreline_m": 264.0, "years_to_impact": 1097.4, "risk_level": "bajo", "risk_explanation": "Impacto estimado después de 30 años", "horizon_years": 30, "exposed_length_m": 0.0, "exposed_area_m2": null }, "geometry": { "type": "LineString", "coordinates": [ [ -71.5929517, -33.0354724 ], [ -71.5931303, -33.0354668 ] ] } },
{ "type": "Feature", "properties": { "osm_id": "way/754007120", "name": null, "source": "OpenStreetMap/Overpass", "highway": "steps", "surface": null, "feature_type": "road", "nearest_transect_id": "T37", "erosion_rate_m_per_year": -0.165, "distance_to_shoreline_m": 241.1, "years_to_impact": null, "risk_level": "bajo", "risk_explanation": "Sin avance erosivo positivo medido", "horizon_years": 30, "exposed_length_m": 0.0, "exposed_area_m2": null }, "geometry": { "type": "LineString", "coordinates": [ [ -71.5937246, -33.0354155 ], [ -71.5935735, -33.0355142 ] ] } },
{ "type": "Feature", "properties": { "osm_id": "way/298986390", "name": null, "source": "OpenStreetMap/Overpass", "highway": "footway", "surface": null, "feature_type": "road", "nearest_transect_id": "T34", "erosion_rate_m_per_year": 0.241, "distance_to_shoreline_m": 235.6, "years_to_impact": 979.4, "risk_level": "bajo", "risk_explanation": "Impacto estimado después de 30 años", "horizon_years": 30, "exposed_length_m": 0.0, "exposed_area_m2": null }, "geometry": { "type": "LineString", "coordinates": [ [ -71.5930239, -33.0356211 ], [ -71.5931303, -33.0354668 ], [ -71.5931796, -33.0353895 ], [ -71.5932481, -33.0352914 ], [ -71.5932734, -33.0352376 ] ] } },
{ "type": "Feature", "properties": { "osm_id": "way/711883341", "name": null, "source": "OpenStreetMap/Overpass", "highway": "service", "surface": "paved", "feature_type": "road", "nearest_transect_id": "T37", "erosion_rate_m_per_year": -0.165, "distance_to_shoreline_m": 235.7, "years_to_impact": null, "risk_level": "bajo", "risk_explanation": "Sin avance erosivo positivo medido", "horizon_years": 30, "exposed_length_m": 0.0, "exposed_area_m2": null }, "geometry": { "type": "LineString", "coordinates": [ [ -71.5937906, -33.0356022 ], [ -71.5935735, -33.0355142 ], [ -71.5933862, -33.035433 ], [ -71.5933758, -33.0354232 ], [ -71.5933705, -33.0354089 ], [ -71.5933665, -33.0353971 ], [ -71.5933565, -33.0353533 ], [ -71.593346, -33.035315499999989 ], [ -71.5933293, -33.0352555 ] ] } },
{ "type": "Feature", "properties": { "osm_id": "way/1278343061", "name": "Agustín Edwards", "source": "OpenStreetMap/Overpass", "highway": "service", "surface": null, "feature_type": "road", "nearest_transect_id": "T38", "erosion_rate_m_per_year": -0.3, "distance_to_shoreline_m": 225.1, "years_to_impact": null, "risk_level": "bajo", "risk_explanation": "Sin avance erosivo positivo medido", "horizon_years": 30, "exposed_length_m": 0.0, "exposed_area_m2": null }, "geometry": { "type": "LineString", "coordinates": [ [ -71.5936043, -33.0353641 ], [ -71.5936823, -33.0353734 ], [ -71.593808, -33.0353937 ], [ -71.5940038, -33.0354583 ], [ -71.5940943, -33.0354724 ], [ -71.594154, -33.0354696 ], [ -71.594213, -33.0354482 ], [ -71.5942935, -33.0354066 ], [ -71.5943197, -33.0353924 ], [ -71.5943414, -33.0353759 ] ] } },
{ "type": "Feature", "properties": { "osm_id": "way/1278343087", "name": null, "source": "OpenStreetMap/Overpass", "highway": "steps", "surface": null, "feature_type": "road", "nearest_transect_id": "T29", "erosion_rate_m_per_year": 0.916, "distance_to_shoreline_m": 211.6, "years_to_impact": 230.9, "risk_level": "bajo", "risk_explanation": "Impacto estimado después de 30 años", "horizon_years": 30, "exposed_length_m": 0.0, "exposed_area_m2": null }, "geometry": { "type": "LineString", "coordinates": [ [ -71.5947982, -33.0352482 ], [ -71.5946985, -33.0352903 ] ] } },
{ "type": "Feature", "properties": { "osm_id": "way/543575892", "name": "Quezada Acharan", "source": "OpenStreetMap/Overpass", "highway": "service", "surface": null, "feature_type": "road", "nearest_transect_id": "T34", "erosion_rate_m_per_year": 0.241, "distance_to_shoreline_m": 234.8, "years_to_impact": 976.2, "risk_level": "bajo", "risk_explanation": "Impacto estimado después de 30 años", "horizon_years": 30, "exposed_length_m": 0.0, "exposed_area_m2": null }, "geometry": { "type": "LineString", "coordinates": [ [ -71.5936043, -33.0353641 ], [ -71.5933293, -33.0352555 ], [ -71.5932734, -33.0352376 ], [ -71.5930224, -33.0351588 ] ] } },
{ "type": "Feature", "properties": { "osm_id": "way/1105666805", "name": null, "source": "OpenStreetMap/Overpass", "highway": "footway", "surface": null, "feature_type": "road", "nearest_transect_id": "T29", "erosion_rate_m_per_year": 0.916, "distance_to_shoreline_m": 207.1, "years_to_impact": 226.0, "risk_level": "bajo", "risk_explanation": "Impacto estimado después de 30 años", "horizon_years": 30, "exposed_length_m": 0.0, "exposed_area_m2": null }, "geometry": { "type": "LineString", "coordinates": [ [ -71.5949284, -33.0351923 ], [ -71.5949224, -33.0351925 ], [ -71.5948835, -33.0352137 ], [ -71.5948124, -33.0352427 ], [ -71.5947982, -33.0352482 ] ] } },
{ "type": "Feature", "properties": { "osm_id": "way/1101594885", "name": null, "source": "OpenStreetMap/Overpass", "highway": "footway", "surface": null, "feature_type": "road", "nearest_transect_id": "T29", "erosion_rate_m_per_year": 0.916, "distance_to_shoreline_m": 204.2, "years_to_impact": 222.9, "risk_level": "bajo", "risk_explanation": "Impacto estimado después de 30 años", "horizon_years": 30, "exposed_length_m": 0.0, "exposed_area_m2": null }, "geometry": { "type": "LineString", "coordinates": [ [ -71.594614, -33.0351936 ], [ -71.5948835, -33.0352137 ] ] } },
{ "type": "Feature", "properties": { "osm_id": "way/1083025946", "name": "Avenida España", "source": "OpenStreetMap/Overpass", "highway": "primary", "surface": "concrete", "feature_type": "road", "nearest_transect_id": "T35", "erosion_rate_m_per_year": 0.105, "distance_to_shoreline_m": 355.7, "years_to_impact": 3374.2, "risk_level": "bajo", "risk_explanation": "Impacto estimado después de 30 años", "horizon_years": 30, "exposed_length_m": 0.0, "exposed_area_m2": null }, "geometry": { "type": "LineString", "coordinates": [ [ -71.5978207, -33.0349801 ], [ -71.5981482, -33.0354134 ], [ -71.5983549, -33.0357004 ], [ -71.5985817, -33.0360009 ] ] } },
{ "type": "Feature", "properties": { "osm_id": "way/1278343075", "name": "Carlos van Buren", "source": "OpenStreetMap/Overpass", "highway": "service", "surface": null, "feature_type": "road", "nearest_transect_id": "T29", "erosion_rate_m_per_year": 0.916, "distance_to_shoreline_m": 330.9, "years_to_impact": 361.2, "risk_level": "bajo", "risk_explanation": "Impacto estimado después de 30 años", "horizon_years": 30, "exposed_length_m": 0.0, "exposed_area_m2": null }, "geometry": { "type": "LineString", "coordinates": [ [ -71.5972761, -33.0353356 ], [ -71.5970751, -33.0354891 ], [ -71.5969074, -33.035572399999985 ] ] } },
{ "type": "Feature", "properties": { "osm_id": "way/288369534", "name": null, "source": "OpenStreetMap/Overpass", "highway": "steps", "surface": null, "feature_type": "road", "nearest_transect_id": "T29", "erosion_rate_m_per_year": 0.916, "distance_to_shoreline_m": 357.9, "years_to_impact": 390.7, "risk_level": "bajo", "risk_explanation": "Impacto estimado después de 30 años", "horizon_years": 30, "exposed_length_m": 0.0, "exposed_area_m2": null }, "geometry": { "type": "LineString", "coordinates": [ [ -71.5980175, -33.0354401 ], [ -71.597927, -33.0354806 ], [ -71.597682600000013, -33.0354131 ], [ -71.5975269, -33.0354071 ], [ -71.5974149, -33.0354864 ] ] } },
{ "type": "Feature", "properties": { "osm_id": "way/687247053", "name": null, "source": "OpenStreetMap/Overpass", "highway": "steps", "surface": null, "feature_type": "road", "nearest_transect_id": "T29", "erosion_rate_m_per_year": 0.916, "distance_to_shoreline_m": 339.3, "years_to_impact": 370.3, "risk_level": "bajo", "risk_explanation": "Impacto estimado después de 30 años", "horizon_years": 30, "exposed_length_m": 0.0, "exposed_area_m2": null }, "geometry": { "type": "LineString", "coordinates": [ [ -71.5972982, -33.0354111 ], [ -71.5971587, -33.0354731 ] ] } },
{ "type": "Feature", "properties": { "osm_id": "way/687247054", "name": null, "source": "OpenStreetMap/Overpass", "highway": "footway", "surface": null, "feature_type": "road", "nearest_transect_id": "T29", "erosion_rate_m_per_year": 0.916, "distance_to_shoreline_m": 326.9, "years_to_impact": 356.8, "risk_level": "bajo", "risk_explanation": "Impacto estimado después de 30 años", "horizon_years": 30, "exposed_length_m": 0.0, "exposed_area_m2": null }, "geometry": { "type": "LineString", "coordinates": [ [ -71.5971587, -33.0354731 ], [ -71.5970837, -33.0353774 ] ] } },
{ "type": "Feature", "properties": { "osm_id": "way/687247056", "name": null, "source": "OpenStreetMap/Overpass", "highway": "footway", "surface": null, "feature_type": "road", "nearest_transect_id": "T29", "erosion_rate_m_per_year": 0.916, "distance_to_shoreline_m": 345.4, "years_to_impact": 377.0, "risk_level": "bajo", "risk_explanation": "Impacto estimado después de 30 años", "horizon_years": 30, "exposed_length_m": 0.0, "exposed_area_m2": null }, "geometry": { "type": "LineString", "coordinates": [ [ -71.5973553, -33.0354398 ], [ -71.5973282, -33.0353986 ] ] } },
{ "type": "Feature", "properties": { "osm_id": "way/687247057", "name": null, "source": "OpenStreetMap/Overpass", "highway": "footway", "surface": null, "feature_type": "road", "nearest_transect_id": "T29", "erosion_rate_m_per_year": 0.916, "distance_to_shoreline_m": 341.9, "years_to_impact": 373.2, "risk_level": "bajo", "risk_explanation": "Impacto estimado después de 30 años", "horizon_years": 30, "exposed_length_m": 0.0, "exposed_area_m2": null }, "geometry": { "type": "LineString", "coordinates": [ [ -71.5975168, -33.0351705 ], [ -71.5974766, -33.035193 ], [ -71.597467200000011, -33.0352166 ], [ -71.5974525, -33.0353021 ], [ -71.5974256, -33.0353392 ], [ -71.5973282, -33.0353986 ], [ -71.5972982, -33.0354111 ] ] } },
{ "type": "Feature", "properties": { "osm_id": "way/481047363", "name": null, "source": "OpenStreetMap/Overpass", "highway": "footway", "surface": null, "feature_type": "road", "nearest_transect_id": "T35", "erosion_rate_m_per_year": 0.105, "distance_to_shoreline_m": 358.9, "years_to_impact": 3404.6, "risk_level": "bajo", "risk_explanation": "Impacto estimado después de 30 años", "horizon_years": 30, "exposed_length_m": 0.0, "exposed_area_m2": null }, "geometry": { "type": "LineString", "coordinates": [ [ -71.598845, -33.0356291 ], [ -71.5987394, -33.0355432 ], [ -71.5987095, -33.0355234 ], [ -71.598066, -33.0350643 ], [ -71.5978952, -33.0349285 ] ] } },
{ "type": "Feature", "properties": { "osm_id": "way/1278343045", "name": "Agustín Edwards", "source": "OpenStreetMap/Overpass", "highway": "service", "surface": null, "feature_type": "road", "nearest_transect_id": "T29", "erosion_rate_m_per_year": 0.916, "distance_to_shoreline_m": 271.5, "years_to_impact": 296.3, "risk_level": "bajo", "risk_explanation": "Impacto estimado después de 30 años", "horizon_years": 30, "exposed_length_m": 0.0, "exposed_area_m2": null }, "geometry": { "type": "LineString", "coordinates": [ [ -71.5969254, -33.0347513 ], [ -71.5971018, -33.034804 ], [ -71.597228500000014, -33.0348563 ], [ -71.5972862, -33.0348939 ], [ -71.5973277, -33.0349378 ], [ -71.5973512, -33.0349889 ], [ -71.5973626, -33.0350542 ], [ -71.5973552, -33.0351435 ], [ -71.5973351, -33.0352183 ], [ -71.5973116, -33.0352818 ], [ -71.5972761, -33.0353356 ] ] } },
{ "type": "Feature", "properties": { "osm_id": "way/550280267", "name": "Avenida España", "source": "OpenStreetMap/Overpass", "highway": "primary", "surface": "concrete", "feature_type": "road", "nearest_transect_id": "T35", "erosion_rate_m_per_year": 0.105, "distance_to_shoreline_m": 260.0, "years_to_impact": 2466.9, "risk_level": "bajo", "risk_explanation": "Impacto estimado después de 30 años", "horizon_years": 30, "exposed_length_m": 0.0, "exposed_area_m2": null }, "geometry": { "type": "LineString", "coordinates": [ [ -71.5980175, -33.0354401 ], [ -71.5976089, -33.0349012 ], [ -71.5975314, -33.0348243 ], [ -71.5974489, -33.0347511 ], [ -71.59736190000001, -33.0346818 ], [ -71.5972459, -33.0346002 ], [ -71.5971235, -33.0345254 ], [ -71.5969952, -33.0344579 ] ] } },
{ "type": "Feature", "properties": { "osm_id": "way/1278343140", "name": null, "source": "OpenStreetMap/Overpass", "highway": "steps", "surface": null, "feature_type": "road", "nearest_transect_id": "T29", "erosion_rate_m_per_year": 0.916, "distance_to_shoreline_m": 287.8, "years_to_impact": 314.2, "risk_level": "bajo", "risk_explanation": "Impacto estimado después de 30 años", "horizon_years": 30, "exposed_length_m": 0.0, "exposed_area_m2": null }, "geometry": { "type": "LineString", "coordinates": [ [ -71.5964155, -33.0354123 ], [ -71.5964647, -33.0354294 ], [ -71.5965472, -33.0354518 ], [ -71.5965804, -33.0354623 ] ] } },
{ "type": "Feature", "properties": { "osm_id": "way/479146378", "name": null, "source": "OpenStreetMap/Overpass", "highway": "footway", "surface": null, "feature_type": "road", "nearest_transect_id": "T29", "erosion_rate_m_per_year": 0.916, "distance_to_shoreline_m": 282.6, "years_to_impact": 308.5, "risk_level": "bajo", "risk_explanation": "Impacto estimado después de 30 años", "horizon_years": 30, "exposed_length_m": 0.0, "exposed_area_m2": null }, "geometry": { "type": "LineString", "coordinates": [ [ -71.5965171, -33.0354954 ], [ -71.5965804, -33.0354623 ], [ -71.5966736, -33.0353911 ], [ -71.5967239, -33.0352833 ], [ -71.5966484, -33.0351881 ], [ -71.5966437, -33.0351846 ] ] } },
{ "type": "Feature", "properties": { "osm_id": "way/1421802468", "name": null, "source": "OpenStreetMap/Overpass", "highway": "footway", "surface": null, "feature_type": "road", "nearest_transect_id": "T29", "erosion_rate_m_per_year": 0.916, "distance_to_shoreline_m": 224.7, "years_to_impact": 245.2, "risk_level": "bajo", "risk_explanation": "Impacto estimado después de 30 años", "horizon_years": 30, "exposed_length_m": 0.0, "exposed_area_m2": null }, "geometry": { "type": "LineString", "coordinates": [ [ -71.5957134, -33.0354764 ], [ -71.5956558, -33.0353787 ], [ -71.5956537, -33.0353609 ], [ -71.5958091, -33.0350744 ], [ -71.5958314, -33.0350664 ], [ -71.5959262, -33.0350905 ], [ -71.5959563, -33.0350789 ] ] } },
{ "type": "Feature", "properties": { "osm_id": "way/1278343036", "name": null, "source": "OpenStreetMap/Overpass", "highway": "footway", "surface": null, "feature_type": "road", "nearest_transect_id": "T29", "erosion_rate_m_per_year": 0.916, "distance_to_shoreline_m": 279.2, "years_to_impact": 304.8, "risk_level": "bajo", "risk_explanation": "Impacto estimado después de 30 años", "horizon_years": 30, "exposed_length_m": 0.0, "exposed_area_m2": null }, "geometry": { "type": "LineString", "coordinates": [ [ -71.5970837, -33.0353774 ], [ -71.5970783, -33.0353513 ], [ -71.597077, -33.0352886 ], [ -71.5967631, -33.035182899999988 ], [ -71.5967018, -33.0350919 ] ] } },
{ "type": "Feature", "properties": { "osm_id": "way/154421334", "name": "Patio Central", "source": "OpenStreetMap/Overpass", "highway": "pedestrian", "surface": null, "feature_type": "road", "nearest_transect_id": "T29", "erosion_rate_m_per_year": 0.916, "distance_to_shoreline_m": 198.6, "years_to_impact": 216.7, "risk_level": "bajo", "risk_explanation": "Impacto estimado después de 30 años", "horizon_years": 30, "exposed_length_m": 0.0, "exposed_area_m2": null }, "geometry": { "type": "LineString", "coordinates": [ [ -71.5957134, -33.0354764 ], [ -71.5957822, -33.0354592 ], [ -71.5958133, -33.0354003 ], [ -71.5959799, -33.035085 ], [ -71.5959563, -33.0350789 ], [ -71.5958954, -33.0350631 ], [ -71.5959022, -33.0350414 ], [ -71.595836500000019, -33.035017799999984 ], [ -71.59588, -33.0349327 ], [ -71.5956844, -33.0348624 ], [ -71.595531500000021, -33.0351616 ], [ -71.5954136, -33.0353922 ], [ -71.5955822, -33.0354528 ], [ -71.5955697, -33.0354772 ], [ -71.595668100000012, -33.0355126 ], [ -71.5956917, -33.035486599999984 ], [ -71.5957134, -33.0354764 ] ] } },
{ "type": "Feature", "properties": { "osm_id": "way/543575891", "name": "Agustín Edwards", "source": "OpenStreetMap/Overpass", "highway": "service", "surface": null, "feature_type": "road", "nearest_transect_id": "T29", "erosion_rate_m_per_year": 0.916, "distance_to_shoreline_m": 139.4, "years_to_impact": 152.2, "risk_level": "bajo", "risk_explanation": "Impacto estimado después de 30 años", "horizon_years": 30, "exposed_length_m": 0.0, "exposed_area_m2": null }, "geometry": { "type": "LineString", "coordinates": [ [ -71.5944748, -33.0356659 ], [ -71.5943954, -33.0356 ], [ -71.5943733, -33.035568 ], [ -71.5943592, -33.035528 ], [ -71.5943498, -33.0354819 ], [ -71.5943447, -33.0354304 ], [ -71.5943414, -33.0353759 ], [ -71.5943713, -33.0353279 ], [ -71.5944175, -33.0352751 ], [ -71.5944692, -33.0352391 ], [ -71.5945577, -33.0352155 ], [ -71.594614, -33.0351936 ], [ -71.5946633, -33.0351475 ], [ -71.5947266, -33.0350455 ], [ -71.5947444, -33.0350109 ], [ -71.5947671, -33.0349631 ], [ -71.5949661, -33.0346061 ], [ -71.594992, -33.0345904 ], [ -71.5950572, -33.0345572 ], [ -71.5950975, -33.0345297 ], [ -71.5951605, -33.0344971 ], [ -71.5952101, -33.0344847 ], [ -71.5952725, -33.0344914 ], [ -71.5956512, -33.0346335 ], [ -71.5959638, -33.0347438 ], [ -71.5960014, -33.03475 ], [ -71.5960296, -33.0347495 ], [ -71.5960604, -33.0347349 ], [ -71.596087, -33.0346979 ], [ -71.5961, -33.0346798 ], [ -71.5961254, -33.034648800000014 ], [ -71.5961757, -33.0345938 ], [ -71.5962166, -33.034564 ], [ -71.5962582, -33.0345482 ], [ -71.5962991, -33.0345403 ], [ -71.5963434, -33.0345426 ], [ -71.5964359, -33.0345679 ], [ -71.5967611, -33.0346769 ], [ -71.596846, -33.0347218 ] ] } },
{ "type": "Feature", "properties": { "osm_id": "way/1278343080", "name": null, "source": "OpenStreetMap/Overpass", "highway": "footway", "surface": null, "feature_type": "road", "nearest_transect_id": "T29", "erosion_rate_m_per_year": 0.916, "distance_to_shoreline_m": 226.4, "years_to_impact": 247.1, "risk_level": "bajo", "risk_explanation": "Impacto estimado después de 30 años", "horizon_years": 30, "exposed_length_m": 0.0, "exposed_area_m2": null }, "geometry": { "type": "LineString", "coordinates": [ [ -71.5960303, -33.0349632 ], [ -71.5962543, -33.0350378 ], [ -71.5966437, -33.0351846 ], [ -71.5967018, -33.0350919 ], [ -71.5967645, -33.0349788 ], [ -71.5971766, -33.035121 ] ] } },
{ "type": "Feature", "properties": { "osm_id": "way/1105666807", "name": null, "source": "OpenStreetMap/Overpass", "highway": "footway", "surface": null, "feature_type": "road", "nearest_transect_id": "T29", "erosion_rate_m_per_year": 0.916, "distance_to_shoreline_m": 181.0, "years_to_impact": 197.5, "risk_level": "bajo", "risk_explanation": "Impacto estimado después de 30 años", "horizon_years": 30, "exposed_length_m": 0.0, "exposed_area_m2": null }, "geometry": { "type": "LineString", "coordinates": [ [ -71.5953952, -33.03481750000001 ], [ -71.5953387, -33.0349279 ], [ -71.5953039, -33.0349958 ], [ -71.5951712, -33.0352548 ], [ -71.5950592, -33.035223 ], [ -71.5950047, -33.0352057 ] ] } },
{ "type": "Feature", "properties": { "osm_id": "way/1278343093", "name": null, "source": "OpenStreetMap/Overpass", "highway": "steps", "surface": null, "feature_type": "road", "nearest_transect_id": "T29", "erosion_rate_m_per_year": 0.916, "distance_to_shoreline_m": 226.4, "years_to_impact": 247.1, "risk_level": "bajo", "risk_explanation": "Impacto estimado después de 30 años", "horizon_years": 30, "exposed_length_m": 0.0, "exposed_area_m2": null }, "geometry": { "type": "LineString", "coordinates": [ [ -71.5959563, -33.0350789 ], [ -71.5960303, -33.0349632 ] ] } },
{ "type": "Feature", "properties": { "osm_id": "way/1105666808", "name": null, "source": "OpenStreetMap/Overpass", "highway": "footway", "surface": null, "feature_type": "road", "nearest_transect_id": "T29", "erosion_rate_m_per_year": 0.916, "distance_to_shoreline_m": 194.3, "years_to_impact": 212.1, "risk_level": "bajo", "risk_explanation": "Impacto estimado después de 30 años", "horizon_years": 30, "exposed_length_m": 0.0, "exposed_area_m2": null }, "geometry": { "type": "LineString", "coordinates": [ [ -71.5951569, -33.0350266 ], [ -71.5953039, -33.0349958 ] ] } },
{ "type": "Feature", "properties": { "osm_id": "way/33723462", "name": null, "source": "OpenStreetMap/Overpass", "highway": "steps", "surface": "concrete", "feature_type": "road", "nearest_transect_id": "T35", "erosion_rate_m_per_year": 0.105, "distance_to_shoreline_m": 352.8, "years_to_impact": 3347.5, "risk_level": "bajo", "risk_explanation": "Impacto estimado después de 30 años", "horizon_years": 30, "exposed_length_m": 0.0, "exposed_area_m2": null }, "geometry": { "type": "LineString", "coordinates": [ [ -71.5978952, -33.0349285 ], [ -71.5978565, -33.034875299999989 ] ] } },
{ "type": "Feature", "properties": { "osm_id": "way/33723453", "name": null, "source": "OpenStreetMap/Overpass", "highway": "footway", "surface": "concrete", "feature_type": "road", "nearest_transect_id": "T35", "erosion_rate_m_per_year": 0.105, "distance_to_shoreline_m": 345.7, "years_to_impact": 3279.8, "risk_level": "bajo", "risk_explanation": "Impacto estimado después de 30 años", "horizon_years": 30, "exposed_length_m": 0.0, "exposed_area_m2": null }, "geometry": { "type": "LineString", "coordinates": [ [ -71.5978523, -33.0347429 ], [ -71.5978565, -33.034875299999989 ] ] } },
{ "type": "Feature", "properties": { "osm_id": "way/33723463", "name": null, "source": "OpenStreetMap/Overpass", "highway": "steps", "surface": "concrete", "feature_type": "road", "nearest_transect_id": "T35", "erosion_rate_m_per_year": 0.105, "distance_to_shoreline_m": 328.2, "years_to_impact": 3113.6, "risk_level": "bajo", "risk_explanation": "Impacto estimado después de 30 años", "horizon_years": 30, "exposed_length_m": 0.0, "exposed_area_m2": null }, "geometry": { "type": "LineString", "coordinates": [ [ -71.5977116, -33.034625699999985 ], [ -71.5978523, -33.0347429 ] ] } },
{ "type": "Feature", "properties": { "osm_id": "way/1278343197", "name": null, "source": "OpenStreetMap/Overpass", "highway": "footway", "surface": null, "feature_type": "road", "nearest_transect_id": "T29", "erosion_rate_m_per_year": 0.916, "distance_to_shoreline_m": 246.1, "years_to_impact": 268.6, "risk_level": "bajo", "risk_explanation": "Impacto estimado después de 30 años", "horizon_years": 30, "exposed_length_m": 0.0, "exposed_area_m2": null }, "geometry": { "type": "LineString", "coordinates": [ [ -71.5962543, -33.0350378 ], [ -71.5966585, -33.0348984 ], [ -71.5967826, -33.0349412 ], [ -71.5967645, -33.0349788 ] ] } },
{ "type": "Feature", "properties": { "osm_id": "way/1278343108", "name": null, "source": "OpenStreetMap/Overpass", "highway": "footway", "surface": null, "feature_type": "road", "nearest_transect_id": "T29", "erosion_rate_m_per_year": 0.916, "distance_to_shoreline_m": 143.5, "years_to_impact": 156.7, "risk_level": "bajo", "risk_explanation": "Impacto estimado después de 30 años", "horizon_years": 30, "exposed_length_m": 0.0, "exposed_area_m2": null }, "geometry": { "type": "LineString", "coordinates": [ [ -71.5950592, -33.035223 ], [ -71.5951569, -33.0350266 ], [ -71.595237, -33.0348737 ], [ -71.5952048, -33.0348085 ], [ -71.595123, -33.0347714 ], [ -71.5950707, -33.0346792 ], [ -71.594992, -33.0345904 ] ] } },
{ "type": "Feature", "properties": { "osm_id": "way/754007101", "name": null, "source": "OpenStreetMap/Overpass", "highway": "footway", "surface": null, "feature_type": "road", "nearest_transect_id": "T29", "erosion_rate_m_per_year": 0.916, "distance_to_shoreline_m": 180.8, "years_to_impact": 197.3, "risk_level": "bajo", "risk_explanation": "Impacto estimado después de 30 años", "horizon_years": 30, "exposed_length_m": 0.0, "exposed_area_m2": null }, "geometry": { "type": "LineString", "coordinates": [ [ -71.5953387, -33.0349279 ], [ -71.595237, -33.0348737 ] ] } },
{ "type": "Feature", "properties": { "osm_id": "way/1278343152", "name": null, "source": "OpenStreetMap/Overpass", "highway": "footway", "surface": null, "feature_type": "road", "nearest_transect_id": "T29", "erosion_rate_m_per_year": 0.916, "distance_to_shoreline_m": 231.0, "years_to_impact": 252.1, "risk_level": "bajo", "risk_explanation": "Impacto estimado después de 30 años", "horizon_years": 30, "exposed_length_m": 0.0, "exposed_area_m2": null }, "geometry": { "type": "LineString", "coordinates": [ [ -71.5963448, -33.034777 ], [ -71.5966585, -33.0348984 ] ] } },
{ "type": "Feature", "properties": { "osm_id": "way/298986391", "name": null, "source": "OpenStreetMap/Overpass", "highway": "footway", "surface": null, "feature_type": "road", "nearest_transect_id": "T29", "erosion_rate_m_per_year": 0.916, "distance_to_shoreline_m": 178.8, "years_to_impact": 195.2, "risk_level": "bajo", "risk_explanation": "Impacto estimado después de 30 años", "horizon_years": 30, "exposed_length_m": 0.0, "exposed_area_m2": null }, "geometry": { "type": "LineString", "coordinates": [ [ -71.5960303, -33.0349632 ], [ -71.5960419, -33.0349464 ], [ -71.5960983, -33.0348512 ], [ -71.5956257, -33.0346814 ] ] } },
{ "type": "Feature", "properties": { "osm_id": "way/1278343106", "name": null, "source": "OpenStreetMap/Overpass", "highway": "footway", "surface": null, "feature_type": "road", "nearest_transect_id": "T29", "erosion_rate_m_per_year": 0.916, "distance_to_shoreline_m": 213.5, "years_to_impact": 233.0, "risk_level": "bajo", "risk_explanation": "Impacto estimado después de 30 años", "horizon_years": 30, "exposed_length_m": 0.0, "exposed_area_m2": null }, "geometry": { "type": "LineString", "coordinates": [ [ -71.5960983, -33.0348512 ], [ -71.596106, -33.034833799999987 ], [ -71.5961536, -33.0347169 ], [ -71.5961963, -33.0347294 ], [ -71.5962082, -33.0347333 ] ] } },
{ "type": "Feature", "properties": { "osm_id": "way/1105666801", "name": null, "source": "OpenStreetMap/Overpass", "highway": "footway", "surface": null, "feature_type": "road", "nearest_transect_id": "T29", "erosion_rate_m_per_year": 0.916, "distance_to_shoreline_m": 223.1, "years_to_impact": 243.5, "risk_level": "bajo", "risk_explanation": "Impacto estimado después de 30 años", "horizon_years": 30, "exposed_length_m": 0.0, "exposed_area_m2": null }, "geometry": { "type": "LineString", "coordinates": [ [ -71.5962602, -33.0347491 ], [ -71.5963448, -33.034777 ] ] } },
{ "type": "Feature", "properties": { "osm_id": "way/28807817", "name": "Universidad Técnica Federico Santa María", "source": "OpenStreetMap/Overpass", "highway": "service", "surface": null, "feature_type": "road", "nearest_transect_id": "T29", "erosion_rate_m_per_year": 0.916, "distance_to_shoreline_m": 142.0, "years_to_impact": 155.0, "risk_level": "bajo", "risk_explanation": "Impacto estimado después de 30 años", "horizon_years": 30, "exposed_length_m": 0.0, "exposed_area_m2": null }, "geometry": { "type": "LineString", "coordinates": [ [ -71.5957211, -33.0341604 ], [ -71.5957139, -33.0342368 ], [ -71.595715, -33.034259 ], [ -71.5957173, -33.0342711 ], [ -71.595728, -33.0342776 ], [ -71.595977, -33.0342996 ], [ -71.5961134, -33.0343211 ], [ -71.5963762, -33.0343683 ], [ -71.5966344, -33.0344425 ], [ -71.5968047, -33.0345004 ], [ -71.5969542, -33.0345662 ], [ -71.5971085, -33.0346584 ], [ -71.5972346, -33.034745 ], [ -71.5973257, -33.0348152 ], [ -71.5973666, -33.0348563 ], [ -71.5973941, -33.0349001 ], [ -71.5974176, -33.0349535 ], [ -71.5974263, -33.0350126 ], [ -71.5974189, -33.035089 ], [ -71.5974042, -33.0351666 ], [ -71.5973774, -33.0352492 ], [ -71.5973579, -33.0352818 ], [ -71.5973324, -33.0353094 ], [ -71.597304, -33.0353239 ], [ -71.5972761, -33.0353356 ] ] } },
{ "type": "Feature", "properties": { "osm_id": "way/1105666800", "name": null, "source": "OpenStreetMap/Overpass", "highway": "steps", "surface": null, "feature_type": "road", "nearest_transect_id": "T29", "erosion_rate_m_per_year": 0.916, "distance_to_shoreline_m": 218.4, "years_to_impact": 238.4, "risk_level": "bajo", "risk_explanation": "Impacto estimado después de 30 años", "horizon_years": 30, "exposed_length_m": 0.0, "exposed_area_m2": null }, "geometry": { "type": "LineString", "coordinates": [ [ -71.5962082, -33.0347333 ], [ -71.5962602, -33.0347491 ] ] } },
{ "type": "Feature", "properties": { "osm_id": "way/687247059", "name": "Agustín Edwards", "source": "OpenStreetMap/Overpass", "highway": "service", "surface": null, "feature_type": "road", "nearest_transect_id": "T29", "erosion_rate_m_per_year": 0.916, "distance_to_shoreline_m": 263.5, "years_to_impact": 287.6, "risk_level": "bajo", "risk_explanation": "Impacto estimado después de 30 años", "horizon_years": 30, "exposed_length_m": 0.0, "exposed_area_m2": null }, "geometry": { "type": "LineString", "coordinates": [ [ -71.596846, -33.0347218 ], [ -71.5969254, -33.0347513 ] ] } },
{ "type": "Feature", "properties": { "osm_id": "way/1421811568", "name": null, "source": "OpenStreetMap/Overpass", "highway": "footway", "surface": null, "feature_type": "road", "nearest_transect_id": "T29", "erosion_rate_m_per_year": 0.916, "distance_to_shoreline_m": 207.6, "years_to_impact": 226.6, "risk_level": "bajo", "risk_explanation": "Impacto estimado después de 30 años", "horizon_years": 30, "exposed_length_m": 0.0, "exposed_area_m2": null }, "geometry": { "type": "LineString", "coordinates": [ [ -71.5961536, -33.0347169 ], [ -71.596087, -33.0346979 ] ] } },
{ "type": "Feature", "properties": { "osm_id": "way/173079174", "name": null, "source": "OpenStreetMap/Overpass", "highway": "steps", "surface": null, "feature_type": "road", "nearest_transect_id": "T29", "erosion_rate_m_per_year": 0.916, "distance_to_shoreline_m": 170.6, "years_to_impact": 186.1, "risk_level": "bajo", "risk_explanation": "Impacto estimado después de 30 años", "horizon_years": 30, "exposed_length_m": 0.0, "exposed_area_m2": null }, "geometry": { "type": "LineString", "coordinates": [ [ -71.5956968, -33.0345433 ], [ -71.5956512, -33.0346335 ], [ -71.5956257, -33.0346814 ] ] } },
{ "type": "Feature", "properties": { "osm_id": "way/1278343104", "name": null, "source": "OpenStreetMap/Overpass", "highway": "footway", "surface": null, "feature_type": "road", "nearest_transect_id": "T29", "erosion_rate_m_per_year": 0.916, "distance_to_shoreline_m": 150.4, "years_to_impact": 164.2, "risk_level": "bajo", "risk_explanation": "Impacto estimado después de 30 años", "horizon_years": 30, "exposed_length_m": 0.0, "exposed_area_m2": null }, "geometry": { "type": "LineString", "coordinates": [ [ -71.5959312, -33.034628 ], [ -71.5957883, -33.0345737 ], [ -71.5956968, -33.0345433 ], [ -71.5956139, -33.0345145 ], [ -71.5954719, -33.0344599 ] ] } },
{ "type": "Feature", "properties": { "osm_id": "way/602742638", "name": "Avenida España", "source": "OpenStreetMap/Overpass", "highway": "primary", "surface": "concrete", "feature_type": "road", "nearest_transect_id": "T35", "erosion_rate_m_per_year": 0.105, "distance_to_shoreline_m": 142.9, "years_to_impact": 1356.1, "risk_level": "bajo", "risk_explanation": "Impacto estimado después de 30 años", "horizon_years": 30, "exposed_length_m": 0.0, "exposed_area_m2": null }, "geometry": { "type": "LineString", "coordinates": [ [ -71.5958079, -33.0340755 ], [ -71.5962502, -33.0341537 ], [ -71.5964361, -33.0341914 ], [ -71.5965898, -33.0342305 ], [ -71.5967404, -33.0342776 ], [ -71.596887, -33.0343325 ], [ -71.5970293, -33.0343951 ], [ -71.5971592, -33.034461 ], [ -71.5972841, -33.0345332 ], [ -71.5974037, -33.0346116 ], [ -71.5975176, -33.0346958 ], [ -71.5976253, -33.0347854 ], [ -71.5977265, -33.0348803 ], [ -71.5978207, -33.0349801 ] ] } },
{ "type": "Feature", "properties": { "osm_id": "way/1278343078", "name": null, "source": "OpenStreetMap/Overpass", "highway": "steps", "surface": null, "feature_type": "road", "nearest_transect_id": "T29", "erosion_rate_m_per_year": 0.916, "distance_to_shoreline_m": 169.0, "years_to_impact": 184.4, "risk_level": "bajo", "risk_explanation": "Impacto estimado después de 30 años", "horizon_years": 30, "exposed_length_m": 0.0, "exposed_area_m2": null }, "geometry": { "type": "LineString", "coordinates": [ [ -71.5957784, -33.0344639 ], [ -71.5958071, -33.0345201 ], [ -71.5957883, -33.0345737 ] ] } },
{ "type": "Feature", "properties": { "osm_id": "way/173079183", "name": null, "source": "OpenStreetMap/Overpass", "highway": "steps", "surface": null, "feature_type": "road", "nearest_transect_id": "T29", "erosion_rate_m_per_year": 0.916, "distance_to_shoreline_m": 161.1, "years_to_impact": 175.8, "risk_level": "bajo", "risk_explanation": "Impacto estimado después de 30 años", "horizon_years": 30, "exposed_length_m": 0.0, "exposed_area_m2": null }, "geometry": { "type": "LineString", "coordinates": [ [ -71.5957241, -33.0344459 ], [ -71.5957165, -33.0344476 ], [ -71.5956529, -33.0344633 ], [ -71.5956232, -33.0345007 ], [ -71.5956139, -33.0345145 ] ] } },
{ "type": "Feature", "properties": { "osm_id": "way/1278343195", "name": null, "source": "OpenStreetMap/Overpass", "highway": "footway", "surface": null, "feature_type": "road", "nearest_transect_id": "T29", "erosion_rate_m_per_year": 0.916, "distance_to_shoreline_m": 164.0, "years_to_impact": 179.0, "risk_level": "bajo", "risk_explanation": "Impacto estimado después de 30 años", "horizon_years": 30, "exposed_length_m": 0.0, "exposed_area_m2": null }, "geometry": { "type": "LineString", "coordinates": [ [ -71.5957784, -33.0344639 ], [ -71.5957555, -33.03445 ], [ -71.5957241, -33.0344459 ] ] } },
{ "type": "Feature", "properties": { "osm_id": "way/1278343114", "name": null, "source": "OpenStreetMap/Overpass", "highway": "steps", "surface": null, "feature_type": "road", "nearest_transect_id": "T29", "erosion_rate_m_per_year": 0.916, "distance_to_shoreline_m": 163.5, "years_to_impact": 178.5, "risk_level": "bajo", "risk_explanation": "Impacto estimado después de 30 años", "horizon_years": 30, "exposed_length_m": 0.0, "exposed_area_m2": null }, "geometry": { "type": "LineString", "coordinates": [ [ -71.5957555, -33.03445 ], [ -71.5957735, -33.0344 ] ] } },
{ "type": "Feature", "properties": { "osm_id": "way/754007114", "name": null, "source": "OpenStreetMap/Overpass", "highway": "steps", "surface": null, "feature_type": "road", "nearest_transect_id": "T38", "erosion_rate_m_per_year": -0.3, "distance_to_shoreline_m": 160.6, "years_to_impact": null, "risk_level": "bajo", "risk_explanation": "Sin avance erosivo positivo medido", "horizon_years": 30, "exposed_length_m": 0.0, "exposed_area_m2": null }, "geometry": { "type": "LineString", "coordinates": [ [ -71.5957441, -33.0343868 ], [ -71.595724, -33.0344155 ] ] } },
{ "type": "Feature", "properties": { "osm_id": "way/1278343173", "name": null, "source": "OpenStreetMap/Overpass", "highway": "footway", "surface": null, "feature_type": "road", "nearest_transect_id": "T38", "erosion_rate_m_per_year": -0.3, "distance_to_shoreline_m": 160.6, "years_to_impact": null, "risk_level": "bajo", "risk_explanation": "Sin avance erosivo positivo medido", "horizon_years": 30, "exposed_length_m": 0.0, "exposed_area_m2": null }, "geometry": { "type": "LineString", "coordinates": [ [ -71.5960101, -33.034322799999984 ], [ -71.5960021, -33.0343717 ], [ -71.5959672, -33.0344116 ], [ -71.5958954, -33.0344307 ], [ -71.5957735, -33.0344 ], [ -71.5957441, -33.0343868 ] ] } },
{ "type": "Feature", "properties": { "osm_id": "way/733349274", "name": null, "source": "OpenStreetMap/Overpass", "highway": "steps", "surface": null, "feature_type": "road", "nearest_transect_id": "T38", "erosion_rate_m_per_year": -0.3, "distance_to_shoreline_m": 171.0, "years_to_impact": null, "risk_level": "bajo", "risk_explanation": "Sin avance erosivo positivo medido", "horizon_years": 30, "exposed_length_m": 0.0, "exposed_area_m2": null }, "geometry": { "type": "LineString", "coordinates": [ [ -71.5959042, -33.0343813 ], [ -71.5959243, -33.0343813 ], [ -71.5959585, -33.0343706 ], [ -71.5959819, -33.0343228 ], [ -71.5959987, -33.0343237 ], [ -71.5960101, -33.034322799999984 ] ] } },
{ "type": "Feature", "properties": { "osm_id": "way/1278343144", "name": null, "source": "OpenStreetMap/Overpass", "highway": "footway", "surface": null, "feature_type": "road", "nearest_transect_id": "T38", "erosion_rate_m_per_year": -0.3, "distance_to_shoreline_m": 133.1, "years_to_impact": null, "risk_level": "bajo", "risk_explanation": "Sin avance erosivo positivo medido", "horizon_years": 30, "exposed_length_m": 0.0, "exposed_area_m2": null }, "geometry": { "type": "LineString", "coordinates": [ [ -71.595724, -33.0344155 ], [ -71.5954423, -33.0342964 ], [ -71.5954638, -33.0342671 ] ] } },
{ "type": "Feature", "properties": { "osm_id": "way/1278343135", "name": null, "source": "OpenStreetMap/Overpass", "highway": "footway", "surface": null, "feature_type": "road", "nearest_transect_id": "T38", "erosion_rate_m_per_year": -0.3, "distance_to_shoreline_m": 144.9, "years_to_impact": null, "risk_level": "bajo", "risk_explanation": "Sin avance erosivo positivo medido", "horizon_years": 30, "exposed_length_m": 0.0, "exposed_area_m2": null }, "geometry": { "type": "LineString", "coordinates": [ [ -71.59561, -33.0342997 ], [ -71.595825, -33.0343638 ], [ -71.5959042, -33.0343813 ] ] } },
{ "type": "Feature", "properties": { "osm_id": "way/173079184", "name": null, "source": "OpenStreetMap/Overpass", "highway": "steps", "surface": null, "feature_type": "road", "nearest_transect_id": "T38", "erosion_rate_m_per_year": -0.3, "distance_to_shoreline_m": 133.1, "years_to_impact": null, "risk_level": "bajo", "risk_explanation": "Sin avance erosivo positivo medido", "horizon_years": 30, "exposed_length_m": 0.0, "exposed_area_m2": null }, "geometry": { "type": "LineString", "coordinates": [ [ -71.5954638, -33.0342671 ], [ -71.5955322, -33.0342907 ] ] } },
{ "type": "Feature", "properties": { "osm_id": "way/1278343066", "name": null, "source": "OpenStreetMap/Overpass", "highway": "footway", "surface": null, "feature_type": "road", "nearest_transect_id": "T38", "erosion_rate_m_per_year": -0.3, "distance_to_shoreline_m": 139.2, "years_to_impact": null, "risk_level": "bajo", "risk_explanation": "Sin avance erosivo positivo medido", "horizon_years": 30, "exposed_length_m": 0.0, "exposed_area_m2": null }, "geometry": { "type": "LineString", "coordinates": [ [ -71.5955322, -33.0342907 ], [ -71.5955602, -33.0342924 ], [ -71.59561, -33.0342997 ], [ -71.5956142, -33.0342238 ] ] } },
{ "type": "Feature", "properties": { "osm_id": "way/541622193", "name": "Avenida España", "source": "OpenStreetMap/Overpass", "highway": "primary", "surface": "concrete", "feature_type": "road", "nearest_transect_id": "T36", "erosion_rate_m_per_year": -0.03, "distance_to_shoreline_m": 92.2, "years_to_impact": null, "risk_level": "bajo", "risk_explanation": "Sin avance erosivo positivo medido", "horizon_years": 30, "exposed_length_m": 0.0, "exposed_area_m2": null }, "geometry": { "type": "LineString", "coordinates": [ [ -71.5969952, -33.0344579 ], [ -71.5967416, -33.03435910000001 ], [ -71.596401900000018, -33.034267 ], [ -71.5962246, -33.0342343 ], [ -71.5957211, -33.0341604 ], [ -71.5956263, -33.0341446 ], [ -71.5951165, -33.0340283 ] ] } },
{ "type": "Feature", "properties": { "osm_id": "way/1278582333", "name": null, "source": "OpenStreetMap/Overpass", "highway": "footway", "surface": null, "feature_type": "road", "nearest_transect_id": "T38", "erosion_rate_m_per_year": -0.3, "distance_to_shoreline_m": 137.6, "years_to_impact": null, "risk_level": "bajo", "risk_explanation": "Sin avance erosivo positivo medido", "horizon_years": 30, "exposed_length_m": 0.0, "exposed_area_m2": null }, "geometry": { "type": "LineString", "coordinates": [ [ -71.5956142, -33.0342238 ], [ -71.5956158, -33.0342017 ] ] } },
{ "type": "Feature", "properties": { "osm_id": "way/173079182", "name": null, "source": "OpenStreetMap/Overpass", "highway": "footway", "surface": null, "feature_type": "road", "nearest_transect_id": "T38", "erosion_rate_m_per_year": -0.3, "distance_to_shoreline_m": 114.5, "years_to_impact": null, "risk_level": "bajo", "risk_explanation": "Sin avance erosivo positivo medido", "horizon_years": 30, "exposed_length_m": 0.0, "exposed_area_m2": null }, "geometry": { "type": "LineString", "coordinates": [ [ -71.5956158, -33.0342017 ], [ -71.5955658, -33.0341982 ], [ -71.59543140000001, -33.0341828 ], [ -71.5953109, -33.034157 ] ] } },
{ "type": "Feature", "properties": { "osm_id": "way/382322920", "name": null, "source": "OpenStreetMap/Overpass", "highway": "footway", "surface": null, "feature_type": "road", "nearest_transect_id": "T38", "erosion_rate_m_per_year": -0.3, "distance_to_shoreline_m": 134.1, "years_to_impact": null, "risk_level": "bajo", "risk_explanation": "Sin avance erosivo positivo medido", "horizon_years": 30, "exposed_length_m": 0.0, "exposed_area_m2": null }, "geometry": { "type": "LineString", "coordinates": [ [ -71.5956158, -33.0342017 ], [ -71.5956263, -33.0341446 ] ] } },
{ "type": "Feature", "properties": { "osm_id": "way/173079177", "name": null, "source": "OpenStreetMap/Overpass", "highway": "steps", "surface": "metal", "feature_type": "road", "nearest_transect_id": "T38", "erosion_rate_m_per_year": -0.3, "distance_to_shoreline_m": 98.7, "years_to_impact": null, "risk_level": "bajo", "risk_explanation": "Sin avance erosivo positivo medido", "horizon_years": 30, "exposed_length_m": 0.0, "exposed_area_m2": null }, "geometry": { "type": "LineString", "coordinates": [ [ -71.5951292, -33.0340924 ], [ -71.5953109, -33.034157 ] ] } },
{ "type": "Feature", "properties": { "osm_id": "way/1105666792", "name": "Avenida España", "source": "OpenStreetMap/Overpass", "highway": "primary", "surface": "concrete", "feature_type": "road", "nearest_transect_id": "T36", "erosion_rate_m_per_year": -0.03, "distance_to_shoreline_m": 89.5, "years_to_impact": null, "risk_level": "bajo", "risk_explanation": "Sin avance erosivo positivo medido", "horizon_years": 30, "exposed_length_m": 0.0, "exposed_area_m2": null }, "geometry": { "type": "LineString", "coordinates": [ [ -71.595188300000018, -33.0339483 ], [ -71.5953603, -33.033991099999987 ], [ -71.5958079, -33.0340755 ] ] } },
{ "type": "Feature", "properties": { "osm_id": "way/28807808", "name": null, "source": "OpenStreetMap/Overpass", "highway": "footway", "surface": "metal", "feature_type": "road", "nearest_transect_id": "T38", "erosion_rate_m_per_year": -0.3, "distance_to_shoreline_m": 88.2, "years_to_impact": null, "risk_level": "bajo", "risk_explanation": "Sin avance erosivo positivo medido", "horizon_years": 30, "exposed_length_m": 0.0, "exposed_area_m2": null }, "geometry": { "type": "LineString", "coordinates": [ [ -71.5951292, -33.0340924 ], [ -71.5952298, -33.033897199999984 ] ] } },
{ "type": "Feature", "properties": { "osm_id": "way/28807810", "name": null, "source": "OpenStreetMap/Overpass", "highway": "steps", "surface": "metal", "feature_type": "road", "nearest_transect_id": "T36", "erosion_rate_m_per_year": -0.03, "distance_to_shoreline_m": 84.7, "years_to_impact": null, "risk_level": "bajo", "risk_explanation": "Sin avance erosivo positivo medido", "horizon_years": 30, "exposed_length_m": 0.0, "exposed_area_m2": null }, "geometry": { "type": "LineString", "coordinates": [ [ -71.5952298, -33.033897199999984 ], [ -71.5952276, -33.0338517 ], [ -71.5953523, -33.0338838 ], [ -71.5953603, -33.033991099999987 ] ] } },
{ "type": "Feature", "properties": { "osm_id": "way/525211429", "name": null, "source": "OpenStreetMap/Overpass", "highway": "path", "surface": null, "feature_type": "road", "nearest_transect_id": "T19", "erosion_rate_m_per_year": 1.973, "distance_to_shoreline_m": 805.7, "years_to_impact": 408.4, "risk_level": "bajo", "risk_explanation": "Impacto estimado después de 30 años", "horizon_years": 30, "exposed_length_m": 0.0, "exposed_area_m2": null }, "geometry": { "type": "LineString", "coordinates": [ [ -71.586348956236364, -33.038030064396921 ], [ -71.5864124, -33.0379902 ] ] } },
{ "type": "Feature", "properties": { "osm_id": "way/525211428", "name": null, "source": "OpenStreetMap/Overpass", "highway": "steps", "surface": null, "feature_type": "road", "nearest_transect_id": "T19", "erosion_rate_m_per_year": 1.973, "distance_to_shoreline_m": 775.3, "years_to_impact": 393.0, "risk_level": "bajo", "risk_explanation": "Impacto estimado después de 30 años", "horizon_years": 30, "exposed_length_m": 0.0, "exposed_area_m2": null }, "geometry": { "type": "LineString", "coordinates": [ [ -71.586505990823227, -33.038026800105932 ], [ -71.5864627, -33.0379615 ], [ -71.5862713, -33.0376841 ], [ -71.5861263, -33.03752260000001 ], [ -71.5860588, -33.0373685 ], [ -71.5859363, -33.0373072 ] ] } },
{ "type": "Feature", "properties": { "osm_id": "way/24936013", "name": "Los Peumos", "source": "OpenStreetMap/Overpass", "highway": "residential", "surface": "concrete", "feature_type": "road", "nearest_transect_id": "T07", "erosion_rate_m_per_year": 1.049, "distance_to_shoreline_m": 843.1, "years_to_impact": 804.0, "risk_level": "bajo", "risk_explanation": "Impacto estimado después de 30 años", "horizon_years": 30, "exposed_length_m": 0.0, "exposed_area_m2": null }, "geometry": { "type": "LineString", "coordinates": [ [ -71.5845067, -33.0374119 ], [ -71.5845764, -33.0374078 ], [ -71.5848287, -33.037388 ] ] } },
{ "type": "Feature", "properties": { "osm_id": "way/554311526", "name": "Los Peumos", "source": "OpenStreetMap/Overpass", "highway": "residential", "surface": "asphalt", "feature_type": "road", "nearest_transect_id": "T08", "erosion_rate_m_per_year": 1.157, "distance_to_shoreline_m": 777.1, "years_to_impact": 671.8, "risk_level": "bajo", "risk_explanation": "Impacto estimado después de 30 años", "horizon_years": 30, "exposed_length_m": 0.0, "exposed_area_m2": null }, "geometry": { "type": "LineString", "coordinates": [ [ -71.5848287, -33.037388 ], [ -71.5859363, -33.0373072 ] ] } },
{ "type": "Feature", "properties": { "osm_id": "way/24959588", "name": "Rodolfo Philippi", "source": "OpenStreetMap/Overpass", "highway": "residential", "surface": "concrete", "feature_type": "road", "nearest_transect_id": "T19", "erosion_rate_m_per_year": 1.973, "distance_to_shoreline_m": 347.9, "years_to_impact": 176.3, "risk_level": "bajo", "risk_explanation": "Impacto estimado después de 30 años", "horizon_years": 30, "exposed_length_m": 0.0, "exposed_area_m2": null }, "geometry": { "type": "LineString", "coordinates": [ [ -71.587049259904092, -33.038015507126389 ], [ -71.5871353, -33.0378885 ], [ -71.5874539, -33.0373175 ], [ -71.5875108, -33.0372197 ], [ -71.58794, -33.0365145 ], [ -71.5882919, -33.0359029 ], [ -71.5885312, -33.035477900000011 ], [ -71.5887426, -33.0351024 ], [ -71.5887619, -33.0350441 ], [ -71.5887731, -33.0349683 ], [ -71.5887277, -33.0347835 ], [ -71.5887182, -33.0347486 ], [ -71.5886704, -33.034564 ], [ -71.588647300000019, -33.0343884 ], [ -71.5886563, -33.0343051 ], [ -71.5886619, -33.0341823 ] ] } },
{ "type": "Feature", "properties": { "osm_id": "way/1420501631", "name": "Nueva Tokio", "source": "OpenStreetMap/Overpass", "highway": "living_street", "surface": null, "feature_type": "road", "nearest_transect_id": "T26", "erosion_rate_m_per_year": 1.322, "distance_to_shoreline_m": 687.2, "years_to_impact": 520.0, "risk_level": "bajo", "risk_explanation": "Impacto estimado después de 30 años", "horizon_years": 30, "exposed_length_m": 0.0, "exposed_area_m2": null }, "geometry": { "type": "LineString", "coordinates": [ [ -71.5873838, -33.0372864 ], [ -71.5874539, -33.0373175 ] ] } },
{ "type": "Feature", "properties": { "osm_id": "way/246236697", "name": "Nueva Tokio", "source": "OpenStreetMap/Overpass", "highway": "living_street", "surface": null, "feature_type": "road", "nearest_transect_id": "T19", "erosion_rate_m_per_year": 1.973, "distance_to_shoreline_m": 663.9, "years_to_impact": 336.5, "risk_level": "bajo", "risk_explanation": "Impacto estimado después de 30 años", "horizon_years": 30, "exposed_length_m": 0.0, "exposed_area_m2": null }, "geometry": { "type": "LineString", "coordinates": [ [ -71.5864527, -33.036812500000011 ], [ -71.5865888, -33.0367884 ], [ -71.5866864, -33.0367687 ], [ -71.5867846, -33.0367442 ], [ -71.5868604, -33.0367324 ], [ -71.5869295, -33.0367386 ], [ -71.5869955, -33.0367569 ], [ -71.587074, -33.0367874 ], [ -71.5871098, -33.0368382 ], [ -71.5871205, -33.0368739 ], [ -71.587121, -33.0369472 ], [ -71.5870958, -33.03702280000001 ], [ -71.5870572, -33.037093 ], [ -71.5870532, -33.0371211 ], [ -71.5870648, -33.0371429 ], [ -71.5873838, -33.0372864 ] ] } },
{ "type": "Feature", "properties": { "osm_id": "way/24936036", "name": "Almirante Rebolledo", "source": "OpenStreetMap/Overpass", "highway": "residential", "surface": null, "feature_type": "road", "nearest_transect_id": "T07", "erosion_rate_m_per_year": 1.049, "distance_to_shoreline_m": 728.2, "years_to_impact": 694.4, "risk_level": "bajo", "risk_explanation": "Impacto estimado después de 30 años", "horizon_years": 30, "exposed_length_m": 0.0, "exposed_area_m2": null }, "geometry": { "type": "LineString", "coordinates": [ [ -71.585419, -33.036478899999985 ], [ -71.5854671, -33.0367474 ] ] } },
{ "type": "Feature", "properties": { "osm_id": "way/24936041", "name": "Los Chirimoyos", "source": "OpenStreetMap/Overpass", "highway": "residential", "surface": "concrete", "feature_type": "road", "nearest_transect_id": "T08", "erosion_rate_m_per_year": 1.157, "distance_to_shoreline_m": 571.3, "years_to_impact": 493.9, "risk_level": "bajo", "risk_explanation": "Impacto estimado después de 30 años", "horizon_years": 30, "exposed_length_m": 0.0, "exposed_area_m2": null }, "geometry": { "type": "LineString", "coordinates": [ [ -71.5870897, -33.0356992 ], [ -71.586587800000018, -33.0359468 ], [ -71.5860294, -33.0362867 ], [ -71.5857356, -33.0364828 ], [ -71.5856112, -33.0365888 ], [ -71.5855361, -33.0366647 ], [ -71.5854671, -33.0367474 ], [ -71.5854167, -33.0368004 ], [ -71.5845764, -33.0374078 ] ] } },
{ "type": "Feature", "properties": { "osm_id": "way/25890456", "name": "Los Cerezos", "source": "OpenStreetMap/Overpass", "highway": "residential", "surface": "concrete", "feature_type": "road", "nearest_transect_id": "T05", "erosion_rate_m_per_year": 0.832, "distance_to_shoreline_m": 905.5, "years_to_impact": 1087.8, "risk_level": "bajo", "risk_explanation": "Impacto estimado después de 30 años", "horizon_years": 30, "exposed_length_m": 0.0, "exposed_area_m2": null }, "geometry": { "type": "LineString", "coordinates": [ [ -71.583773600000015, -33.0374902 ], [ -71.583820134528509, -33.038082631223944 ] ] } },
{ "type": "Feature", "properties": { "osm_id": "way/28846189", "name": "Los Peumos", "source": "OpenStreetMap/Overpass", "highway": "tertiary", "surface": "concrete", "feature_type": "road", "nearest_transect_id": "T05", "erosion_rate_m_per_year": 0.832, "distance_to_shoreline_m": 905.5, "years_to_impact": 1087.8, "risk_level": "bajo", "risk_explanation": "Impacto estimado después de 30 años", "horizon_years": 30, "exposed_length_m": 0.0, "exposed_area_m2": null }, "geometry": { "type": "LineString", "coordinates": [ [ -71.583654199200993, -33.037501341114641 ], [ -71.5836777, -33.0374993 ], [ -71.583773600000015, -33.0374902 ] ] } },
{ "type": "Feature", "properties": { "osm_id": "way/486400472", "name": "Los Peumos", "source": "OpenStreetMap/Overpass", "highway": "tertiary", "surface": "concrete", "feature_type": "road", "nearest_transect_id": "T05", "erosion_rate_m_per_year": 0.832, "distance_to_shoreline_m": 860.8, "years_to_impact": 1034.0, "risk_level": "bajo", "risk_explanation": "Impacto estimado después de 30 años", "horizon_years": 30, "exposed_length_m": 0.0, "exposed_area_m2": null }, "geometry": { "type": "LineString", "coordinates": [ [ -71.5845067, -33.0374119 ], [ -71.5843988, -33.0374251 ], [ -71.583773600000015, -33.0374902 ] ] } },
{ "type": "Feature", "properties": { "osm_id": "way/439900953", "name": "Pasaje Grosses", "source": "OpenStreetMap/Overpass", "highway": "residential", "surface": "concrete", "feature_type": "road", "nearest_transect_id": "T05", "erosion_rate_m_per_year": 0.832, "distance_to_shoreline_m": 911.2, "years_to_impact": 1094.7, "risk_level": "bajo", "risk_explanation": "Impacto estimado después de 30 años", "horizon_years": 30, "exposed_length_m": 0.0, "exposed_area_m2": null }, "geometry": { "type": "LineString", "coordinates": [ [ -71.58365364495809, -33.037482359944953 ], [ -71.5836777, -33.0374993 ] ] } },
{ "type": "Feature", "properties": { "osm_id": "way/24936105", "name": "Sargento Olave", "source": "OpenStreetMap/Overpass", "highway": "residential", "surface": "concrete", "feature_type": "road", "nearest_transect_id": "T05", "erosion_rate_m_per_year": 0.832, "distance_to_shoreline_m": 842.4, "years_to_impact": 1012.0, "risk_level": "bajo", "risk_explanation": "Impacto estimado después de 30 años", "horizon_years": 30, "exposed_length_m": 0.0, "exposed_area_m2": null }, "geometry": { "type": "LineString", "coordinates": [ [ -71.5843988, -33.0374251 ], [ -71.5838388, -33.0368269 ], [ -71.5837866, -33.0368108 ], [ -71.583681, -33.0368163 ] ] } },
{ "type": "Feature", "properties": { "osm_id": "way/541928157", "name": "Pasaje Larrañaga", "source": "OpenStreetMap/Overpass", "highway": "residential", "surface": "concrete", "feature_type": "road", "nearest_transect_id": "T05", "erosion_rate_m_per_year": 0.832, "distance_to_shoreline_m": 859.8, "years_to_impact": 1032.8, "risk_level": "bajo", "risk_explanation": "Impacto estimado después de 30 años", "horizon_years": 30, "exposed_length_m": 0.0, "exposed_area_m2": null }, "geometry": { "type": "LineString", "coordinates": [ [ -71.583636482384506, -33.036894592886568 ], [ -71.5836999, -33.0369342 ] ] } },
{ "type": "Feature", "properties": { "osm_id": "way/554311525", "name": null, "source": "OpenStreetMap/Overpass", "highway": "footway", "surface": "unpaved", "feature_type": "road", "nearest_transect_id": "T05", "erosion_rate_m_per_year": 0.832, "distance_to_shoreline_m": 829.3, "years_to_impact": 996.2, "risk_level": "bajo", "risk_explanation": "Impacto estimado después de 30 años", "horizon_years": 30, "exposed_length_m": 0.0, "exposed_area_m2": null }, "geometry": { "type": "LineString", "coordinates": [ [ -71.5836513, -33.0365498 ], [ -71.583625940515262, -33.036533565244412 ] ] } },
{ "type": "Feature", "properties": { "osm_id": "way/24936104", "name": "Blurton", "source": "OpenStreetMap/Overpass", "highway": "residential", "surface": "concrete", "feature_type": "road", "nearest_transect_id": "T05", "erosion_rate_m_per_year": 0.832, "distance_to_shoreline_m": 754.2, "years_to_impact": 906.0, "risk_level": "bajo", "risk_explanation": "Impacto estimado después de 30 años", "horizon_years": 30, "exposed_length_m": 0.0, "exposed_area_m2": null }, "geometry": { "type": "LineString", "coordinates": [ [ -71.58361717209597, -33.036233272984276 ], [ -71.5843487, -33.036154 ] ] } },
{ "type": "Feature", "properties": { "osm_id": "way/24385255", "name": "Calle Los Cerezos", "source": "OpenStreetMap/Overpass", "highway": "tertiary", "surface": "concrete", "feature_type": "road", "nearest_transect_id": "T05", "erosion_rate_m_per_year": 0.832, "distance_to_shoreline_m": 805.5, "years_to_impact": 967.7, "risk_level": "bajo", "risk_explanation": "Impacto estimado después de 30 años", "horizon_years": 30, "exposed_length_m": 0.0, "exposed_area_m2": null }, "geometry": { "type": "LineString", "coordinates": [ [ -71.583773600000015, -33.0374902 ], [ -71.5837652, -33.0374135 ], [ -71.5836999, -33.0369342 ], [ -71.583681, -33.0368163 ], [ -71.5836513, -33.0365498 ], [ -71.5836203, -33.0362644 ], [ -71.58361748931982, -33.036244136956753 ] ] } },
{ "type": "Feature", "properties": { "osm_id": "way/24385256", "name": "Tolson", "source": "OpenStreetMap/Overpass", "highway": "tertiary", "surface": "concrete", "feature_type": "road", "nearest_transect_id": "T05", "erosion_rate_m_per_year": 0.832, "distance_to_shoreline_m": 643.0, "years_to_impact": 772.4, "risk_level": "bajo", "risk_explanation": "Impacto estimado después de 30 años", "horizon_years": 30, "exposed_length_m": 0.0, "exposed_area_m2": null }, "geometry": { "type": "LineString", "coordinates": [ [ -71.5836301, -33.0341564 ], [ -71.5836801, -33.0342117 ], [ -71.5838026, -33.0343469 ], [ -71.5841872, -33.0347795 ], [ -71.584204, -33.0348123 ], [ -71.5842118, -33.0348642 ], [ -71.5843487, -33.036154 ], [ -71.5845067, -33.0374119 ] ] } },
{ "type": "Feature", "properties": { "osm_id": "way/208934339", "name": "Blurton", "source": "OpenStreetMap/Overpass", "highway": "residential", "surface": "concrete", "feature_type": "road", "nearest_transect_id": "T05", "erosion_rate_m_per_year": 0.832, "distance_to_shoreline_m": 720.7, "years_to_impact": 865.8, "risk_level": "bajo", "risk_explanation": "Impacto estimado después de 30 años", "horizon_years": 30, "exposed_length_m": 0.0, "exposed_area_m2": null }, "geometry": { "type": "LineString", "coordinates": [ [ -71.5848277, -33.036078 ], [ -71.5843487, -33.036154 ] ] } },
{ "type": "Feature", "properties": { "osm_id": "way/525208474", "name": "Los Chirimoyos", "source": "OpenStreetMap/Overpass", "highway": "steps", "surface": null, "feature_type": "road", "nearest_transect_id": "T17", "erosion_rate_m_per_year": 1.865, "distance_to_shoreline_m": 463.4, "years_to_impact": 248.5, "risk_level": "bajo", "risk_explanation": "Impacto estimado después de 30 años", "horizon_years": 30, "exposed_length_m": 0.0, "exposed_area_m2": null }, "geometry": { "type": "LineString", "coordinates": [ [ -71.5880577, -33.0351164 ], [ -71.5879395, -33.035181299999984 ], [ -71.5878954, -33.0354053 ], [ -71.5877838, -33.0354516 ], [ -71.5877602, -33.0354133 ], [ -71.5877243, -33.0354274 ], [ -71.5877241, -33.0354769 ], [ -71.5875906, -33.0355246 ], [ -71.5875689, -33.035487 ], [ -71.5873794, -33.035568 ], [ -71.5873835, -33.0356125 ], [ -71.5870897, -33.0356992 ] ] } },
{ "type": "Feature", "properties": { "osm_id": "way/24935977", "name": "Aspillaga", "source": "OpenStreetMap/Overpass", "highway": "residential", "surface": "concrete", "feature_type": "road", "nearest_transect_id": "T05", "erosion_rate_m_per_year": 0.832, "distance_to_shoreline_m": 483.3, "years_to_impact": 580.6, "risk_level": "bajo", "risk_explanation": "Impacto estimado después de 30 años", "horizon_years": 30, "exposed_length_m": 0.0, "exposed_area_m2": null }, "geometry": { "type": "LineString", "coordinates": [ [ -71.583579011209892, -33.034926376227588 ], [ -71.5840884, -33.0348804 ], [ -71.5842118, -33.0348642 ], [ -71.5842462, -33.0348621 ], [ -71.5844759, -33.0348445 ], [ -71.5851863, -33.0347983 ], [ -71.5862379, -33.0347287 ], [ -71.5870152, -33.0346955 ] ] } },
{ "type": "Feature", "properties": { "osm_id": "way/512363091", "name": "Aspillaga", "source": "OpenStreetMap/Overpass", "highway": "residential", "surface": null, "feature_type": "road", "nearest_transect_id": "T08", "erosion_rate_m_per_year": 1.157, "distance_to_shoreline_m": 434.5, "years_to_impact": 375.7, "risk_level": "bajo", "risk_explanation": "Impacto estimado después de 30 años", "horizon_years": 30, "exposed_length_m": 0.0, "exposed_area_m2": null }, "geometry": { "type": "LineString", "coordinates": [ [ -71.5870152, -33.0346955 ], [ -71.5872047, -33.0346755 ], [ -71.587328, -33.0346238 ], [ -71.58737, -33.0345735 ], [ -71.5873924, -33.034500099999988 ], [ -71.5873808, -33.0344094 ], [ -71.5873335, -33.0343371 ] ] } },
{ "type": "Feature", "properties": { "osm_id": "way/24935496", "name": "A. Rebolledo", "source": "OpenStreetMap/Overpass", "highway": "residential", "surface": "concrete", "feature_type": "road", "nearest_transect_id": "T04", "erosion_rate_m_per_year": 0.724, "distance_to_shoreline_m": 540.0, "years_to_impact": 745.6, "risk_level": "bajo", "risk_explanation": "Impacto estimado después de 30 años", "horizon_years": 30, "exposed_length_m": 0.0, "exposed_area_m2": null }, "geometry": { "type": "LineString", "coordinates": [ [ -71.5853066, -33.035651 ], [ -71.5851863, -33.0347983 ], [ -71.5851189, -33.034382 ], [ -71.5851115, -33.0342648 ], [ -71.5845422, -33.0336352 ], [ -71.5844735, -33.0335592 ], [ -71.5844335, -33.0335186 ], [ -71.5837838, -33.0328605 ] ] } },
{ "type": "Feature", "properties": { "osm_id": "way/827973776", "name": "Pasaje Victorino Lastarria", "source": "OpenStreetMap/Overpass", "highway": "living_street", "surface": "unpaved", "feature_type": "road", "nearest_transect_id": "T08", "erosion_rate_m_per_year": 1.157, "distance_to_shoreline_m": 339.1, "years_to_impact": 293.2, "risk_level": "bajo", "risk_explanation": "Impacto estimado después de 30 años", "horizon_years": 30, "exposed_length_m": 0.0, "exposed_area_m2": null }, "geometry": { "type": "LineString", "coordinates": [ [ -71.5877599, -33.0335555 ], [ -71.587671200000017, -33.0336208 ], [ -71.5876265, -33.0336728 ], [ -71.5875943, -33.033732 ], [ -71.5875496, -33.0338229 ], [ -71.587546, -33.0338948 ], [ -71.5875725, -33.0339728 ], [ -71.5876061, -33.0340373 ], [ -71.5876627, -33.0341011 ], [ -71.5877242, -33.0341408 ], [ -71.5877754, -33.0341982 ], [ -71.5878196, -33.0342695 ], [ -71.5878432, -33.0343528 ], [ -71.5878461, -33.0344587 ], [ -71.5878183, -33.034574 ], [ -71.5877832, -33.0346586 ] ] } },
{ "type": "Feature", "properties": { "osm_id": "way/24935494", "name": "Mateo Toro y Zambrano", "source": "OpenStreetMap/Overpass", "highway": "residential", "surface": "concrete", "feature_type": "road", "nearest_transect_id": "T05", "erosion_rate_m_per_year": 0.832, "distance_to_shoreline_m": 290.8, "years_to_impact": 349.4, "risk_level": "bajo", "risk_explanation": "Impacto estimado después de 30 años", "horizon_years": 30, "exposed_length_m": 0.0, "exposed_area_m2": null }, "geometry": { "type": "LineString", "coordinates": [ [ -71.5873151, -33.032804 ], [ -71.5872995, -33.0328338 ], [ -71.5869814, -33.0330142 ], [ -71.5860494, -33.0336458 ], [ -71.5851115, -33.0342648 ], [ -71.5842462, -33.0348621 ] ] } },
{ "type": "Feature", "properties": { "osm_id": "way/153992620", "name": "Pasaje Victorino Lastarria", "source": "OpenStreetMap/Overpass", "highway": "living_street", "surface": "unpaved", "feature_type": "road", "nearest_transect_id": "T07", "erosion_rate_m_per_year": 1.049, "distance_to_shoreline_m": 363.5, "years_to_impact": 346.6, "risk_level": "bajo", "risk_explanation": "Impacto estimado después de 30 años", "horizon_years": 30, "exposed_length_m": 0.0, "exposed_area_m2": null }, "geometry": { "type": "LineString", "coordinates": [ [ -71.5875943, -33.033732 ], [ -71.5875185, -33.0337045 ], [ -71.5874299, -33.0336924 ], [ -71.5873539, -33.0336867 ], [ -71.5870993, -33.0336955 ] ] } },
{ "type": "Feature", "properties": { "osm_id": "way/827973777", "name": "Pasaje Victorino Lastarria", "source": "OpenStreetMap/Overpass", "highway": "living_street", "surface": "concrete", "feature_type": "road", "nearest_transect_id": "T07", "erosion_rate_m_per_year": 1.049, "distance_to_shoreline_m": 331.5, "years_to_impact": 316.1, "risk_level": "bajo", "risk_explanation": "Impacto estimado después de 30 años", "horizon_years": 30, "exposed_length_m": 0.0, "exposed_area_m2": null }, "geometry": { "type": "LineString", "coordinates": [ [ -71.5876593, -33.0334751 ], [ -71.5877314, -33.0334822 ], [ -71.5877957, -33.0334936 ], [ -71.5878362, -33.0335227 ] ] } },
{ "type": "Feature", "properties": { "osm_id": "way/24385245", "name": "Barros Arana", "source": "OpenStreetMap/Overpass", "highway": "tertiary", "surface": "concrete", "feature_type": "road", "nearest_transect_id": "T03", "erosion_rate_m_per_year": 0.616, "distance_to_shoreline_m": 153.8, "years_to_impact": 249.6, "risk_level": "bajo", "risk_explanation": "Impacto estimado después de 30 años", "horizon_years": 30, "exposed_length_m": 0.0, "exposed_area_m2": null }, "geometry": { "type": "LineString", "coordinates": [ [ -71.5877263, -33.0314026 ], [ -71.5876563, -33.0314211 ], [ -71.5874978, -33.0315126 ], [ -71.5871428, -33.031764699999989 ], [ -71.5871062, -33.0317905 ], [ -71.5870217, -33.0318487 ], [ -71.5863285, -33.032326 ], [ -71.5862672, -33.0323645 ], [ -71.5858921, -33.0326002 ], [ -71.5853986, -33.0329334 ], [ -71.5853274, -33.0329799 ], [ -71.5849574, -33.0332219 ], [ -71.584514, -33.033531 ], [ -71.5844735, -33.0335592 ], [ -71.5837544, -33.0340766 ], [ -71.5836857, -33.0341207 ], [ -71.5836301, -33.0341564 ], [ -71.583557168669444, -33.034178334234753 ] ] } },
{ "type": "Feature", "properties": { "osm_id": "way/24935493", "name": "Federico Stuven", "source": "OpenStreetMap/Overpass", "highway": "residential", "surface": "concrete", "feature_type": "road", "nearest_transect_id": "T03", "erosion_rate_m_per_year": 0.616, "distance_to_shoreline_m": 429.2, "years_to_impact": 696.5, "risk_level": "bajo", "risk_explanation": "Impacto estimado después de 30 años", "horizon_years": 30, "exposed_length_m": 0.0, "exposed_area_m2": null }, "geometry": { "type": "LineString", "coordinates": [ [ -71.5843573, -33.0319174 ], [ -71.5846495, -33.0321998 ], [ -71.585346, -33.0328819 ], [ -71.5853986, -33.0329334 ], [ -71.5854699, -33.0330115 ], [ -71.5860494, -33.0336458 ], [ -71.586088, -33.0337248 ], [ -71.5861063, -33.033792099999985 ], [ -71.5862379, -33.0347287 ] ] } },
{ "type": "Feature", "properties": { "osm_id": "way/554311516", "name": null, "source": "OpenStreetMap/Overpass", "highway": "service", "surface": "concrete", "feature_type": "road", "nearest_transect_id": "T02", "erosion_rate_m_per_year": 0.508, "distance_to_shoreline_m": 481.3, "years_to_impact": 947.3, "risk_level": "bajo", "risk_explanation": "Impacto estimado después de 30 años", "horizon_years": 30, "exposed_length_m": 0.0, "exposed_area_m2": null }, "geometry": { "type": "LineString", "coordinates": [ [ -71.5846771, -33.0329534 ], [ -71.5849146, -33.0331797 ], [ -71.5849574, -33.0332219 ] ] } },
{ "type": "Feature", "properties": { "osm_id": "way/153992616", "name": "Durazno", "source": "OpenStreetMap/Overpass", "highway": "residential", "surface": "asphalt", "feature_type": "road", "nearest_transect_id": "T05", "erosion_rate_m_per_year": 0.832, "distance_to_shoreline_m": 218.7, "years_to_impact": 262.7, "risk_level": "bajo", "risk_explanation": "Impacto estimado después de 30 años", "horizon_years": 30, "exposed_length_m": 0.0, "exposed_area_m2": null }, "geometry": { "type": "LineString", "coordinates": [ [ -71.5875044, -33.0320534 ], [ -71.5870966, -33.0324133 ], [ -71.5870704, -33.0324384 ], [ -71.5870603, -33.0324648 ], [ -71.5870746, -33.0324916 ], [ -71.5872913, -33.0327491 ], [ -71.5873126, -33.032782 ], [ -71.5873151, -33.032804 ], [ -71.5874565, -33.0328927 ] ] } },
{ "type": "Feature", "properties": { "osm_id": "way/27111245", "name": "Simón Bolívar", "source": "OpenStreetMap/Overpass", "highway": "residential", "surface": "concrete", "feature_type": "road", "nearest_transect_id": "T02", "erosion_rate_m_per_year": 0.508, "distance_to_shoreline_m": 319.4, "years_to_impact": 628.5, "risk_level": "bajo", "risk_explanation": "Impacto estimado después de 30 años", "horizon_years": 30, "exposed_length_m": 0.0, "exposed_area_m2": null }, "geometry": { "type": "LineString", "coordinates": [ [ -71.5869814, -33.0330142 ], [ -71.586396, -33.0323971 ], [ -71.5863285, -33.032326 ], [ -71.5862395, -33.0322394 ], [ -71.5855469, -33.0315341 ], [ -71.5851501, -33.0311617 ] ] } },
{ "type": "Feature", "properties": { "osm_id": "way/24935498", "name": "Alcalde Urias", "source": "OpenStreetMap/Overpass", "highway": "residential", "surface": "concrete", "feature_type": "road", "nearest_transect_id": "T02", "erosion_rate_m_per_year": 0.508, "distance_to_shoreline_m": 370.1, "years_to_impact": 728.4, "risk_level": "bajo", "risk_explanation": "Impacto estimado después de 30 años", "horizon_years": 30, "exposed_length_m": 0.0, "exposed_area_m2": null }, "geometry": { "type": "LineString", "coordinates": [ [ -71.5858921, -33.0326002 ], [ -71.5851131, -33.0318657 ], [ -71.5847777, -33.0315228 ] ] } },
{ "type": "Feature", "properties": { "osm_id": "way/27111254", "name": "Lastarria", "source": "OpenStreetMap/Overpass", "highway": "tertiary", "surface": "concrete", "feature_type": "road", "nearest_transect_id": "T05", "erosion_rate_m_per_year": 0.832, "distance_to_shoreline_m": 144.4, "years_to_impact": 173.5, "risk_level": "bajo", "risk_explanation": "Impacto estimado después de 30 años", "horizon_years": 30, "exposed_length_m": 0.0, "exposed_area_m2": null }, "geometry": { "type": "LineString", "coordinates": [ [ -71.5877263, -33.0314026 ], [ -71.5878133, -33.0314143 ], [ -71.5878726, -33.0314321 ], [ -71.5879327, -33.0314619 ], [ -71.5879791, -33.031505299999985 ], [ -71.5880045, -33.0315486 ], [ -71.5880139, -33.0316274 ], [ -71.5880069, -33.0316737 ], [ -71.5879654, -33.0317219 ], [ -71.5879226, -33.0317335 ], [ -71.5878612, -33.0317477 ], [ -71.5877614, -33.031757 ], [ -71.5876751, -33.0317705 ], [ -71.5876032, -33.0317831 ], [ -71.5875423, -33.0318125 ], [ -71.5875009, -33.0318485 ], [ -71.5874758, -33.031895699999986 ], [ -71.5874666, -33.0319387 ], [ -71.5874711, -33.03201330000001 ], [ -71.5875044, -33.0320534 ], [ -71.5875841, -33.0320778 ], [ -71.5876831, -33.0321005 ], [ -71.5877784, -33.032123 ], [ -71.5878702, -33.0321648 ], [ -71.588018, -33.0322516 ], [ -71.5881153, -33.0323164 ], [ -71.5881845, -33.0324058 ], [ -71.5882868, -33.0325972 ] ] } },
{ "type": "Feature", "properties": { "osm_id": "way/290775301", "name": "San Juan", "source": "OpenStreetMap/Overpass", "highway": "residential", "surface": "concrete", "feature_type": "road", "nearest_transect_id": "T02", "erosion_rate_m_per_year": 0.508, "distance_to_shoreline_m": 248.6, "years_to_impact": 489.2, "risk_level": "bajo", "risk_explanation": "Impacto estimado después de 30 años", "horizon_years": 30, "exposed_length_m": 0.0, "exposed_area_m2": null }, "geometry": { "type": "LineString", "coordinates": [ [ -71.5837838, -33.0328605 ], [ -71.5846495, -33.0321998 ], [ -71.5851131, -33.0318657 ], [ -71.5855469, -33.0315341 ], [ -71.586277, -33.0309981 ] ] } },
{ "type": "Feature", "properties": { "osm_id": "way/298026948", "name": null, "source": "OpenStreetMap/Overpass", "highway": "steps", "surface": "concrete", "feature_type": "road", "nearest_transect_id": "T03", "erosion_rate_m_per_year": 0.616, "distance_to_shoreline_m": 217.9, "years_to_impact": 353.6, "risk_level": "bajo", "risk_explanation": "Impacto estimado después de 30 años", "horizon_years": 30, "exposed_length_m": 0.0, "exposed_area_m2": null }, "geometry": { "type": "LineString", "coordinates": [ [ -71.5874711, -33.03201330000001 ], [ -71.5874147, -33.0319833 ], [ -71.5871428, -33.031764699999989 ] ] } },
{ "type": "Feature", "properties": { "osm_id": "way/24935481", "name": "El Sauce", "source": "OpenStreetMap/Overpass", "highway": "residential", "surface": "concrete", "feature_type": "road", "nearest_transect_id": "T02", "erosion_rate_m_per_year": 0.508, "distance_to_shoreline_m": 255.1, "years_to_impact": 502.1, "risk_level": "bajo", "risk_explanation": "Impacto estimado después de 30 años", "horizon_years": 30, "exposed_length_m": 0.0, "exposed_area_m2": null }, "geometry": { "type": "LineString", "coordinates": [ [ -71.5860627, -33.0303251 ], [ -71.5858006, -33.0305428 ], [ -71.5854156, -33.0309154 ], [ -71.5851501, -33.0311617 ], [ -71.5847777, -33.0315228 ], [ -71.5843573, -33.0319174 ], [ -71.583559, -33.0326817 ], [ -71.58351462508432, -33.032721343081676 ] ] } },
{ "type": "Feature", "properties": { "osm_id": "way/24935480", "name": "Orrego", "source": "OpenStreetMap/Overpass", "highway": "residential", "surface": "concrete", "feature_type": "road", "nearest_transect_id": "T02", "erosion_rate_m_per_year": 0.508, "distance_to_shoreline_m": 225.6, "years_to_impact": 443.9, "risk_level": "bajo", "risk_explanation": "Impacto estimado después de 30 años", "horizon_years": 30, "exposed_length_m": 0.0, "exposed_area_m2": null }, "geometry": { "type": "LineString", "coordinates": [ [ -71.5858006, -33.0305428 ], [ -71.586277, -33.0309981 ], [ -71.5865115, -33.0312222 ], [ -71.5870495, -33.0317413 ], [ -71.5871062, -33.0317905 ] ] } },
{ "type": "Feature", "properties": { "osm_id": "way/218940655", "name": "Tolson", "source": "OpenStreetMap/Overpass", "highway": "residential", "surface": "concrete", "feature_type": "road", "nearest_transect_id": "T03", "erosion_rate_m_per_year": 0.616, "distance_to_shoreline_m": 639.6, "years_to_impact": 1037.9, "risk_level": "bajo", "risk_explanation": "Impacto estimado después de 30 años", "horizon_years": 30, "exposed_length_m": 0.0, "exposed_area_m2": null }, "geometry": { "type": "LineString", "coordinates": [ [ -71.583552782169647, -33.03402810967409 ], [ -71.5836301, -33.0341564 ] ] } },
{ "type": "Feature", "properties": { "osm_id": "way/25561928", "name": "San Juan", "source": "OpenStreetMap/Overpass", "highway": "path", "surface": null, "feature_type": "road", "nearest_transect_id": "T02", "erosion_rate_m_per_year": 0.508, "distance_to_shoreline_m": 547.6, "years_to_impact": 1077.8, "risk_level": "bajo", "risk_explanation": "Impacto estimado después de 30 años", "horizon_years": 30, "exposed_length_m": 0.0, "exposed_area_m2": null }, "geometry": { "type": "LineString", "coordinates": [ [ -71.5835747, -33.0330453 ], [ -71.5837838, -33.0328605 ] ] } },
{ "type": "Feature", "properties": { "osm_id": "way/290775300", "name": "Rebolledo", "source": "OpenStreetMap/Overpass", "highway": "steps", "surface": null, "feature_type": "road", "nearest_transect_id": "T02", "erosion_rate_m_per_year": 0.508, "distance_to_shoreline_m": 547.6, "years_to_impact": 1077.8, "risk_level": "bajo", "risk_explanation": "Impacto estimado después de 30 años", "horizon_years": 30, "exposed_length_m": 0.0, "exposed_area_m2": null }, "geometry": { "type": "LineString", "coordinates": [ [ -71.5837838, -33.0328605 ], [ -71.583559, -33.0326817 ] ] } },
{ "type": "Feature", "properties": { "osm_id": "way/1018393853", "name": null, "source": "OpenStreetMap/Overpass", "highway": "service", "surface": null, "feature_type": "road", "nearest_transect_id": "T02", "erosion_rate_m_per_year": 0.508, "distance_to_shoreline_m": 474.7, "years_to_impact": 934.3, "risk_level": "bajo", "risk_explanation": "Impacto estimado después de 30 años", "horizon_years": 30, "exposed_length_m": 0.0, "exposed_area_m2": null }, "geometry": { "type": "LineString", "coordinates": [ [ -71.5840387, -33.0317778 ], [ -71.5838688, -33.031938 ], [ -71.5838281, -33.031957299999988 ], [ -71.5837697, -33.0319602 ], [ -71.5836848, -33.0319261 ], [ -71.583487325970609, -33.031786429696943 ] ] } },
{ "type": "Feature", "properties": { "osm_id": "way/541973049", "name": "Manuel Rodríguez", "source": "OpenStreetMap/Overpass", "highway": "residential", "surface": "concrete", "feature_type": "road", "nearest_transect_id": "T02", "erosion_rate_m_per_year": 0.508, "distance_to_shoreline_m": 464.7, "years_to_impact": 914.6, "risk_level": "bajo", "risk_explanation": "Impacto estimado después de 30 años", "horizon_years": 30, "exposed_length_m": 0.0, "exposed_area_m2": null }, "geometry": { "type": "LineString", "coordinates": [ [ -71.583831, -33.030562799999984 ], [ -71.5835948, -33.0309439 ], [ -71.5835596, -33.0309795 ], [ -71.5834857, -33.0310255 ], [ -71.583465347326609, -33.031033726562796 ] ] } },
{ "type": "Feature", "properties": { "osm_id": "way/1420091545", "name": null, "source": "OpenStreetMap/Overpass", "highway": "service", "surface": null, "feature_type": "road", "nearest_transect_id": "T02", "erosion_rate_m_per_year": 0.508, "distance_to_shoreline_m": 428.1, "years_to_impact": 842.5, "risk_level": "bajo", "risk_explanation": "Impacto estimado después de 30 años", "horizon_years": 30, "exposed_length_m": 0.0, "exposed_area_m2": null }, "geometry": { "type": "LineString", "coordinates": [ [ -71.584251400000014, -33.0307803 ], [ -71.5841635, -33.0308126 ], [ -71.5841018, -33.0308621 ], [ -71.5840817, -33.0308981 ], [ -71.584099100000017, -33.0309318 ], [ -71.584201, -33.0309824 ] ] } },
{ "type": "Feature", "properties": { "osm_id": "way/56213161", "name": "Pasaje Codina", "source": "OpenStreetMap/Overpass", "highway": "living_street", "surface": "concrete", "feature_type": "road", "nearest_transect_id": "T02", "erosion_rate_m_per_year": 0.508, "distance_to_shoreline_m": 464.7, "years_to_impact": 914.6, "risk_level": "bajo", "risk_explanation": "Impacto estimado después de 30 años", "horizon_years": 30, "exposed_length_m": 0.0, "exposed_area_m2": null }, "geometry": { "type": "LineString", "coordinates": [ [ -71.583831, -33.030562799999984 ], [ -71.583451757195618, -33.030568305029199 ] ] } },
{ "type": "Feature", "properties": { "osm_id": "way/742286676", "name": "Amunátegui", "source": "OpenStreetMap/Overpass", "highway": "tertiary", "surface": "concrete", "feature_type": "road", "nearest_transect_id": "T02", "erosion_rate_m_per_year": 0.508, "distance_to_shoreline_m": 407.7, "years_to_impact": 802.5, "risk_level": "bajo", "risk_explanation": "Impacto estimado después de 30 años", "horizon_years": 30, "exposed_length_m": 0.0, "exposed_area_m2": null }, "geometry": { "type": "LineString", "coordinates": [ [ -71.583437472009109, -33.030079079913165 ], [ -71.5835213, -33.0300855 ], [ -71.5839114, -33.029994599999988 ], [ -71.5840589, -33.0299698 ], [ -71.5842164, -33.0300112 ], [ -71.5843093, -33.0300654 ], [ -71.5843962, -33.0301423 ], [ -71.5844292, -33.0302003 ], [ -71.5844256, -33.0302879 ], [ -71.584269500000019, -33.0306661 ], [ -71.5842546, -33.0307187 ], [ -71.5842472, -33.0307553 ], [ -71.584251400000014, -33.0307803 ], [ -71.5842653, -33.0307991 ], [ -71.584290800000019, -33.0308178 ], [ -71.58431210000002, -33.0308214 ], [ -71.5843459, -33.030824699999989 ] ] } },
{ "type": "Feature", "properties": { "osm_id": "way/685149998", "name": null, "source": "OpenStreetMap/Overpass", "highway": "service", "surface": null, "feature_type": "road", "nearest_transect_id": "T08", "erosion_rate_m_per_year": 1.157, "distance_to_shoreline_m": 0.9, "years_to_impact": 0.7, "risk_level": "critico", "risk_explanation": "Impacto estimado en menos de 10 años", "horizon_years": 30, "exposed_length_m": 22.7, "exposed_area_m2": null }, "geometry": { "type": "LineString", "coordinates": [ [ -71.5899331, -33.0309697 ], [ -71.5898268, -33.0311534 ] ] } },
{ "type": "Feature", "properties": { "osm_id": "way/550280266", "name": "Avenida España", "source": "OpenStreetMap/Overpass", "highway": "primary", "surface": "concrete", "feature_type": "road", "nearest_transect_id": "T03", "erosion_rate_m_per_year": 0.616, "distance_to_shoreline_m": 69.2, "years_to_impact": 112.4, "risk_level": "bajo", "risk_explanation": "Impacto estimado después de 30 años", "horizon_years": 30, "exposed_length_m": 0.0, "exposed_area_m2": null }, "geometry": { "type": "LineString", "coordinates": [ [ -71.5890179, -33.0316702 ], [ -71.5889748, -33.03160590000001 ], [ -71.5888313, -33.0313921 ], [ -71.5887196, -33.0312336 ], [ -71.5886196, -33.031111099999983 ], [ -71.5885081, -33.0309914 ], [ -71.5884008, -33.0308934 ], [ -71.5882271, -33.0307488 ], [ -71.5880284, -33.0306138 ], [ -71.5878461, -33.0305161 ], [ -71.5874465, -33.0302933 ] ] } },
{ "type": "Feature", "properties": { "osm_id": "way/990508718", "name": null, "source": "OpenStreetMap/Overpass", "highway": "footway", "surface": null, "feature_type": "road", "nearest_transect_id": "T03", "erosion_rate_m_per_year": 0.616, "distance_to_shoreline_m": 49.1, "years_to_impact": 79.6, "risk_level": "bajo", "risk_explanation": "Impacto estimado después de 30 años", "horizon_years": 30, "exposed_length_m": 0.0, "exposed_area_m2": null }, "geometry": { "type": "LineString", "coordinates": [ [ -71.5868677, -33.0292466 ], [ -71.5870992, -33.0295603 ], [ -71.5874353, -33.0298975 ], [ -71.5881016, -33.030381 ], [ -71.5885193, -33.0307348 ], [ -71.5887292, -33.0309288 ], [ -71.5889181, -33.0311557 ], [ -71.5892114, -33.0315835 ], [ -71.5893542, -33.0316834 ], [ -71.5894912, -33.0318208 ], [ -71.5897545, -33.032060699999988 ], [ -71.5900935, -33.0323087 ] ] } },
{ "type": "Feature", "properties": { "osm_id": "way/24935504", "name": "Faraday", "source": "OpenStreetMap/Overpass", "highway": "residential", "surface": "concrete", "feature_type": "road", "nearest_transect_id": "T02", "erosion_rate_m_per_year": 0.508, "distance_to_shoreline_m": 170.4, "years_to_impact": 335.5, "risk_level": "bajo", "risk_explanation": "Impacto estimado después de 30 años", "horizon_years": 30, "exposed_length_m": 0.0, "exposed_area_m2": null }, "geometry": { "type": "LineString", "coordinates": [ [ -71.5865115, -33.0312222 ], [ -71.5870842, -33.0308077 ] ] } },
{ "type": "Feature", "properties": { "osm_id": "way/512363083", "name": null, "source": "OpenStreetMap/Overpass", "highway": "steps", "surface": null, "feature_type": "road", "nearest_transect_id": "T02", "erosion_rate_m_per_year": 0.508, "distance_to_shoreline_m": 323.6, "years_to_impact": 636.8, "risk_level": "bajo", "risk_explanation": "Impacto estimado después de 30 años", "horizon_years": 30, "exposed_length_m": 0.0, "exposed_area_m2": null }, "geometry": { "type": "LineString", "coordinates": [ [ -71.5854156, -33.0309154 ], [ -71.5852168, -33.0307687 ], [ -71.5850469, -33.030634099999986 ] ] } },
{ "type": "Feature", "properties": { "osm_id": "way/23630165", "name": "Bellamar", "source": "OpenStreetMap/Overpass", "highway": "tertiary", "surface": "concrete", "feature_type": "road", "nearest_transect_id": "T02", "erosion_rate_m_per_year": 0.508, "distance_to_shoreline_m": 151.8, "years_to_impact": 298.7, "risk_level": "bajo", "risk_explanation": "Impacto estimado después de 30 años", "horizon_years": 30, "exposed_length_m": 0.0, "exposed_area_m2": null }, "geometry": { "type": "LineString", "coordinates": [ [ -71.5843459, -33.030824699999989 ], [ -71.5844735, -33.0307736 ], [ -71.5845632, -33.0306947 ], [ -71.5849796, -33.0303875 ], [ -71.5851889, -33.03021 ], [ -71.5854612, -33.0299973 ], [ -71.5855449, -33.0299563 ], [ -71.5856391, -33.029946099999989 ], [ -71.5857142, -33.0299539 ], [ -71.5857902, -33.0299838 ], [ -71.585832, -33.0300132 ], [ -71.5858798, -33.0300669 ], [ -71.5859379, -33.0301483 ], [ -71.5860006, -33.0302518 ], [ -71.5860627, -33.0303251 ], [ -71.5861581, -33.0303867 ], [ -71.5862824, -33.030462399999983 ], [ -71.5864225, -33.0305391 ], [ -71.5865587, -33.0306047 ], [ -71.586837, -33.0307153 ], [ -71.5870842, -33.0308077 ], [ -71.5872049, -33.030870599999986 ], [ -71.5872819, -33.0309277 ], [ -71.5874114, -33.031047 ], [ -71.5876619, -33.0313167 ], [ -71.5877263, -33.0314026 ] ] } },
{ "type": "Feature", "properties": { "osm_id": "way/218940514", "name": "Los Piratas", "source": "OpenStreetMap/Overpass", "highway": "residential", "surface": "concrete", "feature_type": "road", "nearest_transect_id": "T02", "erosion_rate_m_per_year": 0.508, "distance_to_shoreline_m": 352.3, "years_to_impact": 693.3, "risk_level": "bajo", "risk_explanation": "Impacto estimado después de 30 años", "horizon_years": 30, "exposed_length_m": 0.0, "exposed_area_m2": null }, "geometry": { "type": "LineString", "coordinates": [ [ -71.5847739, -33.0308887 ], [ -71.5850083, -33.0306798 ], [ -71.5850469, -33.030634099999986 ], [ -71.5850422, -33.0305943 ], [ -71.5850302, -33.030544499999984 ], [ -71.5849796, -33.0303875 ] ] } },
{ "type": "Feature", "properties": { "osm_id": "way/512363084", "name": null, "source": "OpenStreetMap/Overpass", "highway": "steps", "surface": null, "feature_type": "road", "nearest_transect_id": "T02", "erosion_rate_m_per_year": 0.508, "distance_to_shoreline_m": 315.2, "years_to_impact": 620.3, "risk_level": "bajo", "risk_explanation": "Impacto estimado después de 30 años", "horizon_years": 30, "exposed_length_m": 0.0, "exposed_area_m2": null }, "geometry": { "type": "LineString", "coordinates": [ [ -71.5851889, -33.03021 ], [ -71.585422, -33.0303875 ] ] } },
{ "type": "Feature", "properties": { "osm_id": "way/23629641", "name": "Amunátegui", "source": "OpenStreetMap/Overpass", "highway": "residential", "surface": "concrete", "feature_type": "road", "nearest_transect_id": "T02", "erosion_rate_m_per_year": 0.508, "distance_to_shoreline_m": 277.5, "years_to_impact": 546.1, "risk_level": "bajo", "risk_explanation": "Impacto estimado después de 30 años", "horizon_years": 30, "exposed_length_m": 0.0, "exposed_area_m2": null }, "geometry": { "type": "LineString", "coordinates": [ [ -71.5843459, -33.030824699999989 ], [ -71.584557, -33.0304702 ], [ -71.5847627, -33.0300976 ], [ -71.584985, -33.02975 ], [ -71.5850827, -33.0295907 ], [ -71.5851714, -33.0294437 ], [ -71.5852608, -33.0293063 ], [ -71.5853284, -33.0292309 ], [ -71.5854397, -33.0291272 ], [ -71.5855765, -33.0290603 ], [ -71.5857469, -33.028997 ], [ -71.5861713, -33.0288683 ], [ -71.586263, -33.0288337 ], [ -71.5863545, -33.0288039 ] ] } },
{ "type": "Feature", "properties": { "osm_id": "way/574636782", "name": null, "source": "OpenStreetMap/Overpass", "highway": "pedestrian", "surface": null, "feature_type": "road", "nearest_transect_id": "T02", "erosion_rate_m_per_year": 0.508, "distance_to_shoreline_m": 347.0, "years_to_impact": 683.0, "risk_level": "bajo", "risk_explanation": "Impacto estimado después de 30 años", "horizon_years": 30, "exposed_length_m": 0.0, "exposed_area_m2": null }, "geometry": { "type": "LineString", "coordinates": [ [ -71.5850727, -33.0298502 ], [ -71.5851277, -33.0297456 ] ] } },
{ "type": "Feature", "properties": { "osm_id": "way/54967038", "name": "Pasaje Las Sirenas", "source": "OpenStreetMap/Overpass", "highway": "residential", "surface": "concrete", "feature_type": "road", "nearest_transect_id": "T02", "erosion_rate_m_per_year": 0.508, "distance_to_shoreline_m": 296.1, "years_to_impact": 582.8, "risk_level": "bajo", "risk_explanation": "Impacto estimado después de 30 años", "horizon_years": 30, "exposed_length_m": 0.0, "exposed_area_m2": null }, "geometry": { "type": "LineString", "coordinates": [ [ -71.5854612, -33.0299973 ], [ -71.5855219, -33.0299186 ], [ -71.5856678, -33.0296588 ], [ -71.5857388, -33.029526699999984 ] ] } },
{ "type": "Feature", "properties": { "osm_id": "way/1424904961", "name": null, "source": "OpenStreetMap/Overpass", "highway": "service", "surface": null, "feature_type": "road", "nearest_transect_id": "T02", "erosion_rate_m_per_year": 0.508, "distance_to_shoreline_m": 360.1, "years_to_impact": 708.8, "risk_level": "bajo", "risk_explanation": "Impacto estimado después de 30 años", "horizon_years": 30, "exposed_length_m": 0.0, "exposed_area_m2": null }, "geometry": { "type": "LineString", "coordinates": [ [ -71.584985, -33.02975 ], [ -71.584916, -33.0297188 ] ] } },
{ "type": "Feature", "properties": { "osm_id": "way/574636783", "name": null, "source": "OpenStreetMap/Overpass", "highway": "steps", "surface": null, "feature_type": "road", "nearest_transect_id": "T02", "erosion_rate_m_per_year": 0.508, "distance_to_shoreline_m": 343.7, "years_to_impact": 676.4, "risk_level": "bajo", "risk_explanation": "Impacto estimado después de 30 años", "horizon_years": 30, "exposed_length_m": 0.0, "exposed_area_m2": null }, "geometry": { "type": "LineString", "coordinates": [ [ -71.5850827, -33.0295907 ], [ -71.5851854, -33.0296422 ], [ -71.5851277, -33.0297456 ] ] } },
{ "type": "Feature", "properties": { "osm_id": "way/56005786", "name": "Manuel Rodríguez", "source": "OpenStreetMap/Overpass", "highway": "residential", "surface": "concrete", "feature_type": "road", "nearest_transect_id": "T02", "erosion_rate_m_per_year": 0.508, "distance_to_shoreline_m": 461.1, "years_to_impact": 907.5, "risk_level": "bajo", "risk_explanation": "Impacto estimado después de 30 años", "horizon_years": 30, "exposed_length_m": 0.0, "exposed_area_m2": null }, "geometry": { "type": "LineString", "coordinates": [ [ -71.58344130108145, -33.030210214243262 ], [ -71.5836667, -33.0301893 ], [ -71.5837286, -33.0302035 ], [ -71.5837674, -33.0302219 ], [ -71.5838318, -33.0303173 ], [ -71.5838457, -33.0303846 ], [ -71.5838631, -33.030466199999985 ], [ -71.5838547, -33.03052060000001 ], [ -71.583831, -33.030562799999984 ] ] } },
{ "type": "Feature", "properties": { "osm_id": "way/905550033", "name": "Amunátegui", "source": "OpenStreetMap/Overpass", "highway": "tertiary", "surface": "concrete", "feature_type": "road", "nearest_transect_id": "T02", "erosion_rate_m_per_year": 0.508, "distance_to_shoreline_m": 448.6, "years_to_impact": 883.0, "risk_level": "bajo", "risk_explanation": "Impacto estimado después de 30 años", "horizon_years": 30, "exposed_length_m": 0.0, "exposed_area_m2": null }, "geometry": { "type": "LineString", "coordinates": [ [ -71.5840639, -33.0295492 ], [ -71.5840376, -33.0296144 ], [ -71.5839643, -33.029672 ], [ -71.5834877, -33.0299041 ], [ -71.583433151403881, -33.029931112045205 ] ] } },
{ "type": "Feature", "properties": { "osm_id": "way/23629842", "name": "Balmaceda", "source": "OpenStreetMap/Overpass", "highway": "tertiary", "surface": "concrete", "feature_type": "road", "nearest_transect_id": "T02", "erosion_rate_m_per_year": 0.508, "distance_to_shoreline_m": 448.6, "years_to_impact": 883.0, "risk_level": "bajo", "risk_explanation": "Impacto estimado después de 30 años", "horizon_years": 30, "exposed_length_m": 0.0, "exposed_area_m2": null }, "geometry": { "type": "LineString", "coordinates": [ [ -71.583417622664641, -33.029399298949791 ], [ -71.5840639, -33.0295492 ] ] } },
{ "type": "Feature", "properties": { "osm_id": "way/1218690910", "name": null, "source": "OpenStreetMap/Overpass", "highway": "service", "surface": null, "feature_type": "road", "nearest_transect_id": "T02", "erosion_rate_m_per_year": 0.508, "distance_to_shoreline_m": 493.9, "years_to_impact": 972.0, "risk_level": "bajo", "risk_explanation": "Impacto estimado después de 30 años", "horizon_years": 30, "exposed_length_m": 0.0, "exposed_area_m2": null }, "geometry": { "type": "LineString", "coordinates": [ [ -71.5836835, -33.0291016 ], [ -71.5834205, -33.0290453 ], [ -71.583407314237064, -33.029046265989948 ] ] } },
{ "type": "Feature", "properties": { "osm_id": "way/574636762", "name": "Amunátegui", "source": "OpenStreetMap/Overpass", "highway": "living_street", "surface": "paved", "feature_type": "road", "nearest_transect_id": "T02", "erosion_rate_m_per_year": 0.508, "distance_to_shoreline_m": 446.6, "years_to_impact": 878.9, "risk_level": "bajo", "risk_explanation": "Impacto estimado después de 30 años", "horizon_years": 30, "exposed_length_m": 0.0, "exposed_area_m2": null }, "geometry": { "type": "LineString", "coordinates": [ [ -71.5842017, -33.029121 ], [ -71.5841169, -33.02911 ] ] } },
{ "type": "Feature", "properties": { "osm_id": "way/1419895181", "name": "Amunátegui", "source": "OpenStreetMap/Overpass", "highway": "living_street", "surface": "paved", "feature_type": "road", "nearest_transect_id": "T02", "erosion_rate_m_per_year": 0.508, "distance_to_shoreline_m": 454.5, "years_to_impact": 894.6, "risk_level": "bajo", "risk_explanation": "Impacto estimado después de 30 años", "horizon_years": 30, "exposed_length_m": 0.0, "exposed_area_m2": null }, "geometry": { "type": "LineString", "coordinates": [ [ -71.5841169, -33.02911 ], [ -71.5839744, -33.0290901 ] ] } },
{ "type": "Feature", "properties": { "osm_id": "way/1423475429", "name": "Pasaje Balmaceda", "source": "OpenStreetMap/Overpass", "highway": "living_street", "surface": "concrete", "feature_type": "road", "nearest_transect_id": "T02", "erosion_rate_m_per_year": 0.508, "distance_to_shoreline_m": 532.4, "years_to_impact": 1047.9, "risk_level": "bajo", "risk_explanation": "Impacto estimado después de 30 años", "horizon_years": 30, "exposed_length_m": 0.0, "exposed_area_m2": null }, "geometry": { "type": "LineString", "coordinates": [ [ -71.583397056466893, -33.028694967895383 ], [ -71.5833998, -33.0286851 ] ] } },
{ "type": "Feature", "properties": { "osm_id": "way/574636784", "name": null, "source": "OpenStreetMap/Overpass", "highway": "pedestrian", "surface": null, "feature_type": "road", "nearest_transect_id": "T02", "erosion_rate_m_per_year": 0.508, "distance_to_shoreline_m": 337.2, "years_to_impact": 663.7, "risk_level": "bajo", "risk_explanation": "Impacto estimado después de 30 años", "horizon_years": 30, "exposed_length_m": 0.0, "exposed_area_m2": null }, "geometry": { "type": "LineString", "coordinates": [ [ -71.5853088, -33.0294477 ], [ -71.5852511, -33.0295623 ] ] } },
{ "type": "Feature", "properties": { "osm_id": "way/574636785", "name": null, "source": "OpenStreetMap/Overpass", "highway": "steps", "surface": null, "feature_type": "road", "nearest_transect_id": "T02", "erosion_rate_m_per_year": 0.508, "distance_to_shoreline_m": 336.5, "years_to_impact": 662.2, "risk_level": "bajo", "risk_explanation": "Impacto estimado después de 30 años", "horizon_years": 30, "exposed_length_m": 0.0, "exposed_area_m2": null }, "geometry": { "type": "LineString", "coordinates": [ [ -71.5852608, -33.0293063 ], [ -71.5853289, -33.0294106 ], [ -71.5853088, -33.0294477 ] ] } },
{ "type": "Feature", "properties": { "osm_id": "way/54967050", "name": "Las Sirenas", "source": "OpenStreetMap/Overpass", "highway": "steps", "surface": null, "feature_type": "road", "nearest_transect_id": "T02", "erosion_rate_m_per_year": 0.508, "distance_to_shoreline_m": 294.4, "years_to_impact": 579.5, "risk_level": "bajo", "risk_explanation": "Impacto estimado después de 30 años", "horizon_years": 30, "exposed_length_m": 0.0, "exposed_area_m2": null }, "geometry": { "type": "LineString", "coordinates": [ [ -71.5857388, -33.029526699999984 ], [ -71.5857935, -33.0294241 ], [ -71.585744300000016, -33.0293634 ], [ -71.5857191, -33.0293262 ], [ -71.5857072, -33.0292732 ], [ -71.5857033, -33.0292067 ], [ -71.585686, -33.029095799999986 ], [ -71.5857004, -33.0290643 ], [ -71.5857306, -33.02904 ], [ -71.5857469, -33.028997 ] ] } },
{ "type": "Feature", "properties": { "osm_id": "way/574636749", "name": null, "source": "OpenStreetMap/Overpass", "highway": "footway", "surface": null, "feature_type": "road", "nearest_transect_id": "T01", "erosion_rate_m_per_year": 0.4, "distance_to_shoreline_m": 210.5, "years_to_impact": 526.2, "risk_level": "bajo", "risk_explanation": "Impacto estimado después de 30 años", "horizon_years": 30, "exposed_length_m": 0.0, "exposed_area_m2": null }, "geometry": { "type": "LineString", "coordinates": [ [ -71.5867963, -33.0292709 ], [ -71.5868677, -33.0292466 ] ] } },
{ "type": "Feature", "properties": { "osm_id": "way/1424904962", "name": null, "source": "OpenStreetMap/Overpass", "highway": "service", "surface": null, "feature_type": "road", "nearest_transect_id": "T02", "erosion_rate_m_per_year": 0.508, "distance_to_shoreline_m": 364.0, "years_to_impact": 716.4, "risk_level": "bajo", "risk_explanation": "Impacto estimado después de 30 años", "horizon_years": 30, "exposed_length_m": 0.0, "exposed_area_m2": null }, "geometry": { "type": "LineString", "coordinates": [ [ -71.584916, -33.0297188 ], [ -71.5849652, -33.0295681 ], [ -71.5850359, -33.0293728 ], [ -71.5850238, -33.0293174 ], [ -71.5849803, -33.0292539 ], [ -71.5848772, -33.029119799999989 ], [ -71.5848743, -33.029081 ], [ -71.5848696, -33.0290469 ], [ -71.5849519, -33.028781099999989 ] ] } },
{ "type": "Feature", "properties": { "osm_id": "way/1419913813", "name": "Pasarela Escuela Industrial", "source": "OpenStreetMap/Overpass", "highway": "steps", "surface": "paved", "feature_type": "road", "nearest_transect_id": "T01", "erosion_rate_m_per_year": 0.4, "distance_to_shoreline_m": 243.7, "years_to_impact": 609.3, "risk_level": "bajo", "risk_explanation": "Impacto estimado después de 30 años", "horizon_years": 30, "exposed_length_m": 0.0, "exposed_area_m2": null }, "geometry": { "type": "LineString", "coordinates": [ [ -71.5864402, -33.0292117 ], [ -71.5864239, -33.0291784 ], [ -71.586521, -33.0291532 ] ] } },
{ "type": "Feature", "properties": { "osm_id": "way/288254039", "name": "Pasarela Escuela Industrial", "source": "OpenStreetMap/Overpass", "highway": "steps", "surface": "paved", "feature_type": "road", "nearest_transect_id": "T01", "erosion_rate_m_per_year": 0.4, "distance_to_shoreline_m": 210.5, "years_to_impact": 526.2, "risk_level": "bajo", "risk_explanation": "Impacto estimado después de 30 años", "horizon_years": 30, "exposed_length_m": 0.0, "exposed_area_m2": null }, "geometry": { "type": "LineString", "coordinates": [ [ -71.5868677, -33.0292466 ], [ -71.5867928, -33.0291099 ] ] } },
{ "type": "Feature", "properties": { "osm_id": "way/1419917474", "name": "Pasarela Escuela Industrial", "source": "OpenStreetMap/Overpass", "highway": "footway", "surface": "paved", "feature_type": "road", "nearest_transect_id": "T01", "erosion_rate_m_per_year": 0.4, "distance_to_shoreline_m": 224.5, "years_to_impact": 561.3, "risk_level": "bajo", "risk_explanation": "Impacto estimado después de 30 años", "horizon_years": 30, "exposed_length_m": 0.0, "exposed_area_m2": null }, "geometry": { "type": "LineString", "coordinates": [ [ -71.5867928, -33.0291099 ], [ -71.5864402, -33.0292117 ] ] } },
{ "type": "Feature", "properties": { "osm_id": "way/550280265", "name": "Avenida España", "source": "OpenStreetMap/Overpass", "highway": "primary", "surface": "concrete", "feature_type": "road", "nearest_transect_id": "T01", "erosion_rate_m_per_year": 0.4, "distance_to_shoreline_m": 125.7, "years_to_impact": 314.3, "risk_level": "bajo", "risk_explanation": "Impacto estimado después de 30 años", "horizon_years": 30, "exposed_length_m": 0.0, "exposed_area_m2": null }, "geometry": { "type": "LineString", "coordinates": [ [ -71.5874465, -33.0302933 ], [ -71.5873423, -33.0302372 ], [ -71.5872441, -33.030174 ], [ -71.5871525, -33.0301041 ], [ -71.5870796, -33.030039100000018 ], [ -71.5870126, -33.0299698 ], [ -71.5869516, -33.0298967 ], [ -71.5868971, -33.0298201 ], [ -71.5867887, -33.0296428 ], [ -71.5867044, -33.029499 ], [ -71.5866213, -33.0293429 ], [ -71.586521, -33.0291532 ], [ -71.5864558, -33.0290276 ], [ -71.5863545, -33.0288039 ], [ -71.5862423, -33.028581699999989 ], [ -71.5861691, -33.0284361 ], [ -71.5860168, -33.0281242 ], [ -71.58591, -33.027891099999984 ] ] } },
{ "type": "Feature", "properties": { "osm_id": "way/485026257", "name": "Avenida España", "source": "OpenStreetMap/Overpass", "highway": "primary", "surface": "concrete", "feature_type": "road", "nearest_transect_id": "T01", "erosion_rate_m_per_year": 0.4, "distance_to_shoreline_m": 59.7, "years_to_impact": 149.2, "risk_level": "bajo", "risk_explanation": "Impacto estimado después de 30 años", "horizon_years": 30, "exposed_length_m": 0.0, "exposed_area_m2": null }, "geometry": { "type": "LineString", "coordinates": [ [ -71.584822, -33.0262654 ], [ -71.5848933, -33.0263305 ], [ -71.5849366, -33.02637 ], [ -71.5850979, -33.0265347 ], [ -71.5853451, -33.0267787 ], [ -71.5854328, -33.0268584 ], [ -71.5855068, -33.0269358 ], [ -71.5855746, -33.0270172 ], [ -71.58563580000002, -33.0271021 ], [ -71.5856901, -33.0271903 ], [ -71.5857374, -33.027281299999984 ], [ -71.5862018, -33.0282437 ], [ -71.5865314, -33.0288862 ], [ -71.5867963, -33.0292709 ], [ -71.5868437, -33.0293387 ], [ -71.5872426, -33.0297901 ], [ -71.5874006, -33.0299508 ], [ -71.5875653, -33.0301067 ], [ -71.587736300000017, -33.030257799999987 ], [ -71.587913500000013, -33.0304037 ], [ -71.5880724, -33.0305262 ], [ -71.5882356, -33.0306447 ], [ -71.5883492, -33.0307295 ], [ -71.5884579, -33.030818799999984 ], [ -71.5885613, -33.0309123 ], [ -71.5886593, -33.0310099 ], [ -71.588771, -33.0311339 ], [ -71.5888739, -33.0312632 ], [ -71.5889676, -33.0313973 ], [ -71.5890518, -33.0315358 ], [ -71.5893173, -33.0318601 ] ] } },
{ "type": "Feature", "properties": { "osm_id": "way/574636757", "name": null, "source": "OpenStreetMap/Overpass", "highway": "steps", "surface": null, "feature_type": "road", "nearest_transect_id": "T02", "erosion_rate_m_per_year": 0.508, "distance_to_shoreline_m": 420.6, "years_to_impact": 827.7, "risk_level": "bajo", "risk_explanation": "Impacto estimado después de 30 años", "horizon_years": 30, "exposed_length_m": 0.0, "exposed_area_m2": null }, "geometry": { "type": "LineString", "coordinates": [ [ -71.5842674, -33.0288484 ], [ -71.5843794, -33.0288669 ], [ -71.5845839, -33.0288934 ] ] } },
{ "type": "Feature", "properties": { "osm_id": "way/23630167", "name": "Amunátegui", "source": "OpenStreetMap/Overpass", "highway": "residential", "surface": "concrete", "feature_type": "road", "nearest_transect_id": "T02", "erosion_rate_m_per_year": 0.508, "distance_to_shoreline_m": 446.5, "years_to_impact": 878.8, "risk_level": "bajo", "risk_explanation": "Impacto estimado después de 30 años", "horizon_years": 30, "exposed_length_m": 0.0, "exposed_area_m2": null }, "geometry": { "type": "LineString", "coordinates": [ [ -71.583380028253529, -33.02811180227436 ], [ -71.5834205, -33.0281189 ], [ -71.5834763, -33.0281285 ], [ -71.5837655, -33.0281857 ], [ -71.5839105, -33.0282024 ], [ -71.5839759, -33.0282196 ], [ -71.5840807, -33.0282639 ], [ -71.5841155, -33.028284 ], [ -71.584161800000018, -33.0283219 ], [ -71.5841955, -33.0283602 ], [ -71.5842674, -33.0288484 ], [ -71.5842017, -33.029121 ], [ -71.5840639, -33.0295492 ] ] } },
{ "type": "Feature", "properties": { "osm_id": "way/290452102", "name": "Pasaje Amunátegui", "source": "OpenStreetMap/Overpass", "highway": "living_street", "surface": "concrete", "feature_type": "road", "nearest_transect_id": "T02", "erosion_rate_m_per_year": 0.508, "distance_to_shoreline_m": 498.6, "years_to_impact": 981.3, "risk_level": "bajo", "risk_explanation": "Impacto estimado después de 30 años", "horizon_years": 30, "exposed_length_m": 0.0, "exposed_area_m2": null }, "geometry": { "type": "LineString", "coordinates": [ [ -71.5837472, -33.0282677 ], [ -71.5837002, -33.028445 ], [ -71.5837095, -33.0284768 ], [ -71.5837303, -33.028497 ], [ -71.5838625, -33.0285169 ] ] } },
{ "type": "Feature", "properties": { "osm_id": "way/1423475427", "name": "Pasaje Amunátegui", "source": "OpenStreetMap/Overpass", "highway": "living_street", "surface": "concrete", "feature_type": "road", "nearest_transect_id": "T02", "erosion_rate_m_per_year": 0.508, "distance_to_shoreline_m": 551.3, "years_to_impact": 1085.0, "risk_level": "bajo", "risk_explanation": "Impacto estimado después de 30 años", "horizon_years": 30, "exposed_length_m": 0.0, "exposed_area_m2": null }, "geometry": { "type": "LineString", "coordinates": [ [ -71.5833972, -33.0282079 ], [ -71.583384077559003, -33.028250478933749 ] ] } },
{ "type": "Feature", "properties": { "osm_id": "way/574636752", "name": "Amunátegui", "source": "OpenStreetMap/Overpass", "highway": "residential", "surface": "paved", "feature_type": "road", "nearest_transect_id": "T01", "erosion_rate_m_per_year": 0.4, "distance_to_shoreline_m": 477.2, "years_to_impact": 1193.1, "risk_level": "bajo", "risk_explanation": "Impacto estimado después de 30 años", "horizon_years": 30, "exposed_length_m": 0.0, "exposed_area_m2": null }, "geometry": { "type": "LineString", "coordinates": [ [ -71.5840807, -33.0282639 ], [ -71.5841266, -33.0282187 ], [ -71.5841494, -33.0281988 ], [ -71.5841638, -33.0281926 ], [ -71.5841796, -33.0281912 ], [ -71.584205, -33.0282002 ], [ -71.5842275, -33.0282103 ], [ -71.5842399, -33.0282271 ], [ -71.5842278, -33.0282596 ], [ -71.5841955, -33.0283602 ] ] } },
{ "type": "Feature", "properties": { "osm_id": "way/1423475428", "name": "Pasaje Amunátegui", "source": "OpenStreetMap/Overpass", "highway": "living_street", "surface": "concrete", "feature_type": "road", "nearest_transect_id": "T02", "erosion_rate_m_per_year": 0.508, "distance_to_shoreline_m": 519.5, "years_to_impact": 1022.4, "risk_level": "bajo", "risk_explanation": "Impacto estimado después de 30 años", "horizon_years": 30, "exposed_length_m": 0.0, "exposed_area_m2": null }, "geometry": { "type": "LineString", "coordinates": [ [ -71.5837655, -33.0281857 ], [ -71.5837472, -33.0282677 ] ] } },
{ "type": "Feature", "properties": { "osm_id": "way/1420127132", "name": null, "source": "OpenStreetMap/Overpass", "highway": "footway", "surface": null, "feature_type": "road", "nearest_transect_id": "T01", "erosion_rate_m_per_year": 0.4, "distance_to_shoreline_m": 503.9, "years_to_impact": 1259.7, "risk_level": "bajo", "risk_explanation": "Impacto estimado después de 30 años", "horizon_years": 30, "exposed_length_m": 0.0, "exposed_area_m2": null }, "geometry": { "type": "LineString", "coordinates": [ [ -71.5839851, -33.028176599999981 ], [ -71.5839214, -33.0281664 ] ] } },
{ "type": "Feature", "properties": { "osm_id": "way/290452103", "name": "Pasaje Amunátegui", "source": "OpenStreetMap/Overpass", "highway": "living_street", "surface": "concrete", "feature_type": "road", "nearest_transect_id": "T02", "erosion_rate_m_per_year": 0.508, "distance_to_shoreline_m": 552.0, "years_to_impact": 1086.5, "risk_level": "bajo", "risk_explanation": "Impacto estimado después de 30 años", "horizon_years": 30, "exposed_length_m": 0.0, "exposed_area_m2": null }, "geometry": { "type": "LineString", "coordinates": [ [ -71.5834205, -33.0281189 ], [ -71.5833972, -33.0282079 ] ] } },
{ "type": "Feature", "properties": { "osm_id": "way/1419893228", "name": null, "source": "OpenStreetMap/Overpass", "highway": "service", "surface": "paved", "feature_type": "road", "nearest_transect_id": "T01", "erosion_rate_m_per_year": 0.4, "distance_to_shoreline_m": 502.5, "years_to_impact": 1256.3, "risk_level": "bajo", "risk_explanation": "Impacto estimado después de 30 años", "horizon_years": 30, "exposed_length_m": 0.0, "exposed_area_m2": null }, "geometry": { "type": "LineString", "coordinates": [ [ -71.5840153, -33.0280596 ], [ -71.5839851, -33.028176599999981 ], [ -71.5839759, -33.0282196 ] ] } },
{ "type": "Feature", "properties": { "osm_id": "way/1419893227", "name": null, "source": "OpenStreetMap/Overpass", "highway": "service", "surface": "paved", "feature_type": "road", "nearest_transect_id": "T01", "erosion_rate_m_per_year": 0.4, "distance_to_shoreline_m": 508.8, "years_to_impact": 1272.1, "risk_level": "bajo", "risk_explanation": "Impacto estimado después de 30 años", "horizon_years": 30, "exposed_length_m": 0.0, "exposed_area_m2": null }, "geometry": { "type": "LineString", "coordinates": [ [ -71.5839105, -33.0282024 ], [ -71.5839214, -33.0281664 ], [ -71.5839522, -33.0280506 ] ] } },
{ "type": "Feature", "properties": { "osm_id": "way/1105666797", "name": "Avenida España", "source": "OpenStreetMap/Overpass", "highway": "primary", "surface": "concrete", "feature_type": "road", "nearest_transect_id": "T37", "erosion_rate_m_per_year": -0.165, "distance_to_shoreline_m": 38.0, "years_to_impact": null, "risk_level": "bajo", "risk_explanation": "Sin avance erosivo positivo medido", "horizon_years": 30, "exposed_length_m": 0.0, "exposed_area_m2": null }, "geometry": { "type": "LineString", "coordinates": [ [ -71.5929522, -33.0333158 ], [ -71.5934854, -33.0334189 ], [ -71.593969, -33.0335616 ], [ -71.5948233, -33.0338425 ], [ -71.595188300000018, -33.0339483 ] ] } },
{ "type": "Feature", "properties": { "osm_id": "way/602742637", "name": "Avenida España", "source": "OpenStreetMap/Overpass", "highway": "primary", "surface": "concrete", "feature_type": "road", "nearest_transect_id": "T33", "erosion_rate_m_per_year": 0.376, "distance_to_shoreline_m": 47.4, "years_to_impact": 126.1, "risk_level": "bajo", "risk_explanation": "Impacto estimado después de 30 años", "horizon_years": 30, "exposed_length_m": 0.0, "exposed_area_m2": null }, "geometry": { "type": "LineString", "coordinates": [ [ -71.5951165, -33.0340283 ], [ -71.5947254, -33.033907 ], [ -71.5939481, -33.0336388 ], [ -71.5933983, -33.0334855 ], [ -71.5920352, -33.0332309 ] ] } },
{ "type": "Feature", "properties": { "osm_id": "way/1105666795", "name": "Avenida España", "source": "OpenStreetMap/Overpass", "highway": "primary", "surface": "concrete", "feature_type": "road", "nearest_transect_id": "T27", "erosion_rate_m_per_year": 1.186, "distance_to_shoreline_m": 46.6, "years_to_impact": 39.3, "risk_level": "bajo", "risk_explanation": "Impacto estimado después de 30 años", "horizon_years": 30, "exposed_length_m": 0.0, "exposed_area_m2": null }, "geometry": { "type": "LineString", "coordinates": [ [ -71.5921162, -33.0331454 ], [ -71.5924676, -33.0332221 ], [ -71.5929522, -33.0333158 ] ] } },
{ "type": "Feature", "properties": { "osm_id": "way/153992622", "name": "Rodolfo Philippi", "source": "OpenStreetMap/Overpass", "highway": "tertiary_link", "surface": "concrete", "feature_type": "road", "nearest_transect_id": "T12", "erosion_rate_m_per_year": 1.492, "distance_to_shoreline_m": 320.5, "years_to_impact": 214.8, "risk_level": "bajo", "risk_explanation": "Impacto estimado después de 30 años", "horizon_years": 30, "exposed_length_m": 0.0, "exposed_area_m2": null }, "geometry": { "type": "LineString", "coordinates": [ [ -71.5886668, -33.0340577 ], [ -71.5886984, -33.0338687 ] ] } },
{ "type": "Feature", "properties": { "osm_id": "way/24963981", "name": "Avenida Los Placeres", "source": "OpenStreetMap/Overpass", "highway": "secondary_link", "surface": "concrete", "feature_type": "road", "nearest_transect_id": "T15", "erosion_rate_m_per_year": 1.735, "distance_to_shoreline_m": 291.6, "years_to_impact": 168.1, "risk_level": "bajo", "risk_explanation": "Impacto estimado después de 30 años", "horizon_years": 30, "exposed_length_m": 0.0, "exposed_area_m2": null }, "geometry": { "type": "LineString", "coordinates": [ [ -71.5891378, -33.0338591 ], [ -71.5891079, -33.03390730000001 ], [ -71.5890975, -33.0339367 ], [ -71.589099, -33.0339762 ], [ -71.5891223, -33.0340068 ], [ -71.5891572, -33.034023 ], [ -71.589236, -33.0340479 ] ] } },
{ "type": "Feature", "properties": { "osm_id": "way/153992618", "name": "Lastarria", "source": "OpenStreetMap/Overpass", "highway": "tertiary", "surface": "concrete", "feature_type": "road", "nearest_transect_id": "T12", "erosion_rate_m_per_year": 1.492, "distance_to_shoreline_m": 305.1, "years_to_impact": 204.5, "risk_level": "bajo", "risk_explanation": "Impacto estimado después de 30 años", "horizon_years": 30, "exposed_length_m": 0.0, "exposed_area_m2": null }, "geometry": { "type": "LineString", "coordinates": [ [ -71.5887544, -33.0339725 ], [ -71.5887288, -33.0339447 ], [ -71.5886984, -33.0338687 ], [ -71.5887482, -33.0337111 ] ] } },
{ "type": "Feature", "properties": { "osm_id": "way/153992617", "name": "Lastarria", "source": "OpenStreetMap/Overpass", "highway": "tertiary", "surface": "concrete", "feature_type": "road", "nearest_transect_id": "T12", "erosion_rate_m_per_year": 1.492, "distance_to_shoreline_m": 305.1, "years_to_impact": 204.5, "risk_level": "bajo", "risk_explanation": "Impacto estimado después de 30 años", "horizon_years": 30, "exposed_length_m": 0.0, "exposed_area_m2": null }, "geometry": { "type": "LineString", "coordinates": [ [ -71.5887482, -33.0337111 ], [ -71.5887869, -33.0338208 ], [ -71.5888111, -33.033857 ], [ -71.588834, -33.0338775 ], [ -71.5888545, -33.0338937 ] ] } },
{ "type": "Feature", "properties": { "osm_id": "way/519794601", "name": null, "source": "OpenStreetMap/Overpass", "highway": "footway", "surface": "asphalt", "feature_type": "road", "nearest_transect_id": "T13", "erosion_rate_m_per_year": 1.573, "distance_to_shoreline_m": 274.4, "years_to_impact": 174.4, "risk_level": "bajo", "risk_explanation": "Impacto estimado después de 30 años", "horizon_years": 30, "exposed_length_m": 0.0, "exposed_area_m2": null }, "geometry": { "type": "LineString", "coordinates": [ [ -71.5892692, -33.0337667 ], [ -71.5892192, -33.033713 ] ] } },
{ "type": "Feature", "properties": { "osm_id": "way/24963949", "name": "Pelle", "source": "OpenStreetMap/Overpass", "highway": "secondary", "surface": "concrete", "feature_type": "road", "nearest_transect_id": "T13", "erosion_rate_m_per_year": 1.573, "distance_to_shoreline_m": 186.2, "years_to_impact": 118.3, "risk_level": "bajo", "risk_explanation": "Impacto estimado después de 30 años", "horizon_years": 30, "exposed_length_m": 0.0, "exposed_area_m2": null }, "geometry": { "type": "LineString", "coordinates": [ [ -71.5888973, -33.03390670000001 ], [ -71.5891383, -33.0337649 ], [ -71.5892192, -33.033713 ], [ -71.589949300000015, -33.0331897 ] ] } },
{ "type": "Feature", "properties": { "osm_id": "way/519778979", "name": "Lastarria", "source": "OpenStreetMap/Overpass", "highway": "tertiary", "surface": "concrete", "feature_type": "road", "nearest_transect_id": "T10", "erosion_rate_m_per_year": 1.33, "distance_to_shoreline_m": 268.1, "years_to_impact": 201.7, "risk_level": "bajo", "risk_explanation": "Impacto estimado después de 30 años", "horizon_years": 30, "exposed_length_m": 0.0, "exposed_area_m2": null }, "geometry": { "type": "LineString", "coordinates": [ [ -71.588837, -33.0332758 ], [ -71.5888198, -33.033373599999983 ], [ -71.588778300000016, -33.0335616 ], [ -71.5887482, -33.0337111 ] ] } },
{ "type": "Feature", "properties": { "osm_id": "way/586648618", "name": "Pelle", "source": "OpenStreetMap/Overpass", "highway": "secondary", "surface": "concrete", "feature_type": "road", "nearest_transect_id": "T15", "erosion_rate_m_per_year": 1.735, "distance_to_shoreline_m": 130.1, "years_to_impact": 75.0, "risk_level": "bajo", "risk_explanation": "Impacto estimado después de 30 años", "horizon_years": 30, "exposed_length_m": 0.0, "exposed_area_m2": null }, "geometry": { "type": "LineString", "coordinates": [ [ -71.5904972, -33.0328882 ], [ -71.5903509, -33.0330391 ], [ -71.5901986, -33.033145899999987 ], [ -71.5901561, -33.0331727 ], [ -71.5900451, -33.0332445 ], [ -71.5892692, -33.0337667 ], [ -71.5891378, -33.0338591 ], [ -71.5890108, -33.0339382 ], [ -71.5889365, -33.0339781 ] ] } },
{ "type": "Feature", "properties": { "osm_id": "way/211065040", "name": null, "source": "OpenStreetMap/Overpass", "highway": "steps", "surface": null, "feature_type": "road", "nearest_transect_id": "T15", "erosion_rate_m_per_year": 1.735, "distance_to_shoreline_m": 185.9, "years_to_impact": 107.1, "risk_level": "bajo", "risk_explanation": "Impacto estimado después de 30 años", "horizon_years": 30, "exposed_length_m": 0.0, "exposed_area_m2": null }, "geometry": { "type": "LineString", "coordinates": [ [ -71.5901563, -33.033410499999988 ], [ -71.5901114, -33.0333571 ], [ -71.5900806, -33.033380399999984 ], [ -71.5900622, -33.0333607 ], [ -71.5901181, -33.0333184 ], [ -71.5900451, -33.0332445 ] ] } },
{ "type": "Feature", "properties": { "osm_id": "way/153992621", "name": "Pasaje Victorino Lastarria", "source": "OpenStreetMap/Overpass", "highway": "living_street", "surface": "concrete", "feature_type": "road", "nearest_transect_id": "T08", "erosion_rate_m_per_year": 1.157, "distance_to_shoreline_m": 246.6, "years_to_impact": 213.2, "risk_level": "bajo", "risk_explanation": "Impacto estimado después de 30 años", "horizon_years": 30, "exposed_length_m": 0.0, "exposed_area_m2": null }, "geometry": { "type": "LineString", "coordinates": [ [ -71.5885205, -33.0329124 ], [ -71.5884112, -33.0331632 ], [ -71.5883786, -33.0332376 ], [ -71.5883343, -33.0333201 ], [ -71.5882464, -33.0334971 ], [ -71.5882139, -33.0335187 ], [ -71.5881597, -33.0335313 ], [ -71.588105, -33.0335242 ], [ -71.588063, -33.0335211 ], [ -71.58795, -33.0335004 ], [ -71.5878362, -33.0335227 ], [ -71.5877599, -33.0335555 ] ] } },
{ "type": "Feature", "properties": { "osm_id": "way/153992625", "name": "Pasaje Gabriela", "source": "OpenStreetMap/Overpass", "highway": "living_street", "surface": "concrete", "feature_type": "road", "nearest_transect_id": "T08", "erosion_rate_m_per_year": 1.157, "distance_to_shoreline_m": 266.3, "years_to_impact": 230.2, "risk_level": "bajo", "risk_explanation": "Impacto estimado después de 30 años", "horizon_years": 30, "exposed_length_m": 0.0, "exposed_area_m2": null }, "geometry": { "type": "LineString", "coordinates": [ [ -71.5883343, -33.0333201 ], [ -71.5882703, -33.0333364 ], [ -71.5882046, -33.0333306 ], [ -71.588163, -33.0333239 ], [ -71.5881461, -33.0333122 ], [ -71.5881354, -33.0332907 ], [ -71.5881295, -33.0332655 ], [ -71.5881294, -33.0332403 ], [ -71.58817470000001, -33.032993 ] ] } },
{ "type": "Feature", "properties": { "osm_id": "way/519787417", "name": null, "source": "OpenStreetMap/Overpass", "highway": "footway", "surface": null, "feature_type": "road", "nearest_transect_id": "T06", "erosion_rate_m_per_year": 0.941, "distance_to_shoreline_m": 143.9, "years_to_impact": 153.0, "risk_level": "bajo", "risk_explanation": "Impacto estimado después de 30 años", "horizon_years": 30, "exposed_length_m": 0.0, "exposed_area_m2": null }, "geometry": { "type": "LineString", "coordinates": [ [ -71.5902852, -33.0329251 ], [ -71.5903655, -33.0329858 ], [ -71.590122100000016, -33.033134900000015 ], [ -71.5901561, -33.0331727 ] ] } },
{ "type": "Feature", "properties": { "osm_id": "way/550280273", "name": "Pelle", "source": "OpenStreetMap/Overpass", "highway": "secondary", "surface": "concrete", "feature_type": "road", "nearest_transect_id": "T15", "erosion_rate_m_per_year": 1.735, "distance_to_shoreline_m": 131.4, "years_to_impact": 75.8, "risk_level": "bajo", "risk_explanation": "Impacto estimado después de 30 años", "horizon_years": 30, "exposed_length_m": 0.0, "exposed_area_m2": null }, "geometry": { "type": "LineString", "coordinates": [ [ -71.589949300000015, -33.0331897 ], [ -71.5902412, -33.032965 ], [ -71.5902852, -33.0329251 ], [ -71.590373, -33.0328393 ] ] } },
{ "type": "Feature", "properties": { "osm_id": "way/23500225", "name": null, "source": "OpenStreetMap/Overpass", "highway": "service", "surface": "asphalt", "feature_type": "road", "nearest_transect_id": "T10", "erosion_rate_m_per_year": 1.33, "distance_to_shoreline_m": 158.6, "years_to_impact": 119.3, "risk_level": "bajo", "risk_explanation": "Impacto estimado después de 30 años", "horizon_years": 30, "exposed_length_m": 0.0, "exposed_area_m2": null }, "geometry": { "type": "LineString", "coordinates": [ [ -71.5891383, -33.0337649 ], [ -71.5890837, -33.0337029 ], [ -71.589033, -33.0336476 ], [ -71.5889976, -33.0336115 ], [ -71.5889898, -33.033538 ], [ -71.5889938, -33.0334762 ], [ -71.588999300000012, -33.0334086 ], [ -71.5890094, -33.033325199999986 ], [ -71.5890246, -33.0331786 ], [ -71.5890113, -33.0331332 ], [ -71.5889497, -33.03304940000001 ], [ -71.5888435, -33.0329237 ], [ -71.5887183, -33.0327781 ], [ -71.588624800000019, -33.032608 ], [ -71.5886414, -33.0325252 ], [ -71.5887758, -33.0323738 ], [ -71.5888553, -33.0323164 ], [ -71.5890225, -33.0322001 ] ] } },
{ "type": "Feature", "properties": { "osm_id": "way/512363090", "name": "Lastarria", "source": "OpenStreetMap/Overpass", "highway": "tertiary", "surface": "concrete", "feature_type": "road", "nearest_transect_id": "T09", "erosion_rate_m_per_year": 1.249, "distance_to_shoreline_m": 222.0, "years_to_impact": 177.8, "risk_level": "bajo", "risk_explanation": "Impacto estimado después de 30 años", "horizon_years": 30, "exposed_length_m": 0.0, "exposed_area_m2": null }, "geometry": { "type": "LineString", "coordinates": [ [ -71.5882868, -33.0325972 ], [ -71.5883627, -33.0327266 ], [ -71.5883975, -33.0327935 ], [ -71.5884424, -33.0328576 ], [ -71.5885205, -33.0329124 ], [ -71.5886156, -33.0329693 ], [ -71.5886963, -33.0330253 ], [ -71.5887829, -33.0331027 ], [ -71.5888286, -33.0331831 ], [ -71.588837, -33.0332758 ] ] } },
{ "type": "Feature", "properties": { "osm_id": "way/586648619", "name": "Avenida España", "source": "OpenStreetMap/Overpass", "highway": "primary", "surface": "concrete", "feature_type": "road", "nearest_transect_id": "T17", "erosion_rate_m_per_year": 1.865, "distance_to_shoreline_m": 130.1, "years_to_impact": 69.7, "risk_level": "bajo", "risk_explanation": "Impacto estimado después de 30 años", "horizon_years": 30, "exposed_length_m": 0.0, "exposed_area_m2": null }, "geometry": { "type": "LineString", "coordinates": [ [ -71.5904972, -33.0328882 ], [ -71.590373, -33.0328393 ] ] } },
{ "type": "Feature", "properties": { "osm_id": "way/1105666793", "name": "Avenida España", "source": "OpenStreetMap/Overpass", "highway": "primary", "surface": "concrete", "feature_type": "road", "nearest_transect_id": "T15", "erosion_rate_m_per_year": 1.735, "distance_to_shoreline_m": 131.4, "years_to_impact": 75.8, "risk_level": "bajo", "risk_explanation": "Impacto estimado después de 30 años", "horizon_years": 30, "exposed_length_m": 0.0, "exposed_area_m2": null }, "geometry": { "type": "LineString", "coordinates": [ [ -71.590373, -33.0328393 ], [ -71.5901999, -33.0327456 ] ] } },
{ "type": "Feature", "properties": { "osm_id": "way/298027242", "name": "Pelle", "source": "OpenStreetMap/Overpass", "highway": "secondary", "surface": "concrete", "feature_type": "road", "nearest_transect_id": "T15", "erosion_rate_m_per_year": 1.735, "distance_to_shoreline_m": 116.9, "years_to_impact": 67.4, "risk_level": "bajo", "risk_explanation": "Impacto estimado después de 30 años", "horizon_years": 30, "exposed_length_m": 0.0, "exposed_area_m2": null }, "geometry": { "type": "LineString", "coordinates": [ [ -71.590373, -33.0328393 ], [ -71.5904865, -33.0327455 ] ] } },
{ "type": "Feature", "properties": { "osm_id": "way/1105666794", "name": "Avenida España", "source": "OpenStreetMap/Overpass", "highway": "primary", "surface": "concrete", "feature_type": "road", "nearest_transect_id": "T13", "erosion_rate_m_per_year": 1.573, "distance_to_shoreline_m": 133.3, "years_to_impact": 84.7, "risk_level": "bajo", "risk_explanation": "Impacto estimado después de 30 años", "horizon_years": 30, "exposed_length_m": 0.0, "exposed_area_m2": null }, "geometry": { "type": "LineString", "coordinates": [ [ -71.5901999, -33.0327456 ], [ -71.5901206, -33.0327087 ], [ -71.5899138, -33.0325984 ], [ -71.5897694, -33.0324965 ] ] } },
{ "type": "Feature", "properties": { "osm_id": "way/56006083", "name": "Avenida España", "source": "OpenStreetMap/Overpass", "highway": "service", "surface": "asphalt", "feature_type": "road", "nearest_transect_id": "T15", "erosion_rate_m_per_year": 1.735, "distance_to_shoreline_m": 102.3, "years_to_impact": 58.9, "risk_level": "bajo", "risk_explanation": "Impacto estimado después de 30 años", "horizon_years": 30, "exposed_length_m": 0.0, "exposed_area_m2": null }, "geometry": { "type": "LineString", "coordinates": [ [ -71.5904865, -33.0327455 ], [ -71.5904221, -33.032618 ], [ -71.5904178, -33.032604 ], [ -71.5904129, -33.0325876 ], [ -71.5903913, -33.0325168 ], [ -71.5903472, -33.0324745 ], [ -71.5901852, -33.0323991 ] ] } },
{ "type": "Feature", "properties": { "osm_id": "way/778368111", "name": null, "source": "OpenStreetMap/Overpass", "highway": "footway", "surface": null, "feature_type": "road", "nearest_transect_id": "T19", "erosion_rate_m_per_year": 1.973, "distance_to_shoreline_m": 126.0, "years_to_impact": 63.9, "risk_level": "bajo", "risk_explanation": "Impacto estimado después de 30 años", "horizon_years": 30, "exposed_length_m": 0.0, "exposed_area_m2": null }, "geometry": { "type": "LineString", "coordinates": [ [ -71.5903509, -33.0330391 ], [ -71.5904251, -33.0331085 ], [ -71.5905565, -33.0331029 ], [ -71.5906551, -33.0330962 ], [ -71.5907308, -33.0331276 ], [ -71.5908019, -33.0331237 ], [ -71.5908731, -33.033144 ] ] } },
{ "type": "Feature", "properties": { "osm_id": "way/778368110", "name": null, "source": "OpenStreetMap/Overpass", "highway": "footway", "surface": "concrete", "feature_type": "road", "nearest_transect_id": "T20", "erosion_rate_m_per_year": 1.959, "distance_to_shoreline_m": 112.4, "years_to_impact": 57.3, "risk_level": "bajo", "risk_explanation": "Impacto estimado después de 30 años", "horizon_years": 30, "exposed_length_m": 0.0, "exposed_area_m2": null }, "geometry": { "type": "LineString", "coordinates": [ [ -71.5908731, -33.033144 ], [ -71.590928, -33.033016199999985 ] ] } },
{ "type": "Feature", "properties": { "osm_id": "way/45228690", "name": "Avenida España", "source": "OpenStreetMap/Overpass", "highway": "primary", "surface": "concrete", "feature_type": "road", "nearest_transect_id": "T22", "erosion_rate_m_per_year": 1.797, "distance_to_shoreline_m": 56.8, "years_to_impact": 31.6, "risk_level": "bajo", "risk_explanation": "Impacto estimado después de 30 años", "horizon_years": 30, "exposed_length_m": 0.0, "exposed_area_m2": null }, "geometry": { "type": "LineString", "coordinates": [ [ -71.5910839, -33.0329208 ], [ -71.5914668, -33.0330037 ], [ -71.5921162, -33.0331454 ] ] } },
{ "type": "Feature", "properties": { "osm_id": "way/23489700", "name": "Avenida España", "source": "OpenStreetMap/Overpass", "highway": "primary", "surface": "concrete", "feature_type": "road", "nearest_transect_id": "T18", "erosion_rate_m_per_year": 1.919, "distance_to_shoreline_m": 112.4, "years_to_impact": 58.6, "risk_level": "bajo", "risk_explanation": "Impacto estimado después de 30 años", "horizon_years": 30, "exposed_length_m": 0.0, "exposed_area_m2": null }, "geometry": { "type": "LineString", "coordinates": [ [ -71.590928, -33.033016199999985 ], [ -71.5908776, -33.0330012 ], [ -71.5907315, -33.0329616 ], [ -71.5906529, -33.032935 ], [ -71.5904972, -33.0328882 ] ] } },
{ "type": "Feature", "properties": { "osm_id": "way/112113903", "name": null, "source": "OpenStreetMap/Overpass", "highway": "footway", "surface": "metal", "feature_type": "road", "nearest_transect_id": "T19", "erosion_rate_m_per_year": 1.973, "distance_to_shoreline_m": 70.0, "years_to_impact": 35.5, "risk_level": "bajo", "risk_explanation": "Impacto estimado después de 30 años", "horizon_years": 30, "exposed_length_m": 0.0, "exposed_area_m2": null }, "geometry": { "type": "LineString", "coordinates": [ [ -71.5908959, -33.0331884 ], [ -71.5910455, -33.0328295 ], [ -71.5911151, -33.0326555 ], [ -71.5911343, -33.032602199999985 ] ] } },
{ "type": "Feature", "properties": { "osm_id": "way/649139821", "name": null, "source": "OpenStreetMap/Overpass", "highway": "footway", "surface": null, "feature_type": "road", "nearest_transect_id": "T23", "erosion_rate_m_per_year": 1.716, "distance_to_shoreline_m": 33.9, "years_to_impact": 19.8, "risk_level": "moderado", "risk_explanation": "Impacto estimado entre 10 y 30 años", "horizon_years": 30, "exposed_length_m": 43.7, "exposed_area_m2": null }, "geometry": { "type": "LineString", "coordinates": [ [ -71.592372900000015, -33.0330301 ], [ -71.5912989, -33.0327481 ] ] } },
{ "type": "Feature", "properties": { "osm_id": "way/731772213", "name": null, "source": "OpenStreetMap/Overpass", "highway": "footway", "surface": null, "feature_type": "road", "nearest_transect_id": "T20", "erosion_rate_m_per_year": 1.959, "distance_to_shoreline_m": 85.7, "years_to_impact": 43.7, "risk_level": "bajo", "risk_explanation": "Impacto estimado después de 30 años", "horizon_years": 30, "exposed_length_m": 0.0, "exposed_area_m2": null }, "geometry": { "type": "LineString", "coordinates": [ [ -71.5910839, -33.0329208 ], [ -71.5911034, -33.0328199 ] ] } },
{ "type": "Feature", "properties": { "osm_id": "way/1105666796", "name": "Avenida España", "source": "OpenStreetMap/Overpass", "highway": "primary", "surface": "concrete", "feature_type": "road", "nearest_transect_id": "T18", "erosion_rate_m_per_year": 1.919, "distance_to_shoreline_m": 94.5, "years_to_impact": 49.3, "risk_level": "bajo", "risk_explanation": "Impacto estimado después de 30 años", "horizon_years": 30, "exposed_length_m": 0.0, "exposed_area_m2": null }, "geometry": { "type": "LineString", "coordinates": [ [ -71.5904865, -33.0327455 ], [ -71.5908704, -33.0328746 ], [ -71.5910839, -33.0329208 ] ] } },
{ "type": "Feature", "properties": { "osm_id": "way/24963951", "name": "Pelle", "source": "OpenStreetMap/Overpass", "highway": "secondary", "surface": "concrete", "feature_type": "road", "nearest_transect_id": "T17", "erosion_rate_m_per_year": 1.865, "distance_to_shoreline_m": 116.9, "years_to_impact": 62.7, "risk_level": "bajo", "risk_explanation": "Impacto estimado después de 30 años", "horizon_years": 30, "exposed_length_m": 0.0, "exposed_area_m2": null }, "geometry": { "type": "LineString", "coordinates": [ [ -71.5904865, -33.0327455 ], [ -71.5904972, -33.0328882 ] ] } },
{ "type": "Feature", "properties": { "osm_id": "way/211065041", "name": null, "source": "OpenStreetMap/Overpass", "highway": "steps", "surface": "metal", "feature_type": "road", "nearest_transect_id": "T19", "erosion_rate_m_per_year": 1.973, "distance_to_shoreline_m": 85.7, "years_to_impact": 43.4, "risk_level": "bajo", "risk_explanation": "Impacto estimado después de 30 años", "horizon_years": 30, "exposed_length_m": 0.0, "exposed_area_m2": null }, "geometry": { "type": "LineString", "coordinates": [ [ -71.5910455, -33.0328295 ], [ -71.5910044, -33.0328187 ], [ -71.5910124, -33.032798 ], [ -71.5911034, -33.0328199 ] ] } },
{ "type": "Feature", "properties": { "osm_id": "way/649139820", "name": null, "source": "OpenStreetMap/Overpass", "highway": "footway", "surface": null, "feature_type": "road", "nearest_transect_id": "T23", "erosion_rate_m_per_year": 1.716, "distance_to_shoreline_m": 22.7, "years_to_impact": 13.2, "risk_level": "moderado", "risk_explanation": "Impacto estimado entre 10 y 30 años", "horizon_years": 30, "exposed_length_m": 92.5, "exposed_area_m2": null }, "geometry": { "type": "LineString", "coordinates": [ [ -71.5924046, -33.0329316 ], [ -71.5913311, -33.032650599999982 ] ] } },
{ "type": "Feature", "properties": { "osm_id": "way/649139825", "name": null, "source": "OpenStreetMap/Overpass", "highway": "steps", "surface": null, "feature_type": "road", "nearest_transect_id": "T11", "erosion_rate_m_per_year": 1.411, "distance_to_shoreline_m": 66.8, "years_to_impact": 47.3, "risk_level": "bajo", "risk_explanation": "Impacto estimado después de 30 años", "horizon_years": 30, "exposed_length_m": 0.0, "exposed_area_m2": null }, "geometry": { "type": "LineString", "coordinates": [ [ -71.5912989, -33.0327481 ], [ -71.5911679, -33.0327161 ] ] } },
{ "type": "Feature", "properties": { "osm_id": "way/649139822", "name": null, "source": "OpenStreetMap/Overpass", "highway": "footway", "surface": null, "feature_type": "road", "nearest_transect_id": "T11", "erosion_rate_m_per_year": 1.411, "distance_to_shoreline_m": 65.2, "years_to_impact": 46.2, "risk_level": "bajo", "risk_explanation": "Impacto estimado después de 30 años", "horizon_years": 30, "exposed_length_m": 0.0, "exposed_area_m2": null }, "geometry": { "type": "LineString", "coordinates": [ [ -71.5912019, -33.03261830000001 ], [ -71.5911822, -33.0326725 ], [ -71.5911679, -33.0327161 ] ] } },
{ "type": "Feature", "properties": { "osm_id": "way/649139823", "name": null, "source": "OpenStreetMap/Overpass", "highway": "footway", "surface": null, "feature_type": "road", "nearest_transect_id": "T11", "erosion_rate_m_per_year": 1.411, "distance_to_shoreline_m": 70.0, "years_to_impact": 49.6, "risk_level": "bajo", "risk_explanation": "Impacto estimado después de 30 años", "horizon_years": 30, "exposed_length_m": 0.0, "exposed_area_m2": null }, "geometry": { "type": "LineString", "coordinates": [ [ -71.5911822, -33.0326725 ], [ -71.5911151, -33.0326555 ] ] } },
{ "type": "Feature", "properties": { "osm_id": "way/649139824", "name": null, "source": "OpenStreetMap/Overpass", "highway": "steps", "surface": null, "feature_type": "road", "nearest_transect_id": "T11", "erosion_rate_m_per_year": 1.411, "distance_to_shoreline_m": 57.3, "years_to_impact": 40.6, "risk_level": "bajo", "risk_explanation": "Impacto estimado después de 30 años", "horizon_years": 30, "exposed_length_m": 0.0, "exposed_area_m2": null }, "geometry": { "type": "LineString", "coordinates": [ [ -71.5913311, -33.032650599999982 ], [ -71.5912019, -33.03261830000001 ] ] } },
{ "type": "Feature", "properties": { "osm_id": "way/215649931", "name": null, "source": "OpenStreetMap/Overpass", "highway": "steps", "surface": null, "feature_type": "road", "nearest_transect_id": "T18", "erosion_rate_m_per_year": 1.919, "distance_to_shoreline_m": 69.2, "years_to_impact": 36.1, "risk_level": "bajo", "risk_explanation": "Impacto estimado después de 30 años", "horizon_years": 30, "exposed_length_m": 0.0, "exposed_area_m2": null }, "geometry": { "type": "LineString", "coordinates": [ [ -71.5911343, -33.032602199999985 ], [ -71.590929, -33.0325325 ], [ -71.5909528, -33.0324685 ] ] } },
{ "type": "Feature", "properties": { "osm_id": "way/387026604", "name": null, "source": "OpenStreetMap/Overpass", "highway": "service", "surface": null, "feature_type": "road", "nearest_transect_id": "T21", "erosion_rate_m_per_year": 1.878, "distance_to_shoreline_m": 10.9, "years_to_impact": 5.8, "risk_level": "critico", "risk_explanation": "Impacto estimado en menos de 10 años", "horizon_years": 30, "exposed_length_m": 94.7, "exposed_area_m2": null }, "geometry": { "type": "LineString", "coordinates": [ [ -71.5913515, -33.032117 ], [ -71.5916515, -33.0322479 ], [ -71.5916582, -33.0322673 ], [ -71.5916537, -33.0322853 ], [ -71.5916425, -33.0323479 ], [ -71.591625, -33.0323611 ], [ -71.5916047, -33.032366899999985 ], [ -71.591335, -33.0322956 ], [ -71.5913156, -33.032276 ], [ -71.5913053, -33.0322528 ], [ -71.5913515, -33.032117 ] ] } },
{ "type": "Feature", "properties": { "osm_id": "way/215654657", "name": null, "source": "OpenStreetMap/Overpass", "highway": "service", "surface": null, "feature_type": "road", "nearest_transect_id": "T17", "erosion_rate_m_per_year": 1.865, "distance_to_shoreline_m": 15.5, "years_to_impact": 8.3, "risk_level": "critico", "risk_explanation": "Impacto estimado en menos de 10 años", "horizon_years": 30, "exposed_length_m": 70.4, "exposed_area_m2": null }, "geometry": { "type": "LineString", "coordinates": [ [ -71.5908816, -33.032446299999989 ], [ -71.5909123, -33.0323849 ], [ -71.5909438, -33.0323076 ], [ -71.5910273, -33.0319993 ], [ -71.5913515, -33.032117 ] ] } },
{ "type": "Feature", "properties": { "osm_id": "way/1511631089", "name": null, "source": "OpenStreetMap/Overpass", "highway": "footway", "surface": null, "feature_type": "road", "nearest_transect_id": "T15", "erosion_rate_m_per_year": 1.735, "distance_to_shoreline_m": 14.9, "years_to_impact": 8.6, "risk_level": "critico", "risk_explanation": "Impacto estimado en menos de 10 años", "horizon_years": 30, "exposed_length_m": 147.4, "exposed_area_m2": null }, "geometry": { "type": "LineString", "coordinates": [ [ -71.5891798, -33.031012099999984 ], [ -71.5893531, -33.0312243 ], [ -71.5895337, -33.0314322 ], [ -71.589702, -33.031615 ], [ -71.589876, -33.0317942 ], [ -71.589989500000016, -33.0318923 ], [ -71.5901098, -33.0319845 ], [ -71.5902365, -33.0320705 ], [ -71.5903626, -33.0321462 ], [ -71.5904936, -33.0322157 ], [ -71.5906293, -33.0322788 ], [ -71.590769, -33.0323353 ], [ -71.5909123, -33.0323849 ], [ -71.5909902, -33.0324085 ], [ -71.5916536, -33.0325734 ], [ -71.5921596, -33.0326828 ], [ -71.5923224, -33.0327443 ], [ -71.5923309, -33.032840099999987 ] ] } },
{ "type": "Feature", "properties": { "osm_id": "way/45228688", "name": "Avenida Escuadra Libertadora", "source": "OpenStreetMap/Overpass", "highway": "service", "surface": "concrete", "feature_type": "road", "nearest_transect_id": "T15", "erosion_rate_m_per_year": 1.735, "distance_to_shoreline_m": 18.4, "years_to_impact": 10.6, "risk_level": "moderado", "risk_explanation": "Impacto estimado entre 10 y 30 años", "horizon_years": 30, "exposed_length_m": 141.2, "exposed_area_m2": null }, "geometry": { "type": "LineString", "coordinates": [ [ -71.5923309, -33.032840099999987 ], [ -71.5914294, -33.0326017 ], [ -71.5911928, -33.0325414 ], [ -71.5910574, -33.0325016 ], [ -71.5909528, -33.0324685 ], [ -71.5908816, -33.032446299999989 ], [ -71.5907007, -33.0323817 ], [ -71.5905145, -33.032313 ], [ -71.5903096, -33.032202 ], [ -71.590198, -33.0321295 ], [ -71.5900721, -33.032030800000015 ], [ -71.5899623, -33.0319437 ], [ -71.589839, -33.0318404 ], [ -71.5897304, -33.0317459 ], [ -71.5896116, -33.0316295 ], [ -71.5894864, -33.0314883 ], [ -71.5893926, -33.0313652 ], [ -71.5893089, -33.031249 ], [ -71.5891253, -33.031029 ], [ -71.5890535, -33.0309313 ] ] } },
{ "type": "Feature", "properties": { "osm_id": "way/550280272", "name": "Avenida España", "source": "OpenStreetMap/Overpass", "highway": "primary", "surface": "concrete", "feature_type": "road", "nearest_transect_id": "T06", "erosion_rate_m_per_year": 0.941, "distance_to_shoreline_m": 116.9, "years_to_impact": 124.3, "risk_level": "bajo", "risk_explanation": "Impacto estimado después de 30 años", "horizon_years": 30, "exposed_length_m": 0.0, "exposed_area_m2": null }, "geometry": { "type": "LineString", "coordinates": [ [ -71.5898377, -33.0323942 ], [ -71.5900874, -33.0325529 ], [ -71.5902641, -33.0326382 ], [ -71.5904865, -33.0327455 ] ] } },
{ "type": "Feature", "properties": { "osm_id": "way/32895877", "name": "Numancia", "source": "OpenStreetMap/Overpass", "highway": "residential", "surface": "concrete", "feature_type": "road", "nearest_transect_id": "T07", "erosion_rate_m_per_year": 1.049, "distance_to_shoreline_m": 158.8, "years_to_impact": 151.5, "risk_level": "bajo", "risk_explanation": "Impacto estimado después de 30 años", "horizon_years": 30, "exposed_length_m": 0.0, "exposed_area_m2": null }, "geometry": { "type": "LineString", "coordinates": [ [ -71.5882868, -33.0325972 ], [ -71.5884669, -33.0324201 ], [ -71.5886656, -33.0322057 ], [ -71.5887072, -33.0321843 ], [ -71.5887452, -33.0321795 ], [ -71.588977, -33.0321954 ] ] } },
{ "type": "Feature", "properties": { "osm_id": "way/56006086", "name": "Avenida España", "source": "OpenStreetMap/Overpass", "highway": "service", "surface": "concrete", "feature_type": "road", "nearest_transect_id": "T13", "erosion_rate_m_per_year": 1.573, "distance_to_shoreline_m": 88.2, "years_to_impact": 56.1, "risk_level": "bajo", "risk_explanation": "Impacto estimado después de 30 años", "horizon_years": 30, "exposed_length_m": 0.0, "exposed_area_m2": null }, "geometry": { "type": "LineString", "coordinates": [ [ -71.5903096, -33.032202 ], [ -71.590242, -33.0322787 ], [ -71.5902206, -33.0323089 ], [ -71.5902025, -33.0323586 ], [ -71.5901852, -33.0323991 ] ] } },
{ "type": "Feature", "properties": { "osm_id": "way/56006085", "name": "Avenida España", "source": "OpenStreetMap/Overpass", "highway": "service", "surface": "concrete", "feature_type": "road", "nearest_transect_id": "T13", "erosion_rate_m_per_year": 1.573, "distance_to_shoreline_m": 94.7, "years_to_impact": 60.2, "risk_level": "bajo", "risk_explanation": "Impacto estimado después de 30 años", "horizon_years": 30, "exposed_length_m": 0.0, "exposed_area_m2": null }, "geometry": { "type": "LineString", "coordinates": [ [ -71.5901852, -33.0323991 ], [ -71.5901257, -33.0323818 ], [ -71.5901056, -33.0323526 ], [ -71.5900966, -33.032329199999985 ], [ -71.5900935, -33.0323087 ], [ -71.5900989, -33.0322907 ], [ -71.5901089, -33.0322443 ], [ -71.5901334, -33.032210199999987 ], [ -71.590198, -33.0321295 ] ] } },
{ "type": "Feature", "properties": { "osm_id": "way/1111169739", "name": "Avenida España", "source": "OpenStreetMap/Overpass", "highway": "primary", "surface": "concrete", "feature_type": "road", "nearest_transect_id": "T10", "erosion_rate_m_per_year": 1.33, "distance_to_shoreline_m": 115.1, "years_to_impact": 86.6, "risk_level": "bajo", "risk_explanation": "Impacto estimado después de 30 años", "horizon_years": 30, "exposed_length_m": 0.0, "exposed_area_m2": null }, "geometry": { "type": "LineString", "coordinates": [ [ -71.5893173, -33.0318601 ], [ -71.5894894, -33.0320703 ], [ -71.5896469, -33.0322466 ], [ -71.5898377, -33.0323942 ] ] } },
{ "type": "Feature", "properties": { "osm_id": "way/56006141", "name": "Numancia", "source": "OpenStreetMap/Overpass", "highway": "residential", "surface": "concrete", "feature_type": "road", "nearest_transect_id": "T14", "erosion_rate_m_per_year": 1.654, "distance_to_shoreline_m": 133.9, "years_to_impact": 80.9, "risk_level": "bajo", "risk_explanation": "Impacto estimado después de 30 años", "horizon_years": 30, "exposed_length_m": 0.0, "exposed_area_m2": null }, "geometry": { "type": "LineString", "coordinates": [ [ -71.588977, -33.0321954 ], [ -71.5890225, -33.0322001 ], [ -71.5892014, -33.0320817 ], [ -71.5892731, -33.0320344 ] ] } },
{ "type": "Feature", "properties": { "osm_id": "way/731772214", "name": "Avenida España", "source": "OpenStreetMap/Overpass", "highway": "primary", "surface": "concrete", "feature_type": "road", "nearest_transect_id": "T09", "erosion_rate_m_per_year": 1.249, "distance_to_shoreline_m": 101.2, "years_to_impact": 81.1, "risk_level": "bajo", "risk_explanation": "Impacto estimado después de 30 años", "horizon_years": 30, "exposed_length_m": 0.0, "exposed_area_m2": null }, "geometry": { "type": "LineString", "coordinates": [ [ -71.5897694, -33.0324965 ], [ -71.5896327, -33.0324 ], [ -71.589430900000011, -33.0322211 ], [ -71.5892731, -33.0320344 ], [ -71.5891469, -33.0318384 ], [ -71.5890179, -33.0316702 ] ] } },
{ "type": "Feature", "properties": { "osm_id": "way/41166367", "name": null, "source": "OpenStreetMap/Overpass", "highway": "steps", "surface": "concrete", "feature_type": "road", "nearest_transect_id": "T05", "erosion_rate_m_per_year": 0.832, "distance_to_shoreline_m": 152.2, "years_to_impact": 182.8, "risk_level": "bajo", "risk_explanation": "Impacto estimado después de 30 años", "horizon_years": 30, "exposed_length_m": 0.0, "exposed_area_m2": null }, "geometry": { "type": "LineString", "coordinates": [ [ -71.5879654, -33.0317219 ], [ -71.588118, -33.0318042 ], [ -71.5883279, -33.031886 ], [ -71.5886891, -33.0321268 ], [ -71.5887452, -33.0321795 ] ] } },
{ "type": "Feature", "properties": { "osm_id": "way/149779282", "name": null, "source": "OpenStreetMap/Overpass", "highway": "footway", "surface": null, "feature_type": "road", "nearest_transect_id": "T12", "erosion_rate_m_per_year": 1.492, "distance_to_shoreline_m": 8.1, "years_to_impact": 5.4, "risk_level": "critico", "risk_explanation": "Impacto estimado en menos de 10 años", "horizon_years": 30, "exposed_length_m": 39.0, "exposed_area_m2": null }, "geometry": { "type": "LineString", "coordinates": [ [ -71.5905626, -33.0312969 ], [ -71.5903267, -33.0315982 ] ] } },
{ "type": "Feature", "properties": { "osm_id": "way/149779280", "name": null, "source": "OpenStreetMap/Overpass", "highway": "service", "surface": null, "feature_type": "road", "nearest_transect_id": "T10", "erosion_rate_m_per_year": 1.33, "distance_to_shoreline_m": 10.8, "years_to_impact": 8.1, "risk_level": "critico", "risk_explanation": "Impacto estimado en menos de 10 años", "horizon_years": 30, "exposed_length_m": 209.7, "exposed_area_m2": null }, "geometry": { "type": "LineString", "coordinates": [ [ -71.5910538, -33.0317086 ], [ -71.5905248, -33.031509599999985 ], [ -71.5902843, -33.0313923 ], [ -71.5898268, -33.0311534 ], [ -71.589664400000018, -33.0310352 ], [ -71.5895156, -33.0309193 ], [ -71.5894351, -33.0309013 ], [ -71.58938950000001, -33.0309069 ], [ -71.5893036, -33.0309485 ], [ -71.5891798, -33.031012099999984 ], [ -71.5891253, -33.031029 ] ] } },
{ "type": "Feature", "properties": { "osm_id": "way/746004520", "name": null, "source": "OpenStreetMap/Overpass", "highway": "service", "surface": null, "feature_type": "road", "nearest_transect_id": "T17", "erosion_rate_m_per_year": 1.865, "distance_to_shoreline_m": 7.4, "years_to_impact": 4.0, "risk_level": "critico", "risk_explanation": "Impacto estimado en menos de 10 años", "horizon_years": 30, "exposed_length_m": 33.6, "exposed_area_m2": null }, "geometry": { "type": "LineString", "coordinates": [ [ -71.5910273, -33.0319993 ], [ -71.5910782, -33.0317537 ], [ -71.5910782, -33.0317335 ], [ -71.5910701, -33.03172 ], [ -71.5910538, -33.0317086 ] ] } },
{ "type": "Feature", "properties": { "osm_id": "way/685149997", "name": null, "source": "OpenStreetMap/Overpass", "highway": "service", "surface": null, "feature_type": "road", "nearest_transect_id": "T11", "erosion_rate_m_per_year": 1.411, "distance_to_shoreline_m": 1.8, "years_to_impact": 1.3, "risk_level": "critico", "risk_explanation": "Impacto estimado en menos de 10 años", "horizon_years": 30, "exposed_length_m": 28.3, "exposed_area_m2": null }, "geometry": { "type": "LineString", "coordinates": [ [ -71.5906831, -33.031292 ], [ -71.590652, -33.0313347 ], [ -71.5905248, -33.031509599999985 ] ] } },
{ "type": "Feature", "properties": { "osm_id": "way/387026606", "name": null, "source": "OpenStreetMap/Overpass", "highway": "steps", "surface": null, "feature_type": "road", "nearest_transect_id": "T12", "erosion_rate_m_per_year": 1.492, "distance_to_shoreline_m": 7.3, "years_to_impact": 4.9, "risk_level": "critico", "risk_explanation": "Impacto estimado en menos de 10 años", "horizon_years": 30, "exposed_length_m": 9.3, "exposed_area_m2": null }, "geometry": { "type": "LineString", "coordinates": [ [ -71.590652, -33.0313347 ], [ -71.5905626, -33.0312969 ] ] } },
{ "type": "Feature", "properties": { "osm_id": "way/56220827", "name": "Avenida Escuadra Libertadora", "source": "OpenStreetMap/Overpass", "highway": "service", "surface": "compacted", "feature_type": "road", "nearest_transect_id": "T01", "erosion_rate_m_per_year": 0.4, "distance_to_shoreline_m": 23.7, "years_to_impact": 59.3, "risk_level": "bajo", "risk_explanation": "Impacto estimado después de 30 años", "horizon_years": 30, "exposed_length_m": 0.0, "exposed_area_m2": null }, "geometry": { "type": "LineString", "coordinates": [ [ -71.5890535, -33.0309313 ], [ -71.5885439, -33.03039840000001 ], [ -71.5879538, -33.02992170000001 ], [ -71.5874442, -33.0294944 ], [ -71.5873415, -33.0293966 ], [ -71.5872448, -33.0292946 ], [ -71.5871545, -33.029188599999983 ], [ -71.5870774, -33.029088199999983 ], [ -71.587006100000011, -33.0289849 ], [ -71.5869853, -33.0289484 ], [ -71.5869405, -33.028878799999987 ], [ -71.5868809, -33.0287704 ], [ -71.5866179, -33.028277 ], [ -71.5865255, -33.0281036 ], [ -71.5865049, -33.0280619 ], [ -71.5860532, -33.027145 ] ] } },
{ "type": "Feature", "properties": { "osm_id": "way/1511631088", "name": null, "source": "OpenStreetMap/Overpass", "highway": "footway", "surface": null, "feature_type": "road", "nearest_transect_id": "T01", "erosion_rate_m_per_year": 0.4, "distance_to_shoreline_m": 18.4, "years_to_impact": 46.0, "risk_level": "bajo", "risk_explanation": "Impacto estimado después de 30 años", "horizon_years": 30, "exposed_length_m": 0.0, "exposed_area_m2": null }, "geometry": { "type": "LineString", "coordinates": [ [ -71.5859324, -33.0269909 ], [ -71.5860492, -33.0269438 ], [ -71.5861791, -33.0269808 ], [ -71.5862757, -33.0270325 ], [ -71.586378, -33.0271667 ], [ -71.5865586, -33.027591 ], [ -71.5866802, -33.0279538 ], [ -71.5867839, -33.0281742 ], [ -71.5869448, -33.028441 ], [ -71.5871129, -33.0287738 ], [ -71.5872899, -33.0291876 ], [ -71.5874848, -33.02943350000001 ], [ -71.588172, -33.0300424 ], [ -71.5886119, -33.0303505 ], [ -71.5887383, -33.0305698 ], [ -71.5890745, -33.0308876 ], [ -71.5891798, -33.031012099999984 ] ] } },
{ "type": "Feature", "properties": { "osm_id": "way/1420128176", "name": null, "source": "OpenStreetMap/Overpass", "highway": "service", "surface": null, "feature_type": "road", "nearest_transect_id": "T01", "erosion_rate_m_per_year": 0.4, "distance_to_shoreline_m": 220.8, "years_to_impact": 552.0, "risk_level": "bajo", "risk_explanation": "Impacto estimado después de 30 años", "horizon_years": 30, "exposed_length_m": 0.0, "exposed_area_m2": null }, "geometry": { "type": "LineString", "coordinates": [ [ -71.5869853, -33.0289484 ], [ -71.5869945, -33.0288731 ], [ -71.5869851, -33.0287798 ], [ -71.5869583, -33.0286651 ], [ -71.5867987, -33.0283818 ], [ -71.5867732, -33.0283402 ], [ -71.5866179, -33.028277 ] ] } },
{ "type": "Feature", "properties": { "osm_id": "way/927693855", "name": null, "source": "OpenStreetMap/Overpass", "highway": "service", "surface": "paved", "feature_type": "road", "nearest_transect_id": "T01", "erosion_rate_m_per_year": 0.4, "distance_to_shoreline_m": 455.8, "years_to_impact": 1139.6, "risk_level": "bajo", "risk_explanation": "Impacto estimado después de 30 años", "horizon_years": 30, "exposed_length_m": 0.0, "exposed_area_m2": null }, "geometry": { "type": "LineString", "coordinates": [ [ -71.584896, -33.0277591 ], [ -71.5847204, -33.0275344 ], [ -71.5845164, -33.0276464 ], [ -71.5842812, -33.0277755 ], [ -71.5842573, -33.0277886 ], [ -71.5840241, -33.0279167 ] ] } },
{ "type": "Feature", "properties": { "osm_id": "way/1420127131", "name": null, "source": "OpenStreetMap/Overpass", "highway": "service", "surface": null, "feature_type": "road", "nearest_transect_id": "T01", "erosion_rate_m_per_year": 0.4, "distance_to_shoreline_m": 321.7, "years_to_impact": 804.3, "risk_level": "bajo", "risk_explanation": "Impacto estimado después de 30 años", "horizon_years": 30, "exposed_length_m": 0.0, "exposed_area_m2": null }, "geometry": { "type": "LineString", "coordinates": [ [ -71.5865049, -33.0280619 ], [ -71.5865681, -33.0279196 ], [ -71.5865546, -33.0277723 ], [ -71.5861791, -33.0269808 ] ] } },
{ "type": "Feature", "properties": { "osm_id": "way/731772212", "name": "Avenida España", "source": "OpenStreetMap/Overpass", "highway": "primary", "surface": "concrete", "feature_type": "road", "nearest_transect_id": "T01", "erosion_rate_m_per_year": 0.4, "distance_to_shoreline_m": 374.0, "years_to_impact": 935.0, "risk_level": "bajo", "risk_explanation": "Impacto estimado después de 30 años", "horizon_years": 30, "exposed_length_m": 0.0, "exposed_area_m2": null }, "geometry": { "type": "LineString", "coordinates": [ [ -71.58591, -33.027891099999984 ], [ -71.5857818, -33.0276068 ], [ -71.5856296, -33.0273087 ], [ -71.5855303, -33.0271544 ], [ -71.5854652, -33.0270608 ], [ -71.5853554, -33.026934899999986 ], [ -71.5852402, -33.0268181 ], [ -71.585083, -33.026687 ], [ -71.5849664, -33.0265932 ], [ -71.5848421, -33.026506500000011 ], [ -71.5847108, -33.0264274 ], [ -71.5845731, -33.0263564 ], [ -71.5844298, -33.0262938 ], [ -71.5842815, -33.0262398 ], [ -71.5841785, -33.0262083 ], [ -71.5840739, -33.026181 ] ] } },
{ "type": "Feature", "properties": { "osm_id": "way/494572350", "name": null, "source": "OpenStreetMap/Overpass", "highway": "service", "surface": "wood", "feature_type": "road", "nearest_transect_id": "T01", "erosion_rate_m_per_year": 0.4, "distance_to_shoreline_m": 494.4, "years_to_impact": 1236.0, "risk_level": "bajo", "risk_explanation": "Impacto estimado después de 30 años", "horizon_years": 30, "exposed_length_m": 0.0, "exposed_area_m2": null }, "geometry": { "type": "LineString", "coordinates": [ [ -71.5856779, -33.0266253 ], [ -71.5856212, -33.0266614 ], [ -71.585586, -33.02668 ], [ -71.5855477, -33.0267014 ], [ -71.5854859, -33.0267404 ] ] } },
{ "type": "Feature", "properties": { "osm_id": "way/494572351", "name": null, "source": "OpenStreetMap/Overpass", "highway": "service", "surface": "unpaved", "feature_type": "road", "nearest_transect_id": "T01", "erosion_rate_m_per_year": 0.4, "distance_to_shoreline_m": 485.7, "years_to_impact": 1214.3, "risk_level": "bajo", "risk_explanation": "Impacto estimado después de 30 años", "horizon_years": 30, "exposed_length_m": 0.0, "exposed_area_m2": null }, "geometry": { "type": "LineString", "coordinates": [ [ -71.5855336, -33.0268183 ], [ -71.5854859, -33.0267404 ], [ -71.5853622, -33.0266398 ], [ -71.5850715, -33.0264184 ], [ -71.5848259, -33.026247699999985 ], [ -71.5845292, -33.026106399999989 ], [ -71.584454, -33.0260571 ] ] } },
{ "type": "Feature", "properties": { "osm_id": "way/357918742", "name": null, "source": "OpenStreetMap/Overpass", "highway": "service", "surface": null, "feature_type": "road", "nearest_transect_id": "T01", "erosion_rate_m_per_year": 0.4, "distance_to_shoreline_m": 427.3, "years_to_impact": 1068.2, "risk_level": "bajo", "risk_explanation": "Impacto estimado después de 30 años", "horizon_years": 30, "exposed_length_m": 0.0, "exposed_area_m2": null }, "geometry": { "type": "LineString", "coordinates": [ [ -71.585560341596675, -33.025784298975168 ], [ -71.5856095, -33.025817 ], [ -71.5858281, -33.0265569 ], [ -71.5859206, -33.026738 ], [ -71.5860454, -33.0269235 ], [ -71.5860492, -33.0269438 ], [ -71.5860544, -33.0270269 ], [ -71.5860532, -33.027145 ] ] } },
{ "type": "Feature", "properties": { "osm_id": "way/1081960219", "name": null, "source": "OpenStreetMap/Overpass", "highway": "service", "surface": null, "feature_type": "road", "nearest_transect_id": "T01", "erosion_rate_m_per_year": 0.4, "distance_to_shoreline_m": 565.5, "years_to_impact": 1413.8, "risk_level": "bajo", "risk_explanation": "Impacto estimado después de 30 años", "horizon_years": 30, "exposed_length_m": 0.0, "exposed_area_m2": null }, "geometry": { "type": "LineString", "coordinates": [ [ -71.5848933, -33.0263305 ], [ -71.5846851, -33.02626 ], [ -71.58426, -33.0261656 ], [ -71.5841614, -33.0261738 ], [ -71.5840739, -33.026181 ] ] } },
{ "type": "Feature", "properties": { "osm_id": "way/574646714", "name": "Pasaje Amunátegui", "source": "OpenStreetMap/Overpass", "highway": "living_street", "surface": "paved", "feature_type": "road", "nearest_transect_id": "T02", "erosion_rate_m_per_year": 0.508, "distance_to_shoreline_m": 549.0, "years_to_impact": 1080.4, "risk_level": "bajo", "risk_explanation": "Impacto estimado después de 30 años", "horizon_years": 30, "exposed_length_m": 0.0, "exposed_area_m2": null }, "geometry": { "type": "LineString", "coordinates": [ [ -71.5834763, -33.0281285 ], [ -71.5834867, -33.0280724 ] ] } },
{ "type": "Feature", "properties": { "osm_id": "way/927693857", "name": null, "source": "OpenStreetMap/Overpass", "highway": "service", "surface": "paved", "feature_type": "road", "nearest_transect_id": "T01", "erosion_rate_m_per_year": 0.4, "distance_to_shoreline_m": 507.4, "years_to_impact": 1268.4, "risk_level": "bajo", "risk_explanation": "Impacto estimado después de 30 años", "horizon_years": 30, "exposed_length_m": 0.0, "exposed_area_m2": null }, "geometry": { "type": "LineString", "coordinates": [ [ -71.5840132, -33.027934 ], [ -71.5840314, -33.027968 ], [ -71.5840189, -33.0280382 ], [ -71.5840153, -33.0280596 ] ] } },
{ "type": "Feature", "properties": { "osm_id": "way/574646722", "name": null, "source": "OpenStreetMap/Overpass", "highway": "service", "surface": "paved", "feature_type": "road", "nearest_transect_id": "T01", "erosion_rate_m_per_year": 0.4, "distance_to_shoreline_m": 513.0, "years_to_impact": 1282.6, "risk_level": "bajo", "risk_explanation": "Impacto estimado después de 30 años", "horizon_years": 30, "exposed_length_m": 0.0, "exposed_area_m2": null }, "geometry": { "type": "LineString", "coordinates": [ [ -71.5839522, -33.0280506 ], [ -71.5839586, -33.0280225 ], [ -71.5839757, -33.0279565 ], [ -71.5840132, -33.027934 ] ] } },
{ "type": "Feature", "properties": { "osm_id": "way/1419893226", "name": "Pasaje Amunátegui", "source": "OpenStreetMap/Overpass", "highway": "living_street", "surface": "paved", "feature_type": "road", "nearest_transect_id": "T01", "erosion_rate_m_per_year": 0.4, "distance_to_shoreline_m": 550.8, "years_to_impact": 1376.9, "risk_level": "bajo", "risk_explanation": "Impacto estimado después de 30 años", "horizon_years": 30, "exposed_length_m": 0.0, "exposed_area_m2": null }, "geometry": { "type": "LineString", "coordinates": [ [ -71.5834867, -33.0280724 ], [ -71.5835492, -33.0278645 ] ] } },
{ "type": "Feature", "properties": { "osm_id": "way/927693856", "name": null, "source": "OpenStreetMap/Overpass", "highway": "service", "surface": null, "feature_type": "road", "nearest_transect_id": "T01", "erosion_rate_m_per_year": 0.4, "distance_to_shoreline_m": 514.3, "years_to_impact": 1285.7, "risk_level": "bajo", "risk_explanation": "Impacto estimado después de 30 años", "horizon_years": 30, "exposed_length_m": 0.0, "exposed_area_m2": null }, "geometry": { "type": "LineString", "coordinates": [ [ -71.5840132, -33.027934 ], [ -71.5840241, -33.0279167 ] ] } },
{ "type": "Feature", "properties": { "osm_id": "way/574646716", "name": null, "source": "OpenStreetMap/Overpass", "highway": "service", "surface": "paved", "feature_type": "road", "nearest_transect_id": "T01", "erosion_rate_m_per_year": 0.4, "distance_to_shoreline_m": 489.4, "years_to_impact": 1223.5, "risk_level": "bajo", "risk_explanation": "Impacto estimado después de 30 años", "horizon_years": 30, "exposed_length_m": 0.0, "exposed_area_m2": null }, "geometry": { "type": "LineString", "coordinates": [ [ -71.5842812, -33.0277755 ], [ -71.5843623, -33.0278791 ] ] } },
{ "type": "Feature", "properties": { "osm_id": "way/574646719", "name": null, "source": "OpenStreetMap/Overpass", "highway": "service", "surface": "paved", "feature_type": "road", "nearest_transect_id": "T01", "erosion_rate_m_per_year": 0.4, "distance_to_shoreline_m": 503.1, "years_to_impact": 1257.7, "risk_level": "bajo", "risk_explanation": "Impacto estimado después de 30 años", "horizon_years": 30, "exposed_length_m": 0.0, "exposed_area_m2": null }, "geometry": { "type": "LineString", "coordinates": [ [ -71.5842573, -33.0277886 ], [ -71.5841363, -33.0276171 ] ] } },
{ "type": "Feature", "properties": { "osm_id": "way/574646717", "name": null, "source": "OpenStreetMap/Overpass", "highway": "service", "surface": "paved", "feature_type": "road", "nearest_transect_id": "T01", "erosion_rate_m_per_year": 0.4, "distance_to_shoreline_m": 519.8, "years_to_impact": 1299.6, "risk_level": "bajo", "risk_explanation": "Impacto estimado después de 30 años", "horizon_years": 30, "exposed_length_m": 0.0, "exposed_area_m2": null }, "geometry": { "type": "LineString", "coordinates": [ [ -71.583867, -33.0277219 ], [ -71.5839834, -33.0276424 ], [ -71.5840186, -33.027661 ], [ -71.5840747, -33.0277494 ] ] } },
{ "type": "Feature", "properties": { "osm_id": "way/574646720", "name": null, "source": "OpenStreetMap/Overpass", "highway": "service", "surface": "paved", "feature_type": "road", "nearest_transect_id": "T01", "erosion_rate_m_per_year": 0.4, "distance_to_shoreline_m": 491.8, "years_to_impact": 1229.6, "risk_level": "bajo", "risk_explanation": "Impacto estimado después de 30 años", "horizon_years": 30, "exposed_length_m": 0.0, "exposed_area_m2": null }, "geometry": { "type": "LineString", "coordinates": [ [ -71.5845164, -33.0276464 ], [ -71.5843596, -33.0274558 ] ] } },
{ "type": "Feature", "properties": { "osm_id": "way/574646721", "name": null, "source": "OpenStreetMap/Overpass", "highway": "service", "surface": "paved", "feature_type": "road", "nearest_transect_id": "T01", "erosion_rate_m_per_year": 0.4, "distance_to_shoreline_m": 514.4, "years_to_impact": 1285.9, "risk_level": "bajo", "risk_explanation": "Impacto estimado después de 30 años", "horizon_years": 30, "exposed_length_m": 0.0, "exposed_area_m2": null }, "geometry": { "type": "LineString", "coordinates": [ [ -71.5840241, -33.0279167 ], [ -71.5840055, -33.027894899999986 ], [ -71.583867, -33.0277219 ], [ -71.5838349, -33.0276728 ], [ -71.583812, -33.0276202 ], [ -71.5837987, -33.0275654 ], [ -71.5837954, -33.0275303 ], [ -71.583796100000015, -33.027495 ], [ -71.5838131, -33.0273679 ], [ -71.58383670000002, -33.0272243 ], [ -71.583835, -33.027180199999989 ], [ -71.5838227, -33.0271332 ], [ -71.5838001, -33.0270891 ], [ -71.5837678, -33.0270493 ], [ -71.5836679, -33.026878600000011 ], [ -71.5836447, -33.0268616 ], [ -71.583341927441268, -33.026806962867241 ] ] } },
{ "type": "Feature", "properties": { "osm_id": "way/574646718", "name": null, "source": "OpenStreetMap/Overpass", "highway": "service", "surface": "paved", "feature_type": "road", "nearest_transect_id": "T01", "erosion_rate_m_per_year": 0.4, "distance_to_shoreline_m": 562.9, "years_to_impact": 1407.2, "risk_level": "bajo", "risk_explanation": "Impacto estimado después de 30 años", "horizon_years": 30, "exposed_length_m": 0.0, "exposed_area_m2": null }, "geometry": { "type": "LineString", "coordinates": [ [ -71.583835, -33.027180199999989 ], [ -71.5841153, -33.0270336 ] ] } },
{ "type": "Feature", "properties": { "osm_id": "way/23629844", "name": "Juan José Latorre 70", "source": "OpenStreetMap/Overpass", "highway": "living_street", "surface": null, "feature_type": "road", "nearest_transect_id": "T01", "erosion_rate_m_per_year": 0.4, "distance_to_shoreline_m": 607.6, "years_to_impact": 1519.1, "risk_level": "bajo", "risk_explanation": "Impacto estimado después de 30 años", "horizon_years": 30, "exposed_length_m": 0.0, "exposed_area_m2": null }, "geometry": { "type": "LineString", "coordinates": [ [ -71.5834674, -33.0270885 ], [ -71.583349785116226, -33.027076064844572 ] ] } },
{ "type": "Feature", "properties": { "osm_id": "way/432697117", "name": "Avenida Escuadra Libertadora", "source": "OpenStreetMap/Overpass", "highway": "service", "surface": "compacted", "feature_type": "road", "nearest_transect_id": "T01", "erosion_rate_m_per_year": 0.4, "distance_to_shoreline_m": 427.3, "years_to_impact": 1068.2, "risk_level": "bajo", "risk_explanation": "Impacto estimado después de 30 años", "horizon_years": 30, "exposed_length_m": 0.0, "exposed_area_m2": null }, "geometry": { "type": "LineString", "coordinates": [ [ -71.5860532, -33.027145 ], [ -71.5859324, -33.0269909 ], [ -71.5858779, -33.0268952 ], [ -71.5858172, -33.0268022 ], [ -71.5857505, -33.0267121 ], [ -71.5856779, -33.0266253 ], [ -71.5855834, -33.0265257 ], [ -71.5854812, -33.0264316 ], [ -71.5853718, -33.0263434 ], [ -71.5852557, -33.0262615 ], [ -71.5851333, -33.0261862 ], [ -71.5850142, -33.0261224 ], [ -71.5848907, -33.0260648 ], [ -71.5847631, -33.0260138 ], [ -71.5846956, -33.0259631 ], [ -71.5846454, -33.0259099 ], [ -71.5845967, -33.0258646 ], [ -71.584529245727239, -33.025805725437365 ] ] } },
{ "type": "Feature", "properties": { "osm_id": "way/731772211", "name": "Avenida España", "source": "OpenStreetMap/Overpass", "highway": "primary", "surface": "concrete", "feature_type": "road", "nearest_transect_id": "T01", "erosion_rate_m_per_year": 0.4, "distance_to_shoreline_m": 629.4, "years_to_impact": 1573.6, "risk_level": "bajo", "risk_explanation": "Impacto estimado después de 30 años", "horizon_years": 30, "exposed_length_m": 0.0, "exposed_area_m2": null }, "geometry": { "type": "LineString", "coordinates": [ [ -71.5840739, -33.026181 ], [ -71.5839264, -33.026143599999983 ], [ -71.5837762, -33.0261144 ], [ -71.5836241, -33.0260934 ], [ -71.5834707, -33.0260809 ], [ -71.583320607233617, -33.02607680921728 ] ] } },
{ "type": "Feature", "properties": { "osm_id": "way/1081960224", "name": null, "source": "OpenStreetMap/Overpass", "highway": "footway", "surface": null, "feature_type": "road", "nearest_transect_id": "T01", "erosion_rate_m_per_year": 0.4, "distance_to_shoreline_m": 615.1, "years_to_impact": 1537.9, "risk_level": "bajo", "risk_explanation": "Impacto estimado después de 30 años", "horizon_years": 30, "exposed_length_m": 0.0, "exposed_area_m2": null }, "geometry": { "type": "LineString", "coordinates": [ [ -71.5841614, -33.0261738 ], [ -71.5843211, -33.0261257 ], [ -71.5843914, -33.026106 ], [ -71.5844229, -33.0260739 ], [ -71.5844429, -33.0260441 ] ] } },
{ "type": "Feature", "properties": { "osm_id": "way/504325934", "name": null, "source": "OpenStreetMap/Overpass", "highway": "service", "surface": "unpaved", "feature_type": "road", "nearest_transect_id": "T01", "erosion_rate_m_per_year": 0.4, "distance_to_shoreline_m": 600.4, "years_to_impact": 1501.0, "risk_level": "bajo", "risk_explanation": "Impacto estimado después de 30 años", "horizon_years": 30, "exposed_length_m": 0.0, "exposed_area_m2": null }, "geometry": { "type": "LineString", "coordinates": [ [ -71.5847631, -33.0260138 ], [ -71.584604, -33.0259806 ], [ -71.5843435, -33.025914599999986 ], [ -71.5839037, -33.0258201 ], [ -71.583889551499098, -33.025819018463331 ] ] } },
{ "type": "Feature", "properties": { "osm_id": "way/28807762", "name": null, "source": "OpenStreetMap/Overpass", "highway": "footway", "surface": "paving_stones", "feature_type": "road", "nearest_transect_id": "T01", "erosion_rate_m_per_year": 0.4, "distance_to_shoreline_m": 500.3, "years_to_impact": 1250.8, "risk_level": "bajo", "risk_explanation": "Impacto estimado después de 30 años", "horizon_years": 30, "exposed_length_m": 0.0, "exposed_area_m2": null }, "geometry": { "type": "LineString", "coordinates": [ [ -71.58421271973846, -33.02581230293643 ], [ -71.5843955, -33.0258969 ], [ -71.5845487, -33.0259774 ], [ -71.5847994, -33.0261675 ], [ -71.5849855, -33.026346600000011 ], [ -71.5851371, -33.0264883 ], [ -71.5852524, -33.0265951 ], [ -71.5853451, -33.0267787 ] ] } },
{ "type": "Feature", "properties": { "osm_id": "way/24863700", "name": "Avenida España", "source": "OpenStreetMap/Overpass", "highway": "primary", "surface": "concrete", "feature_type": "road", "nearest_transect_id": "T01", "erosion_rate_m_per_year": 0.4, "distance_to_shoreline_m": 575.4, "years_to_impact": 1438.4, "risk_level": "bajo", "risk_explanation": "Impacto estimado después de 30 años", "horizon_years": 30, "exposed_length_m": 0.0, "exposed_area_m2": null }, "geometry": { "type": "LineString", "coordinates": [ [ -71.584398, -33.0259522 ], [ -71.584433, -33.0259685 ], [ -71.5845224, -33.0260162 ], [ -71.5846067, -33.0260701 ], [ -71.584685, -33.02613 ], [ -71.584757, -33.0261952 ], [ -71.584822, -33.0262654 ] ] } },
{ "type": "Feature", "properties": { "osm_id": "way/255228101", "name": "Costanera de Valparaíso", "source": "OpenStreetMap/Overpass", "highway": "steps", "surface": null, "feature_type": "road", "nearest_transect_id": "T01", "erosion_rate_m_per_year": 0.4, "distance_to_shoreline_m": 623.0, "years_to_impact": 1557.6, "risk_level": "bajo", "risk_explanation": "Impacto estimado después de 30 años", "horizon_years": 30, "exposed_length_m": 0.0, "exposed_area_m2": null }, "geometry": { "type": "LineString", "coordinates": [ [ -71.5843955, -33.0258969 ], [ -71.584464, -33.0258492 ], [ -71.5845967, -33.0258646 ] ] } },
{ "type": "Feature", "properties": { "osm_id": "way/1081960223", "name": "Avenida España", "source": "OpenStreetMap/Overpass", "highway": "primary", "surface": "concrete", "feature_type": "road", "nearest_transect_id": "T01", "erosion_rate_m_per_year": 0.4, "distance_to_shoreline_m": 627.5, "years_to_impact": 1568.8, "risk_level": "bajo", "risk_explanation": "Impacto estimado después de 30 años", "horizon_years": 30, "exposed_length_m": 0.0, "exposed_area_m2": null }, "geometry": { "type": "LineString", "coordinates": [ [ -71.584088991854159, -33.025814874036662 ], [ -71.584172, -33.0258473 ], [ -71.5842864, -33.0258977 ], [ -71.584398, -33.0259522 ] ] } }
]
}
